,names,currency,prices
0,"عرض خاص "" iphone 6 : 128gb "" كسر زيرو بحاله ممتازه",EGP,4750
1,"ايفون 8 بلس ** 64 جيجا بايت "" جديد "" جولد & جراى ( وارد خارج )",EGP,12300
2,iPhone 7 Plus 128gb,EGP,7900
3,"عـرضـ i phone 8 جديد الكرتونة فقط "" 64 جيجا "" اورجينال 100% """,EGP,10000
4,للبيع او للبدل نوكياان70,EGP,350
5,موبيل سامسونج جلاكسى اس دوس حاله جيده,EGP,500
6,Samsung Note 2,EGP,1650
7,عرض لمده اسبوع فقطI phone 8+64G جديد الكرتونه مفتوحه(وارد الخارج),EGP,12500
8,فون تكنو اف ٣,تبادل,تبادل
9,iphone 7 plus 32عرض خاص لفتره محدوده,EGP,10200
10,اينفنكس hot 6 pro,EGP,2200
11,Samsung not 8,EGP,10500
12,iphone 7 plus •• 128 GIGA •• استيراد من الخارج •• كسر زيرو بالكرتونة,EGP,10000
13,موبايل tecno w5 بصمة,EGP,2000
14,ايفون فور 16 جيجا,EGP,450
15,نوفا 2 بلس,EGP,3750
16,شاومي mi a2 مساحة 64 رام 4 ... Xiaomi,EGP,3800
17,6s بلس,EGP,6500
18,للبيع موبيل A7 2018 كسر زيرو,EGP,4700
19,شاومي A1,EGP,3100
20,سامسونج j 7prime مفيهوش خدش الخرابيش الي في الشاشه دي اسكرينه,EGP,2100
21,لسرعة البيع,EGP,2100
22,Samsung Galaxy Note 8 Clear View Standing Cover Case - Black,EGP,700
23,سامسونج جي 7,EGP,900
24,huawei Y5 2018,EGP,1650
25,OPPOA3Sبكل محتوياتها والضمان استخدم ايام بس مش بدل وبدون فصيل نهائى,EGP,2200
26,iphone 5s,EGP,2000
27,اقوى موبايل وباور بانك خطين وميمورى كارد وشاشة كبيرة وبطارية تصل لشهر,EGP,560
28,موبايل سوني سي 3,EGP,650
29,Iphone 7plus 256g بدل او بيع,EGP,10500
30,للبيع,EGP,900
31,موبايل  htc one E9 plus dual sim,EGP,1600
32,Iphine 8 plus 64 giga like new,EGP,11500
33,Samsung not 3 Gold 4G,EGP,1500
34,مطلوب بورده تيلفون htc 820,EGP,300
35,iphone 7 128g,EGP,7000
36,اوبوf9للبيع موف,EGP,4800
37,هواوي Y7 برو,EGP,1700
38,شاومي نوت4,EGP,1800
39,سامسونج A7 دوس 2015,EGP,500
40,فرصه موبايل جراند نيو بلس للبيع,EGP,799
41,J5 سامسونج,EGP,1100
42,Xiaomi note 5 32g تبااادل,تبادل,تبادل
43,انفنكس نوت 3 بصمة الجهاز محتاج برده,EGP,700
44,جراند براين بلاس زيرووو,EGP,1300
45,Snmsung Galaxy Mega,تبادل,تبادل
46,i phone 7 plus فيرست هاي كوبي,EGP,2500
47,ايفون ٧ ٣٢ جيجا,EGP,6700
48,سامسونج a72018 جديد,EGP,5000
49,سامسونج جلاكسي اس ٣,EGP,1200
50,قناة يوتيوب حققت كل شروط الربح وتحت المراجعة بسعر لن يتكرر فقط 444,EGP,444
51,هواوى ميت10 مساحه٦٤,EGP,2200
52,Oppo f9,EGP,4500
53,Samsung S8 Duos Maple Gold 64 G,EGP,8250
54,Lg v10,EGP,2300
55,Not 5,EGP,2500
56,ايفون,EGP,4500
57,اوبوf5 معاه كل حاجة ولسه في الضمان مفيش خربوش,تبادل,تبادل
58,Sony Xperia,EGP,400
59,موبايل htc820,EGP,1400
60,فون سامسونج j7 prime 2,EGP,3300
61,هوت اس اينفنكس,EGP,1200
62,سامسونج ستار,EGP,200
63,Samsung j7 2015,EGP,1500
64,Samsung J7 prime Gold,EGP,2000
65,ويكو ليني 3ماكس,EGP,1350
66,موبيل تيكنو,EGP,1100
67,iPhone 6s Plus Gold 32 جديد. متبرشم سعر نهايي,EGP,8000
68,جيوني p8w بيع او بدل,EGP,900
69,سامسونج كور برايم للبيع,EGP,650
70,Gr5 2016,EGP,1800
71,Iphone 6 s,EGP,4000
72,Lenovo a 536,EGP,650
73,انفنكس هوت فور اندرويد عالي,EGP,700
74,شاومي نوت4 64جيجا رام4,EGP,2400
75,كسر زيرو +S8,EGP,8500
76,تبديل بي هواوي او اوبو,تبادل,تبادل
77,تليفون لينوفو ٠٦٠ عايز شاشه,EGP,700
78,Huawei mate 20. Pro,EGP,12000
79,OppoA37,EGP,1750
80,Huawei Y6 Pro بشريحتي اتصال الجيل الرابع ١٦ جيجابايت، ٢جيجا رام، اسود,EGP,1700
81,Oppo a3s,EGP,2300
82,Iphone 6 16g,EGP,3000
83,ايفون6,EGP,4000
84,Sonyc4 تبادل,تبادل,تبادل
85,I Phone 5s,EGP,2000
86,موبايل انفنكس نوت 5 استعمال اسبوع فقط,EGP,3350
87,يحيي اشرف,EGP,1250
88,Iphone 6S 64GB Space Grey,EGP,4200
89,iphone 7 plus 32,EGP,10000
90,S7edeg,EGP,7500
91,iPhone 7 32G للبيع او للبدل,EGP,6300
92,J730f,EGP,4000
93,Nova 3 zero,EGP,6300
94,Apple 7 iphone,EGP,6300
95,ايفون 6s,EGP,3900
96,htc u11 plus,EGP,8500
97,Lenovo A5000,EGP,900
98,iphone 6 plus 128 giga,EGP,3000
99,شاومى 8lite ازرق,EGP,3950
100,باب شريحة samsung S7 EDGE original,EGP,150
101,Redmi,EGP,4000
102,لواء وحيد,EGP,260
103,هواوي GR5 بصمة,تبادل,تبادل
104,i phone 6 64 giga,EGP,2500
105,موبايل سامسونج اصلي لعشاق التميز,EGP,300
106,Sony Xperia Xa1 Ultra,EGP,4000
107,هواوي وسوني لقطه,EGP,1900
108,سامسونج S8 بشرحتين بحالة جيدة استخدام شهرين وبجميع مشتملاته الاصلية,EGP,3990
109,Samsung Galaxy A7 128Gb سعة التخزين 4Gb رامات ٣كاميرا خلفيه اساسيه ٢٤,EGP,5200
110,سامسونج جراند نيو بلاص زيروووو,EGP,850
111,Htc 828w,EGP,1600
112,انفنكس,EGP,1600
113,ايفون 5s ذاكره ٦٤ جيجا,EGP,2500
114,لينوفو,EGP,1999
115,IPhone 7 32G Gold with FaceTime,EGP,7500
116,ايفون 5 اس 16 جيجا,EGP,850
117,Lenovo k6 note بحالة الزيرو,EGP,1900
118,سامسونج A82018,تبادل,تبادل
119,Cairo,EGP,4200
120,موبايل لينوفو للبيع,EGP,1500
121,iphone 7 plus 128G like New rose gold,EGP,9000
122,محمود,EGP,2500
123,Iphone 7 plus 256g black,EGP,10800
124,Oppo F5,EGP,3500
125,أيفون 6 بلس ٤٥٠٠ ج لسرعة البيع,EGP,4500
126,تليفون النوكيا المميز جدااااااااااا محتاج بطاريةفقط والبيع لعدم الحاجة,EGP,200
127,بيع موبيل,EGP,1500
128,سونى xa ultra,EGP,2600
129,سامسونج j5 استعمال خفيف جدا,EGP,1350
130,هواوي Y6 Pro,EGP,1400
131,Iphone 6s plus,EGP,6000
132,Oppo f5,EGP,2700
133,نوت ثري محتاج شاشة,EGP,700
134,Hawaii y7,EGP,2500
135,لينوفو اصلي,EGP,150
136,باور بنك سامسونج 20000 الف,EGP,150
137,Huawei Mate 20 - 128GB - 6GB ram - Black,EGP,12000
138,من الاجهزة النادرة جدا من سامسونج a800 جهاز بالاضاءة الزرقاء الجميله,EGP,1000
139,J6 plus Samsung,EGP,2300
140,شاومى 4a كسر زيرو مساحة 32 بدون خرابيش,EGP,1400
141,سوني تي2,EGP,1100
142,ايفرن 7 128 بسعر مميز جدا,EGP,6600
143,Iphone 6 16 giga,EGP,2500
144,S7 edge,EGP,4900
145,J7 core,EGP,2200
146,Samsung Galaxy J7 Prime,EGP,2000
147,جراند برايم بلاس بيع او بدل,EGP,150
148,نوكيا 6,EGP,2700
149,سامسونج Glaxy star 2,EGP,300
150,موبيل Tecno w2,EGP,1000
151,سامسونج نوت 5 كسر زيرو 64 جيجا..,EGP,4200
152,OppoA3S للبدال بايفوووون ٦,تبادل,تبادل
153,Iphone X 64 giga,EGP,13500
154,Lenovo A1000,EGP,500
155,Nokia 1 جديد متبرشم بالضمان,EGP,999
156,ايفون ٨ اسود جراى للبيع,EGP,2300
157,موبيل نوت ٥,EGP,3000
158,موبيل جديد بعلبته وضمانه بكاميرا وخطين وخاصيه تغير الاصوات وميموي,EGP,275
159,سامسونج جلاكسي a7,EGP,2600
160,iPhone 7,EGP,5000
161,موبايل نوكيا دمعه بحالة الزيرو ومعاه الجراب الشفاف الاصلي,EGP,600
162,هواي p8lite حالة كسر كسر الزيرو رامات 2 زاكراة 16 جيجا,EGP,1350
163,ايفون 5s,EGP,1300
164,p9 lite رمات ٣ جيجا هواوي,EGP,1600
165,انفنكس نوت4مساحه 32 رام 3,EGP,2200
166,للبدل,EGP,1000
167,هاااااااااااااااااااااااااااااااااااام,EGP,3600
168,شاومي ريدمي 5,تبادل,تبادل
169,لينوفو VIBE P1 كسر زيرو ذهبي,EGP,2300
170,اتنين ايفون فايف جي وفايف اس للبدل ب ايفون ٦,تبادل,تبادل
171,ايفون 7 بلس 128 جيجا زيرو 10000,EGP,10000
172,جهاز Honor 8x زيرو لم يفتح إلا للتجربه Honor 8x Honor,EGP,4500
173,Iphone 5 32gb,EGP,1600
174,Note 9 sealed with level u gift,EGP,14500
175,Oppo a3s,EGP,2300
176,Huawei (هواوي ميديا باد t3 10) ـ (10 بوصة) ـ استعمال يوم واحد,EGP,3000
177,تبادل ودفع فرق هواوى y5 بدون مشتملات,تبادل,تبادل
178,Redmi note 5,EGP,3000
179,IPhoe6s,EGP,3600
180,شاومى ريدمى 5 بلاس,EGP,2399
181,تلفون للبيع,EGP,12500
182,مبايل سمسونج S3 نيو بابدال oppo f1,Exchange,Exchange
183,الي ناوي يخلص يكلمني ومش هنختلف,تبادل,تبادل
184,للبيع او البدال ايفون SE,EGP,4000
185,ايفون اكس فضي iphone x 64g,EGP,15500
186,فون ابو f9للبيع,EGP,4500
187,موبايل هواوي gr5,EGP,1500
188,Smart watch,EGP,600
189,infinix hot s 4g 3GB RAM,EGP,1500
190,سوني s5,EGP,1300
191,مطلوب ايفون 6s مقفول ايكلود كلين او لوست,EGP,800
192,iPhone 6 Plus 128g,EGP,5000
193,iphone 6,EGP,2500
194,اى فون ٥ اس,EGP,1800
195,Iphone 6 حاله ممتازه,EGP,111
196,mobile,EGP,3300
197,للبيع ف اقرب وقت,EGP,250
198,موبايلات,EGP,1000
199,موبايل تكنو بعلته,EGP,2000
200,لينوفو x2,EGP,1200
201,جهاز s6 32giga لسه جديد يعتبر ممكن البدل ب ايفون ٦ او ٦+او٦اس,EGP,3100
202,Samsung note 3 new,EGP,1000
203,موبايل Samsung S8 كسر زيرو بالعلبة وكل حاجته,EGP,6500
204,لعشاق منتجات هواوي GR 5 high 2017 كسر زيرو,EGP,3500
205,Meizu c9,EGP,1500
206,Samsung grand neo plus,EGP,800
207,IPhone 7 Plus 256 giga,EGP,9000
208,IPhone 6s plus,EGP,6100
209,تليفون للبيع اتش تي سي ديزاير 650,EGP,1900
210,iphone 6 64 جيجا.,EGP,1500
211,البطل,EGP,5500
212,Huawei nova 3i,EGP,3800
213,لاب توب امريكي صنع ايرلاندي,EGP,2100
214,انفينكس s3x,تبادل,تبادل
215,تلفون سامسونج,EGP,170
216,Hot 6 pro,EGP,2150
217,ايفون ٦بلس ٦٤ جيجا معاه كرتونه وشاحن بطاريته ٩١%,EGP,5800
218,نوت8زيرو,EGP,8000
219,ايباد اير ٦٤ جيجا,EGP,7500
220,نوكيا3500c,EGP,250
221,I phone 7 128g,EGP,7200
222,ابل ايفون ٧ عده متفكتش بحاله جيده جدا كل حاجته ماعدا العلبه ١٢٨جيجا,EGP,6500
223,Apple iphone 7. 128G,EGP,8500
224,huawei Gr5,EGP,1450
225,بيع موبايل جلاكسي A8,EGP,6000
226,Sony xperia Z3 dual,EGP,1550
227,iphone xmax 64,EGP,23000
228,جراند برايم زيرو,EGP,1100
229,هواوي y6 pro,EGP,1300
230,سامسونجs6+,EGP,3500
231,سامسونج,EGP,300
232,ايفون 5 64 جيجا,EGP,1999
233,gr5 2017,Exchange,Exchange
234,J7 2016,EGP,2000
235,5seشاحن,EGP,2350
236,كفر الشيخ,EGP,2250
237,نوكيا 2,EGP,1200
238,Microsoft 950xl,EGP,2200
239,تلفون سمسنج,EGP,300
240,Iphone se 16 rose gold asnew,EGP,2999
241,Z3 ذاكرة16جيجا,EGP,550
242,S7 edgللبيع,EGP,1500
243,ايفون٧بلس احمر للبيع,EGP,10000
244,Iphone 7/32&iphobe 7plus32,EGP,8000
245,oppo f5,EGP,3500
246,هواوي 8c زيرو بدون مشتملات,EGP,2500
247,ايفون 8 64 giga,EGP,7000
248,سوني اكسبيريا XZ زيرو بخصم 51%,EGP,6666
249,موبايل سامسونج موديل GT_E1207Y,EGP,325
250,ايفون 6بلس 16gb,EGP,4200
251,Samsung grand dous,EGP,850
252,اوبو A83,EGP,2450
253,Oppo F1s,EGP,2000
254,موبايل سامسونج نوت9 - بالضمان-(sealed ) متبرشم بعلبته,EGP,15000
255,Y7bro,EGP,2700
256,هاتف Htc,EGP,1000
257,حاجاتي,EGP,800
258,lnfinix not 4 للبيع ممتاز جدا,EGP,1800
259,Iphone 8 plus 64GB space gray full box like new. أيفون ٨ بلس ٦٤ رماد,EGP,12500
260,كسر زيرو,EGP,1500
261,Honor smart band 4 running,EGP,300
262,Note 9 128 like new 6Ram,EGP,14500
263,جوني p5w,EGP,1300
264,موبايل ماركة بيرال شيك و بحالة جيدة جدا بخطين وشغال تمام,EGP,100
265,موبايل samsung s5 ضارب نص,EGP,350
266,iphone -Apple 6 gold,EGP,5000
267,سامسونج A9 pro 2016,EGP,3300
268,samsung Note 4,EGP,2600
269,huawei y3c للبدل,EGP,550
270,nokia X شريحتين جديد زيرو لم يستخدم بعلبته وجميع مشتملاته الأصليه,EGP,1000
271,Samsung A52017,EGP,3000
272,i phone 6 32 g kasr zero ..ايفون ٦ .. ٣٢ج كسر زيرو,EGP,4900
273,ايفون PLUS 6+ / 64GB,EGP,5100
274,iphone 6plus silver {16GB},EGP,5000
275,Samsung a3 2016,EGP,1700
276,Iphone8plus,EGP,13000
277,مطلوب ايفون مقفول ايكلاود,EGP,100
278,نوادر تلفون سامسونج جديد للغاوين,EGP,800
279,جهاز سامسونج نوت ٩,EGP,12000
280,Samsung Galaxy j7,EGP,1800
281,فون هواوي يو 6,EGP,1000
282,هواي جي ار فيف 2017,EGP,1300
283,هواوي p9 حالته ممتازه,EGP,3000
284,IPhone 7 Rose Gold 128g,EGP,7000
285,Infinix hot 4 pro للبيع فقط ف اسرع وقت,EGP,1000
286,هواوي y7,EGP,100
287,Sony xperia xz2,EGP,8000
288,تابلت,EGP,1700
289,ايفون,EGP,4500
290,Galaxy Note 8 Dous,EGP,6500
291,Samsung j7 for sale,EGP,1900
292,تليفونات,EGP,12000
293,opoo a57 للبيع,EGP,2600
294,Infinix hot 4,EGP,2000
295,بلاستيشن وان سونى بالكرتونه بجميع مشتملاته,EGP,475
296,Samsung Galaxy J6+,EGP,2730
297,Jjjjjj,EGP,1600
298,infinix smart بحاله جيده بكل محتوياته,EGP,1250
299,iPhone 7 plus 128 giga جديد متبرشيم بضمان معتمده,EGP,11400
300,i phone 6s 64 GB,EGP,4500
301,Samsung A7 2017,EGP,3500
302,iPhone SE 32GB Silver NEW,EGP,4400
303,ايفون6sبلس 16,EGP,5250
304,اربعه سامسونج جلاكسي ممتازين جدانت وواى فاى ومساحةاتنين خط اتنين كميرا,EGP,3700
305,Nova3i,EGP,4000
306,IPhone 7,EGP,6500
307,لوميا,EGP,600
308,موبايل للبيع,EGP,750
309,هواوي y6 برو,EGP,1000
310,iPhone 7 128 black matt جديد لم يستخدم اصلي,EGP,7500
311,جهاز نوت3بديل بايفون,تبادل,تبادل
312,هونر 8,EGP,3500
313,Sony Z3,EGP,2000
314,Infinix hot 5,EGP,1500
315,iPhone s6+,تبادل,تبادل
316,سامسونج,EGP,2100
317,I phone 6s 64g,EGP,2000
318,Huawei gr5 مع تلت هدايا,EGP,2200
319,سامسونج جراند1,EGP,500
320,iphone 7 plus,EGP,9500
321,نوكيا ٥١٣٠,EGP,200
322,جالاكسي جي ٥,EGP,350
323,انفنكس هوت5للبدل او البيع,EGP,1300
324,Samsungs6edg,EGP,2999
325,سمسنج,EGP,400
326,سامسونج s3,EGP,800
327,OppoA3s,EGP,2200
328,موبايل اونور 8X بشريحتيّ اتصال - 128 جيجا، 4 جيجا رام، الجيل الرابع,EGP,4999
329,المطلوب بااقص سرعه وبااي سعر سامسونجn620,EGP,50
330,انفينكس زيرو ٤ كسر كسر زيرو للبيع فقط,EGP,2750
331,ايفون 8 بلس,EGP,12000
332,للليعj7 pro,EGP,3000
333,Y7prime2019,EGP,3200
334,lg g5,EGP,2400
335,شاومى نوت 4 64g 4 ram,EGP,3200
336,اوبو a57,تبادل,تبادل
337,ايفون 8بلس,EGP,13500
338,سامسونج s6,EGP,2000
339,شاومي نوت 4 redmi note,EGP,2000
340,سامسونج نوت4G 4,EGP,3000
341,Xperia XA Ultra,EGP,2500
342,ايفون 6s64,EGP,4500
343,i phone 6 plus,EGP,5000
344,i phone 6s,EGP,4500
345,شريحة شحن هواء 011,EGP,100
346,ايفون8 64,EGP,8000
347,ايفون فور,EGP,900
348,iPhoner 6plus,EGP,4750
349,اسلام,EGP,4500
350,سامسونج جالكسي اس ٧ ادج Samsung galaxy s 7 edge,EGP,5200
351,موبايل,EGP,1699
352,للبيع موبايل htc one x9,EGP,3500
353,شرااء,EGP,100
354,Iphone 8 plus 64g,EGP,13750
355,سامسونجS4 كسرزيرو لقطه,EGP,1200
356,للبيع ثلاثة خطوط اتصالات بارقام مميزه,EGP,330
357,Samsung j5,EGP,1850
358,IPhone 6,EGP,3700
359,تليفون ايفون صينى قطع غيار,EGP,200
360,Iphone 6s plus 64g,EGP,6000
361,Sico plus 2,EGP,550
362,انفنيكس نوت 4,EGP,1200
363,J5/2016 تلفون,EGP,1150
364,Insta360 Nano 360 Degree Camera VR 3D Panoramic Point,EGP,1759
365,سامسونج جلاكسى E7 بحاله جيده,EGP,350
366,قطع غيار تليفونات أرضي جميع الموديلات,EGP,50
367,ايفون 6s,EGP,4700
368,موبيل زيروو رامات 2 وذاكره 16 + بصمه بكل حاجته,EGP,1150
369,Tab lenosd مستورد بالشحن الاصلي,EGP,900
370,موبيل اوبو بحالة ممتازة,EGP,3200
371,YOTa 3+,EGP,6000
372,J6 2018 استخدام شهرين,EGP,2400
373,هواوى نوفا3,EGP,4950
374,iphone6 64 giga,EGP,3300
375,ايفون 6بلس,EGP,4400
376,جلاكسي,EGP,2500
377,Samsung galaxy A9 2019,EGP,8599
378,Infinix hot s,EGP,500
379,أى فون للبيع,EGP,3000
380,ايفون 6s بلس 16 جيجا iphone 6s plus,EGP,5500
381,انفنكس هوت فور لايت الصور دي من كاميرا الفون من غير تعديل,EGP,1000
382,Samsung Galaxy Note Edge,EGP,3200
383,iphone 7,EGP,9000
384,بلاك بيري كرف2 موديل 9220,EGP,180
385,ميني ايفون 6 صيني,EGP,250
386,"Apple iPhone SE with FaceTime - 32GB, 4G LTE, Space Gray",EGP,5299
387,Iphone 5 16GB,EGP,900
388,iphone سكس اس بلس 64 جيجا,EGP,7700
389,Samsung Galaxy j7 coreمستعمله بحالة جيدة بالضمان والكرتونة,EGP,1500
390,iPhone 6s 16g,EGP,3500
391,قسط ايفون IPhone Xs Max بالبطاقة بأقل مقدم واستلم في نفس اليوم,EGP,1000
392,Note2,EGP,1600
393,Pixel 3 from Google 64GB Unlocked,EGP,15001
394,Tecno N9,EGP,1100
395,ipad aire1 new from USA,EGP,3700
396,مطلوب iPhone5s,مجاناً,مجاناً
397,Xiaomi Redmi 4A 16GB,EGP,1100
398,تلفون a1000بي,EGP,500
399,i phone 6 plus 64 giga,EGP,5700
400,حسنhh,EGP,11000
401,Huawei Y5 II,EGP,950
402,مطلوب بورده هواوي y5 ll,EGP,200
403,Nokia 110 متاح للجملة والقطاعى,EGP,290
404,شاومي نوت ٥ برو,تبادل,تبادل
405,ايفون ٦ ١٦ جيجا للبيع,EGP,3500
406,سامسونج جلاجسي نوت 9 نسخة 128 زيرو,EGP,15000
407,موبيل سامسونج S6,EGP,2650
408,سامسونج نوت ٣,EGP,2400
409,تقسيط موبايلات,EGP,12000
410,iphone 3gs new,EGP,700
411,S9 plusقسط بدون فوايد,EGP,1500
412,موبايل اوبوa3s,EGP,2200
413,Buying OnePlus 6/6T مطلوب,مجاناً,مجاناً
414,iphone 6s,EGP,5500
415,Iphone Xs max & Xs -X عرض جديد بسعر جديد -> اجهزه اصلي 100% باقل سعر,EGP,14600
416,للبيع,EGP,1850
417,Jv prime,EGP,1800
418,A7000 plus ٥.٥ بوصة ثمانى ورامات 2 ميمورى 16 بالكرتونة وجميع مشتملات,EGP,1299
419,سوني اريكسون ضد المياه مفهوش اي حاجه لسه شاري بقالو ومعايا سنه,EGP,700
420,honor view 20,EGP,10500
421,oppo neo7,تبادل,تبادل
422,note 4,EGP,2000
423,Note 8 for sall or trade with Note 9,EGP,9500
424,موبايل Tecno CX AIR,EGP,1900
425,Blackberry,EGP,250
426,Sony Xperia Z5 dual used for 1 day 2/3/2019,EGP,2900
427,ايفون 6 عادي,EGP,3500
428,اوبو نيو 5,EGP,800
429,Iphone 6plus,EGP,5500
430,موبايل جى 5 برو سامسونج للبيع,EGP,2750
431,ايفون 5G,EGP,1000
432,موبيل سامسونج j7prim,EGP,1500
433,samsung note 8 gold douse 64 GBسامسونج نوت ٨ شريحتين جولد ٦٤,EGP,10000
434,htc 626,EGP,1100
435,للبيع موبايل Note 5,EGP,4200
436,موبايل أونر 4 للبيع,EGP,950
437,أيفوناااااات كسر زيرووو,EGP,5000
438,تلفون A2laite جولد روز استعمال خفيف بالكرتونة,EGP,2850
439,تليفون سامسونج جالاكسي اس 3,EGP,800
440,موبيل سمسونج حاله مستعمل شهرين الزرر مش شغل في النص بس بسم الله ماشاء,EGP,900
441,أيفون ٧ جولد جديد تمامآ,EGP,7000
442,نوكيا ٣٣١٠ الصلي,EGP,600
443,A72016,EGP,2800
444,y7 prime 2018,EGP,2400
445,Xaomi Mi A1,EGP,2800
446,Note 9 512zero,EGP,15999
447,نوت 4 مع كل مشتملاته ومعاه سنون القلم و متفتحش,EGP,2500
448,Tecno spark,EGP,1500
449,IPhone 6s+,EGP,6000
450,موبايل سوني,EGP,3000
451,ارقام مميزه كارت شحن للبيع رقم مميز جدا ارقام مميزة,EGP,3200
452,سامسونج J2 مساحة داخلية 8 2 كاميرا + فلاش حالته كويسة به تقشير في الفر,EGP,850
453,ارقام مميزة للبيع رقم مميز كارت شحن بالعلبه ارقام مميزه,EGP,1999
454,Google Pixel 3 - Not Pink - 64GB,EGP,11999
455,موبيل نوكيا,EGP,200
456,Zte Nubia X,EGP,9499
457,Samsung s6,EGP,1800
458,Samsung s8 64gb,EGP,9000
459,لبيع أو بدل بحاله ممتازه استعمال شهرين بس جديد,تبادل,تبادل
460,سامسونج جلاكسي J1mini prime,EGP,300
461,samsung j7 2016,EGP,2000
462,huawei g8,EGP,1500
463,شاومي نوت ٥,EGP,3100
464,Nokia 6,EGP,2500
465,Mate 10 pro 128gb 6 ram moca,EGP,8000
466,Oppo A57 3g ram 64g,EGP,1680
467,هاتف هواوي g750بحاله جيده ممتازه ومعه مستلزماته,EGP,1500
468,OPPO a57,EGP,2500
469,موبايل اينفنكس حاله الجديد ١رام ١٦ جيجا بصمه حالته كسر زيرو,EGP,1400
470,Alcatel pixi 4 6 inc شاشه عملاقه,EGP,1100
471,Huawei y9 2019 - هواوي y9 2019,EGP,5500
472,هواوي Y6 بصمه 2018 جديد للبدل باعلي في شرخ بس في الباغه بس شغال كويس,تبادل,تبادل
473,Oppo a3s استعمال شهرين,EGP,2200
474,أبل أيفون 6 بلس,EGP,6000
475,لينوفو S5 ٤ جيجا رام,EGP,3100
476,ايفون سكس اس بلس ٦٤ب. ٦٥٠٠,EGP,6500
477,Samsung s8 duos,EGP,5300
478,ايفون 6 بلس,EGP,3500
479,J7 pro 64G,EGP,3300
480,Honor 10,EGP,5500
481,ايفون٦ لسرعه البيع,EGP,3300
482,Iphone 6,EGP,3500
483,هواوي,EGP,500
484,Iphone 7 plus 128 giga,EGP,9200
485,سمعات hamuur,EGP,750
486,not 4 32 giga,EGP,1900
487,جديد متبرشيم الحق العرض iPhone 7 plus 128 giga,EGP,11400
488,تقسيط iPhone 6s plus 32G,EGP,440
489,z5 premuim قطع غيار الشاشه تعمل والهاتف يعمل,EGP,2000
490,samsung s9 plus 64gb,EGP,9200
491,Huawei mate 9 64 giga 4ram,EGP,3200
492,فونن جي 7 للتبادل,تبادل,تبادل
493,سامسونج جلاكسي جراند برايم بلس,EGP,1250
494,iPhone 6 32giga,EGP,4200
495,Tecon pop1,EGP,1200
496,iPhone,EGP,5000
497,سامسونج نوت٣ ٣٢جيجا,EGP,1450
498,iphone 6g 64,EGP,4500
499,helwen,EGP,11200
