,names,price,currency
0,"Apple iPhone 6Swith FaceTime- 32GB, 4G LTE, Space Gray",6720,EGP
1,"Apple iPhone 8 Plus with FaceTime - 64GB, 4G LTE, Space Grey",13849,EGP
2,"Apple iPhone 8 Plus with FaceTime - 64GB, 4G LTE, Gold",13949,EGP
3,"Apple iPhone 7 with FaceTime - 32GB, 4G LTE, Black",9989,EGP
4,"Apple iPhone X with FaceTime - 64GB, 4G LTE, Silver",16199,EGP
5,"Apple iPhone X with FaceTime - 256GB, 4G LTE, Space Grey",18994,EGP
6,"Apple iPhone Xs Max With FaceTime - 64GB, 4G LTE, Gold",22662,EGP
7,"Samsung Galaxy S8+ Dual Sim - 64GB, 4G LTE, Orchid Gray",9790,EGP
8,"Apple iPhone 6S Pluswith FaceTime- 32GB, 4G LTE, Space Gray",8549,EGP
9,"Samsung Galaxy S8+ Dual Sim - 64GB, 4G LTE, Midnight Black",9999,EGP
10,"Apple iPhone 6Swith FaceTime- 32GB, 4G LTE, Gold",6666,EGP
11,"Apple iPhone 6Swith FaceTime- 32GB, 4G LTE, Silver",6999,EGP
12,"Apple iPhone Xs With FaceTime - 64GB, 4G LTE, Space Gray",20399,EGP
13,"Apple iPhone 8 Plus with FaceTime - 64GB, 4G LTE, Silver",13849,EGP
14,"Lenovo K6 Note Dual Sim - 32GB, 3GB RAM, 4G LTE, Dark Grey",2399,EGP
15,"Apple iPhone Xs With FaceTime - 256GB, 4G LTE, Gold",23388,EGP
16,"Samsung Galaxy Note 9 Dual SIM - 128GB, 6GB RAM, 4G LTE, Midnight Black",13885,EGP
17,"Apple iPhone Xs Max With FaceTime - 256GB, 4G LTE, Space Gray",24992,EGP
18,"Samsung Galaxy S8+ Dual Sim - 64GB, 4G LTE, Maple Gold",9099,EGP
19,"Apple iPhone 6S Pluswith FaceTime- 32GB, 4G LTE, Gold",8899,EGP
20,Nokia 105 - Blue,370,
21,"Apple iPhone 7 Plus with FaceTime - 128GB, 4G LTE, Gold",12999,EGP
22,"Samsung Galaxy S8 Dual Sim - 64GB, 4G LTE, Orchid Gray",9999,EGP
23,"Apple iPhone 8 with FaceTime - 64GB, 4G LTE, Gold",12499,EGP
24,"Apple iPhone Xs With FaceTime - 64GB, 4G LTE, Silver",20399,
25,"Samsung Galaxy Note 8 Dual SIM - 64GB, 6GB RAM, 4G LTE, Orchid Grey",10395,EGP
26,"Apple iPhone 8 with FaceTime - 64GB, 4G LTE, Space Grey",12499,EGP
27,"Samsung Galaxy S7 Edge Dual Sim - 32GB, 4GB RAM, 4G LTE, Gold",7900,EGP
28,"Apple iPhone 6S Pluswith FaceTime- 64GB, 4G LTE, Rose Gold",9799,EGP
29,"Apple iPhone 7 with FaceTime - 256GB, 4G LTE, Gold",12769,EGP
30,"Samsung Galaxy S7 Edge Dual Sim - 32GB, 4GB RAM, 4G LTE, Black",10015,EGP
31,"Huawei Mate 10 Pro Dual SIM - 128GB, 6GB RAM, 4G LTE, Mocha Brown",9650,EGP
32,"Apple iPhone 7 with FaceTime - 32GB, 4G LTE, Rose Gold",10997,EGP
33,"Samsung Galaxy S8 Dual Sim - 64GB, 4G LTE, Midnight Black",8498,EGP
34,"Apple iPhone 8 Plus with FaceTime - 64GB, 4G LTE, Red",14900,EGP
35,"Huawei Mate 10 Pro Dual SIM - 128GB, 6GB RAM, 4G LTE, Titanium Gray",9699,EGP
36,"Motorola Moto Z Play - 32GB, 3GB RAM, 4G LTE, White",5905,EGP
37,"Samsung Galaxy S7 Edge - 32GB, 4GB RAM, 4G LTE, Gold",6999,EGP
38,"Apple iPhone 6S Pluswith FaceTime- 64GB, 4G LTE, Silver",11498,EGP
39,"Samsung Galaxy S8+ - 64GB, 4G LTE,Midnight Black",9999,EGP
40,"Samsung Galaxy S7 Edge Dual Sim - 32GB, 4GB RAM, 4G LTE, Silver",8748,EGP
41,"Apple iPhone 7 Plus with FaceTime - 128GB, 4G LTE, Black",12883,EGP
42,Nokia 1110I,299,EGP
43,"Apple iPhone 6 with FaceTime - 64GB, 4G LTE, Silver",7000,EGP
44,"Apple iPhone 7 Plus with FaceTime - 128GB, 4G LTE, Rose Gold",13998,EGP
45,"HUAWEI MATE 20 PRO Dual Sim - 128GB, 4G LTE, BLACK",21499,EGP
46,"Motorola Moto E4 Plus Dual SIM - 16GB, 3GB RAM, 4G LTE, Fine Gold",2299,EGP
47,"Lenovo K6 Note Dual Sim - 32GB, 3GB RAM, 4G LTE, Gold",4000,EGP
48,"Samsung Galaxy S8 Single Sim - 64GB, 4G LTE, Orchid Gray",7999,EGP
49,"Apple iPhone 6 with FaceTime - 64GB, 4G LTE, Gold",6999,EGP
50,"Samsung Galaxy S7 Edge - 32GB, 4GB RAM, 4G LTE, Silver",7999,EGP
51,"Apple iPhone X without FaceTime - 64GB, 4G LTE, Space Grey",16998,EGP
52,"Huawei Mate 10 Pro Dual SIM - 128GB, 6GB RAM, 4G LTE, Midnight Blue",20000,EGP
53,"Apple iPhone 7 with FaceTime - 256GB, 4G LTE, Silver",13500,EGP
54,"Samsung Galaxy S7 - 32GB, 4GB RAM, 4G LTE, Gold",7999,
55,"Apple iPhone 6Swith FaceTime- 64GB, 4G LTE, Rose Gold",7650,EGP
56,Nokia 1110,300,EGP
57,"Samsung Galaxy A5 2017 Dual Sim - 32GB, 4G LTE, Black",5200,EGP
58,"Samsung Galaxy S8 Single Sim - 64GB, 4G LTE, Midnight Black",8900,EGP
59,"HUAWEI MATE 20 PRO Dual Sim - 128GB, 4G LTE, TWILIGHT",19750,EGP
60,"HTC Desire 12+ Dual SIM - 32GB, 3GB RAM, 4G LTE, Warm Silver",2888,EGP
61,"Apple iPhone XR Dual SIM With Face Time - 64GB, 4G LTE, Black",18399,EGP
62,"Samsung Galaxy Note 9 Dual SIM - 128GB, 6GB RAM, 4G LTE, Ocean Blue",13799,EGP
63,"Samsung Galaxy A7 2018 Dual SIM - 128GB, 4GB RAM, 4G LTE, Blue",5777,EGP
64,"Sony Xperia XA1 Ultra Dual SIM - 32GB, 4GB RAM, 4G LTE, Gold",3550,EGP
65,"Apple iPhone XR Dual SIM With Face Time - 128GB, 4G LTE, White",20000,EGP
66,"Nokia 230 Dual Sim - 2.8 Inch, 16MB RAM, GSM, Dark Silver",1550,EGP
67,"Sony Xperia XZ1 Dual Sim - 64 GB, 4GB RAM, 4G LTE, Moonlight Blue",5550,EGP
68,"Samsung Galaxy J5 Prime Dual Sim - 16GB, 2GB, 4G LTE, Black",2650,EGP
69,"HTC U Play Dual SIM - 64GB, 4GB RAM, 4G LTE, Sapphire Blue",3199,EGP
70,"Samsung Galaxy J3 Pro Dual SIM - 16 GB, 4G LTE, Gold",2765,EGP
71,"Oppo A3S Dual SIM - 16GB, 2GB RAM, 4G LTE, Red",2799,EGP
72,"Samsung Galaxy A7 2018 Dual SIM - 128GB, 4GB RAM, 4G LTE, Gold",6599,EGP
73,"Philips S307 Dual Sim - 4GB, 3G, Wifi, Grey",899,EGP
74,"Oppo A3S Dual SIM - 16GB, 2GB RAM, 4G LTE, Purple",2849,EGP
75,"HUAWEI MATE 20 PRO Dual Sim - 128GB, 4G LTE, EMERALD GREEN",17750,EGP
76,"Huawei Mate 10 Lite Dual SIM - 64GB, 4GB RAM, 4G LTE, Black",4450,EGP
77,"Infinix Zero3 X552 Dual Sim - 16GB, 4G LTE, Anthracite Gray",2444,EGP
78,"Nokia 8 Dual SIM - 64GB, 4GB RAM, 4G LTE, Steel",5199,EGP
79,"Samsung Galaxy J5 Prime Dual Sim - 16GB, 2GB, 4G LTE, Gold",2845,
80,"Samsung Galaxy A7 2017 Dual Sim - 32GB, 4G LTE, Gold",5350,EGP
81,"Honor 8X Dual SIM - 128GB, 4GB RAM, 4G LTE, Black",5444,EGP
82,"Honor 8X Dual SIM - 128GB, 4GB RAM, 4G LTE, Blue",4999,EGP
83,"Motorola Moto G5 Dual Sim - 16GB, 3GB RAM, 4G LTE, Fine Gold",3000,EGP
84,"Xiaomi Redmi 6A Dual SIM - 16GB, 2GB RAM, 4G LTE, Gold - International Version",1850,EGP
85,"Huawei Mate 10 Dual SIM - 64GB, 4GB RAM, 4G LTE, Mocha Brown",7999,EGP
86,"Samsung Galaxy S8 Dual Sim - 64GB, 4G LTE, Maple Gold",9999,EGP
87,"BlackBerry Keyone Bronze Edition Dual SIM - 64GB, 4GB RAM, 4G LTE, En-Ar Keyboard, Bronze",7999,EGP
88,"Huawei Mate 10 Dual SIM - 64GB, 4GB RAM, 4G LTE, Black",7999,EGP
89,"Samsung Galaxy A7 2018 Dual SIM - 128GB, 4GB RAM, 4G LTE, Black",5800,EGP
90,"Xiaomi Redmi 6 Dual SIM - 64GB, 4GB RAM, 4G LTE, Blue - International Version",3399,
91,"Apple iPhone Xs Max Dual SIM With FaceTime - 64GB, 4G LTE, Silver",26800,EGP
92,"HTC U 11 Dual SIM - 128GB, 6GB RAM, 4G LTE, Amazing Silver",6799,EGP
93,"Sony Xperia XZ1 Dual Sim - 64 GB, 4GB RAM, 4G LTE, Black",5550,EGP
94,"Philips S307 Dual Sim - 4GB, 3G, Wifi, Yellow",899,EGP
95,"HTC Desire 10 Pro Dual Sim - 64GB, 4GB RAM, 4G LTE, Royal Blue",3349,EGP
96,"Huawei Mate 10 Lite Dual SIM - 64GB, 4GB RAM, 4G LTE, Gold",4450,EGP
97,"HTC Desire 10 Lifestyle Dual Sim - 32GB, 3GB RAM, 4G LTE, Polar White",2559,EGP
98,"HTC Desire 830 Dual Sim - 32GB, 3GB RAM, 4G LTE, Gold/Black",3499,EGP
99,"Samsung Galaxy S8+ Dual Sim - 64GB, 4G LTE, Coral Blue",9098,EGP
100,"Motorola Moto C Plus Dual SIM - 16GB, 2GB RAM, 4G LTE, Fine Gold",1750,EGP
101,"Nokia 2.1 Dual SIM - 8GB, 1GB RAM, 4G LTE, Blue/Silver",1529,EGP
102,"Samsung Galaxy S8+ - 64GB, 4G LTE, Maple Gold",10299,EGP
103,"HUAWEI MATE 20 Dual Sim - 128GB, 4G LTE, BLACK",12000,EGP
104,"Huawei Nova 3i Dual SIM - 128GB, 4GB RAM, 4G LTE, Iris Purple",5555,EGP
105,"Sony Xperia L2 Dual SIM - 32GB, 3GB RAM, 4G LTE, Black",2999,EGP
106,"Sony Xperia XA1 Ultra Dual SIM - 32GB, 4GB RAM, 4G LTE, Black",3550,EGP
107,"HTC10Evo- 32GB, 3GB RAM, 4G LTE, Gold",3355,EGP
108,"HTC One X9 Dual Sim - 32GB, 4G LTE, Opal Silver",5200,EGP
109,"LG V10 - 64GB, 4GB RAM, 4G LTE, Space Black",5500,EGP
110,"Sony Xperia XA1 Plus Dual Sim - 32GB, 4GB RAM, 4G LTE - Gold",3550,EGP
111,"Apple iPhone 6S Plus with FaceTime - 128GB, 4G LTE, Rose Gold",10900,EGP
112,"Apple iPhone 6 with FaceTime - 32GB, 4G LTE, Space Gray",6999,EGP
113,"OnePlus 6 Dual Sim - 128GB, 8GB RAM, 4G LTE, Midnight Black",10999,EGP
114,"Honor 7C Dual SIM – 32GB, 3GB RAM, 4G LTE, Blue",3333,EGP
115,"Xiaomi Mi A2 Dual SIM - 32GB, 4GB RAM, 4G LTE, Gold – International Version",4275,EGP
116,"Infinix Zero3 X552 Dual Sim - 16GB, 4G LTE, Luxurious Gold",2150,EGP
117,"Sony Xperia XZ Premium Dual SIM - 64GB, 4GB RAM, 4G LTE, Deepsea Black",6666,EGP
118,"HTC U Play Dual SIM - 64GB, 4GB RAM, 4G LTE, Brilliant Black",3199,EGP
119,"Nokia 3310 2017 Dual SIM - 16MB, 2G, 2 MP, Yellow",875,EGP
120,"Samsung Grand Prime Plus Dual Sim - 8GB, 1.5GB RAM, 4G LTE, Gold",1850,EGP
121,"Lenovo K320T Dual SIM - 16GB, 2GB RAM, 4G LTE, Black",1899,EGP
122,"Apple iPhone SE with FaceTime - 32GB, 4G LTE, Gold",5219,EGP
123,"Samsung Galaxy J7 Prime Dual Sim - 16GB, 3GB, 4G LTE, Black",3140,EGP
124,"Sony Xperia X Dual SIM - 64 GB, 3GB, 4G LTE, WiFi, White",3333,EGP
125,"HTC U12+ Dual SIM - 128GB, 6GB RAM, 4G LTE, Ceramic Black",10990,EGP
126,"Honor 8C Dual Sim - 32GB, 3G RAM, 4G LTE, Blue",3499,EGP
127,"LG K10 2017 Dual SIM - 16GB, 2GB RAM, 4G LTE, Gold",1777,EGP
128,"Samsung Galaxy J6 Plus Dual Sim - 32GB, 4G LTE, Black",2849,EGP
129,"Sony Xperia L1 Dual SIM - 16GB, 2GB RAM, 4G LTE, White",2399,EGP
130,Lava P181 Dual Sim GSM With Powerful Battery For non-Stop Action - Black,320,EGP
131,"Alcatel 3C 5026 Dual SIM - 16GB, 1GB RAM, 3G, Black",1505,EGP
132,"Huawei Y3 2017 Dual SIM -  8GB, 1GB RAM, 3G, Grey",1575,EGP
133,"OnePlus 6T Dual Sim - 128GB, 6GB RAM, 4G LTE, Mirror Black",11099,EGP
134,"Xiaomi Mi A2 Dual SIM - 32GB, 4GB RAM, 4G LTE, Black – International Version",4299,EGP
135,"Samsung Galaxy S8+ - 64GB, 4G LTE, Coral Blue",10599,EGP
136,"Samsung Galaxy S8 Dual Sim - 64GB, 4G LTE, Coral Blue",8555,EGP
137,"Lenovo K8 Note Dual Sim - 64GB, 4GB RAM, 4G LTE, Fine Gold",2899,EGP
138,"Apple iPhone XR with Face Time - 64GB, 4G LTE, Red",16499,EGP
139,"Nokia 8 Dual SIM - 64GB, 4GB RAM, 4G LTE, Tempered Blue",5999,EGP
140,"Sony Xperia XZ Premium Dual SIM - 64GB, 4GB RAM, 4G LTE, Luminous Chrome",6666,EGP
141,"Xiaomi Mi Mix 2 Dual SIM - 64GB, 6GB RAM, 4G LTE, Black - International Version",7999,EGP
142,"Samsung Galaxy Note 9 Dual SIM - 128GB, 6GB RAM, 4G LTE, Lavender Purple",13998,EGP
143,"HUAWEI Mate 20 Dual Sim - 128GB, 4G LTE, MIDNIGHT BLUE",11787,EGP
144,"Apple iPhone 6S Pluswithout FaceTime- 32GB, 4G LTE, Space Gray",8899,EGP
145,"Samsung Grand Prime Plus Dual Sim - 8GB, 1.5GB RAM, 4G LTE, Silver",1850,EGP
146,"Xiaomi Redmi 6A Dual SIM - 16GB, 2GB RAM, 4G LTE, Black - International Version",1798,EGP
147,"Samsung Galaxy Grand Prime Pro Dual SIM - 16GB, 1.5GB RAM, 4G LTE, Black",1999,EGP
148,"HTC Desire 630 Dual SIM - 16 GB, 2 GB, 3G, WiFi, Stratus White",3129,EGP
149,"Apple iPhone 6Swithout FaceTime- 32GB, 4G LTE, Space Gray",7299,EGP
150,"Huawei P10 Lite Dual Sim - 32GB, 4GB RAM, 4G LTE, Sapphire Blue",4249,EGP
151,"Nokia 230 Dual Sim - 2.8 Inch, 16MB RAM, GSM, Silver",1499,EGP
152,"Huawei P20 Lite Dual SIM - 64GB, 4GB RAM, 4G LTE, Klein Blue",4444,EGP
153,"Apple iPhone XR with Face Time - 64GB, 4G LTE, Yellow",17399,EGP
154,"Samsung Galaxy J6 Plus Dual Sim - 32GB, 4G LTE, Grey",2888,EGP
155,"Apple iPhone 6 Plus With FaceTime - 128GB, 1GB, 4G LTE, Space Gray",9000,EGP
156,"Huawei P10 Lite Dual Sim - 32GB, 4GB RAM, 4G LTE, Platinum Gold",4325,EGP
157,"Sony Xperia XZ1 Dual Sim - 64 GB, 4GB RAM, 4G LTE, Warm Silver",5550,EGP
158,"Apple iPhone 7 Plus with FaceTime - 128GB, 4G LTE, Silver",14429,EGP
159,"Motorola Moto Z - 32GB, 4GB RAM, 4G LTE, White/Fine Gold",4999,EGP
160,"Samsung Galaxy J4 Plus Dual Sim - 32GB, 4G LTE, Black",2498,EGP
161,"Nokia 3 Dual Sim - 16GB, 2GB RAM, 4G LTE, Matte Black",2375,EGP
162,"Huawei Honor 6X Dual SIM - 32 GB, 3GB RAM, 4G LTE, WiFi, Gold",3555,EGP
163,"Sony Xperia Z5 Dual Sim - 32GB, 3GB RAM, 4G LTE, Gold",2999,EGP
164,"Huawei Y6 II Dual Sim , 16GB , 2GB RAM, 4G LTE ,  Gold",2500,EGP
165,"Infinix Hot S3 X573 Dual SIM - 32GB, 3GB RAM, 4G LTE, Sandstone Black",2777,EGP
166,"Sony Xperia XA1 Ultra Dual SIM - 32GB, 4GB RAM, 4G LTE, Pink",3444,EGP
167,"Samsung Galaxy S9+ Dual Sim - 128GB, 6GB Ram, 4G LTE, Midnight Black - Middle East Version",12455,EGP
168,"Samsung Galaxy J4 Plus Dual Sim - 32GB, 4G LTE, Gold",2448,EGP
169,"Sony Xperia Z5 Dual Sim - 32GB, 3GB RAM, 4G LTE, Black",2999,EGP
170,"Huawei Honor 5X Dual Sim - 16GB, 3GB RAM, 4G LTE, Gold",2770,EGP
171,"Samsung Galaxy A7 2017 Dual Sim - 32GB, 4G LTE, Blue",5200,EGP
172,"LG Stylus 2 K520DY Dual Sim - 16GB, 2GB, 4G LTE, White",2222,EGP
173,"Samsung Galaxy Note 8 Single SIM - 64GB, 6GB RAM, 4G LTE, Maple Gold",11700,EGP
174,"LG Stylus 2 K520DY Dual Sim - 16GB, 2GB, 4G LTE, Brown",2222,EGP
175,Nokia 5030 Xpressradio,575,EGP
176,"Xiaomi Redmi 6 Dual SIM - 64GB, 4GB RAM, 4G LTE, Gold - International Version",3170,EGP
177,"Motorola Moto Z Dual SIM - 32GB, 4GB RAM, 4G LTE, White/Fine Gold",3999,EGP
178,"Motorola Moto E4 Dual SIM - 16GB, 2GB RAM, 4G LTE, Iron Gray",2135,EGP
179,"Apple iPhone XR with Face Time - 128GB, 4G LTE, White",18249,EGP
180,"Samsung Galaxy S10 Plus Dual Sim - 128GB, 8GB RAM, 4G LTE, Prism Green",18179,EGP
181,"Sony Xperia XZ1 Dual Sim - 64 GB, 4GB RAM, 4G LTE, Venus Pink",5550,EGP
182,"Huawei Honor 6X Dual SIM - 32 GB, 3GB RAM, 4G LTE, WiFi, Silver",3555,EGP
183,"Huawei Y6 Prime 2018 Dual SIM - 16GB, 2GB RAM, 4G LTE, Black",2999,EGP
184,NOKIA 150 DUAL SIM COLOR White,629,
185,"Samsung Galaxy S10 Dual Sim - 128GB, 8GB, 4G LTE, Prism Black",16419,EGP
186,"Xiaomi Mi A2 Lite Dual SIM - 64GB, 4GB RAM, 4G LTE, Gold – International Version",3699,EGP
187,"Xiaomi Redmi Note 6 Pro Dual SIM - 64GB, 4GB RAM, 4G LTE, Black – International Version",4599,EGP
188,"Nokia 6 - 32GB, 3GB RAM, 4G LTE, Matte Black",3469,EGP
189,"Sony Xperia XA1 Ultra Dual SIM - 32GB, 4GB RAM, 4G LTE, White",3659,EGP
190,"Infinix Note 4B X572B Dual SIM - 32GB, 3GB RAM, 4G LTE, Champagne Gold",3263,EGP
191,"Google Pixel 2 XL - 128GB, 4GB RAM, 4G LTE, Just Black",15999,EGP
192,"Xiaomi Mi A2 Lite Dual SIM - 64GB, 4GB RAM, 4G LTE, Black – International Version",3777,EGP
193,"Apple iPhone 6 without FaceTime - 32GB, 4G LTE, Space Gray",7299,EGP
194,"Xiaomi Mi A2 Lite Dual SIM - 64GB, 4GB RAM, 4G LTE, Blue – International Version",3699,EGP
195,"Nokia 6.1 TA-1043 Dual SIM - 32GB, 3GB RAM, 4G LTE, Black",2999,EGP
196,"Nokia 105  4MB , 2G , White",399,EGP
197,"Samsung Galaxy J4 Plus Dual Sim - 32GB, 4G LTE, Pink",2479,EGP
198,"Sony Xperia XA2 Dual SIM - 32GB, 3GB RAM, 4G LTE, Black",4500,EGP
199,"Apple iPhone X without FaceTime - 256GB, 4G LTE, Silver",20998,EGP
200,"Google Pixel 3 XL - 128GB, 4GB RAM, 4G LTE, Just Black",19000,EGP
201,"Honor 7S Dual SIM - 16GB, 2GB RAM, 4G LTE, Gold",2040,EGP
202,"Honor 7S Dual SIM - 16GB, 2GB RAM, 4G LTE, Black",2040,EGP
203,"Meizu M6 Note Dual SIM - 32GB, 3GB RAM, 4G LTE, Black",2499,EGP
204,"Sony Xperia XA Dual SIM - 16 GB, 2 GB, 4G LTE, WiFi, Rose Gold",2199,EGP
205,"Alcatel 1 - 8GB, 1GB RAM, 4G LTE, Metallic Blue",1025,EGP
206,"NOKIA 105 (2017) , 4MB, Single SIM, Black",385,EGP
207,"Samsung Galaxy J7 Core Single SIM - 16GB, 2GB RAM, 4G LTE, Black",3050,EGP
208,"Infinix Smart 2 Pro Dual SIM - 16GB, 2GB RAM, 4G LTE, Black",2150,EGP
209,"Samsung Galaxy Note FE Dual SIM - 64GB, 4GB RAM, 4G LTE, Blue Coral",9200,EGP
210,"Xiaomi Redmi Note 5AI EditionDual SIM - 64GB, 4GB RAM, 4G LTE,Black",4149,EGP
211,"Gionee F103 Pro Dual SIM - 16 GB, 3 GB RAM, 4G LTE, Gold",1611,EGP
212,"Huawei P20 Pro - 128GB, 6GB RAM, 4G LTE, Black",16500,EGP
213,"Alcatel 3L Dual SIM - 16GB, 2GB RAM, 4G LTE, Metallic Blue",1799,EGP
214,"Xiaomi Mi 6 Dual SIM - 64GB, 6GB RAM, 4G LTE, Black - International Version",6569,EGP
215,"Honor 8X Dual SIM - 128GB, 4GB RAM, 4G LTE, Phantom Blue",5555,EGP
216,"Huawei Mate 20 X Dual Sim - 128GB, 6GB RAM, 4G LTE, Midnight Blue",15550,EGP
217,"Infinix Smart 2 Dual SIM - 16GB, 1GB RAM, 4G LTE, Red",2000,EGP
218,"Blackview A7 Pro Dual SIM - 16GB, 2GB RAM, 4G LTE, Chocolate Black",1499,EGP
219,"Alcatel 3C 5026 Dual SIM - 16GB, 1GB RAM, 3G, Blue",1499,EGP
220,NOKIA 150 DUAL SIM COLOR BLACK,625,EGP
221,"Samsung Galaxy S9 Dual Sim - 64GB, 4GB Ram,4G LTE, Lilac Purple - Middle East Version",12799,EGP
222,"Alcatel 3C 5026 Dual SIM - 16GB, 1GB RAM, 3G, Gold",1625,EGP
223,HTC U11 Plus - 128GB 6GB RAM 4G LTE Translucent Black,7999,EGP
224,"Samsung Galaxy S7 Edge - 32GB, 4GB RAM, 4G LTE, Black",7999,EGP
225,"Samsung Galaxy Note 8 SM-N9500 Dual SIM - 128GB, 6GB RAM, 4G LTE, Deep Sea Blue",12899,EGP
226,"Nokia 5.1 Plus Dual SIM - 32GB, 3GB RAM, 4G LTE, Midnight Gloss Blue",3177,EGP
227,"Nokia 5.1 Plus Dual SIM - 32GB, 3GB RAM, 4G LTE, Gloss Black",3299,EGP
228,"Samsung Galaxy S6 Edge - 32GB, 4G LTE, Gold",6999,EGP
229,"Alcatel 3V 5099D Dual SIM - 16GB, 2GB RAM, 4G LTE, Spectrum Gold",2222,EGP
230,"Sony Xperia XA2 Ultra Dual SIM - 32GB, 4GB RAM, 4G LTE, Gold",6119,EGP
231,"Apple iPhone XR Dual SIM With Face Time - 128GB, 4G LTE, Coral",19300,EGP
232,"Nokia 2 Dual SIM - 8GB, 1GB RAM, 4G LTE, Pewter/Black",1498,EGP
233,"Samsung Galaxy Note 5 N920 - 32GB, 4G LTE, Black",7998,
234,"Wiko Lenny3 Max Dual Sim - 16 GB,2 GB RAM,3G,Space Grey",1399,EGP
235,"Nokia 3.1 Plus Dual SIM - 32GB, 3GB RAM, 4G LTE, Blue - TA1104",2740,EGP
236,"AlcatelA3 5046U Dual SIM - 16GB, 2GB RAM, 4G LTE, Pure White",1459,EGP
237,"Alcatel 2008D , Dual SIM , 16MB , 2G , Black",555,EGP
238,"Samsung Galaxy A5 2017 Dual Sim - 32GB, 4G LTE, Blue",4999,EGP
239,NOKIA 130 2017 model,458,EGP
240,"i3-5.5''- Dual Sim,1GB RAM-16GBROM-Black",1445,EGP
241,"Samsung Galaxy S9 Dual Sim - 64GB,4GB Ram,4G LTE, Midnight Black - Middle East Version",12139,EGP
242,"Nokia 6.1 Plus Dual Sim - 64GB, 4GB RAM, 4G LTE, White",3944,EGP
243,"Nokia 105 -2017 , 4MB , Dual Sim , 2G , White",358,EGP
244,"Huawei Y9 2019 Dual SIM - 64GB, 4GB RAM, 4G LTE, Red",4777,EGP
245,"Honor 10 Lite Dual Sim - 64GB, 3GB RAM, 4G LTE, Sapphire Blue",3848,EGP
246,"Xiaomi Redmi Note 4X Dual SIM - 32GB, 3GB RAM, 4G LTE, Pink - International Version",2899,EGP
247,"Huawei Y5 lite Dual SIM - 16GB, 1GB RAM, 4G LTE, Blue",1890,EGP
248,"Honor 10 Lite Dual Sim - 64GB, 3GB RAM, 4G LTE, Sky Blue",4199,EGP
249,Nokia 130 Dual Sim Red Dual SIM,498,EGP
250,Mtouch C4 Dual SIM Mobile Phone - Mocha,399,EGP
251,Alcatel 1066D Dual SIM - Black,259,EGP
252,"Nokia 1 TA-1056 Dual SIM - 8GB, 1GB RAM, 4G LTE, Warm Red",940,EGP
253,"Tecno Spark Dual SIM - 16GB, 3G, Gold",1699,EGP
254,"Huawei Y5 lite Dual SIM - 16GB, 1GB RAM, 4G LTE, Black",1999,EGP
255,"Honor 10 Lite Dual Sim - 64GB, 3GB RAM, 4G LTE, Midnight Black",4195,EGP
256,Alcatel model 2051D Dual sim 2.4 inch out memory up to 32 GB back cam 2 MP - silver,497,EGP
257,Mtouch U6 Dual SIM Mobile Phone - Black,389,EGP
258,"Nokia 3.1 Dual SIM - 16GB, 2GB RAM, 4G LTE, Blue",1988,EGP
259,"Nokia 3.1 Dual SIM - 16GB, 2GB RAM, 4G LTE, Black",2299,EGP
260,Nokia 216 Dual SIM - Blue,750,EGP
261,"Nokia 105 -2017 , 4MB , 2G , Blue",395,EGP
262,"Alcatel 1054D , Dual SIM , 4MB , 2G , Black/ Pure White",299,EGP
263,"Alcatel A5 LED 5085Q Dual SIM - 32GB, 3GB RAM, 4G LTE, Metal Silver",1999,EGP
264,"Motorola Moto C Dual Sim - 5 Inch, 8GB, 1GB RAM, 3G, Black",1222,EGP
265,"Meizu M6T Dual Sim - 16GB, 2GB RAM, 4G LTE, Blue",2155,EGP
266,"Meizu M6T Dual Sim - 16GB, 2GB RAM, 4G LTE, Gold",2155,EGP
267,"R222 Red,Dual SIM - Wireless FM Radio - Flash Light",235,EGP
268,"IKU R222 - 32MB, Dual SIM Wirless FM Radio - Black",235,EGP
269,"Sico Nile X Dual Sim - 64GB, 4GB RAM, 4G LTE, Blue",2299,EGP
270,"Meizu M5 Dual Sim - 16GB, 2GB RAM, 4G LTE, Champagne Gold",1599,EGP
271,"Soda Fire Dual Sim - 8GB, 1GB RAM, 4G LTE, Gold",1310,EGP
272,"Samsung Galaxy Note 8 Single SIM - 64GB, 6GB RAM, 4G LTE, Midnight Black",11650,EGP
273,LAVA Z61 DAUL SIM 4G BLACK,1675,EGP
274,"Samsung Galaxy J2 Core Dual Sim - 8GB, 1GB RAM, 4G LTE, Black",1539,EGP
275,L8star BM50 Mini Wireless Dialer / 2 SIM Card Mini phone - black,444,EGP
276,"Motorola Moto E5 Plus Dual SIM - 32GB, 3GB RAM, 4G LTE, Grey",2849,EGP
277,"IKU F4 Dual-SIM , 32MB 2G , Black",225,EGP
278,"VIWA I6 - 4.0"" Dual SIM Mobile Phone - blue",635,EGP
279,"Samsung Galaxy J2 Core Dual Sim - 8GB, 1GB RAM, 4G LTE, Gold",1539,EGP
280,"Samsung Galaxy J2 Core Dual Sim - 8GB, 1GB RAM, 4G LTE, Lavender Violet",1539,EGP
281,"Oppo F9 Dual SIM - 64GB, 6GB, 4G LTE, Blue",6990,EGP
282,HUAWEI Mate 10 Pro - 128 GB - Blue,11500,EGP
283,Nokia 1110I Mobile Phone,295,EGP
284,"Nokia 2 Dual SIM - 8GB, 1GB RAM,4G LTE, Pewter/Black",1399,EGP
285,"Oppo FIND X Dual SIM - 256GB, 8GB RAM, 4G LTE, Blue",14895,EGP
286,"Tecno Camon CM Dual SIM, 3GB RAM - 32GB, 4G LTE, Black",2275,EGP
287,Mtouch C4 Dual SIM Mobile Phone - Blue,399,EGP
288,"Alcatel 2008D Dual Sim With Charging Dock, White/Metal Silver",475,EGP
289,"Sony Xperia X Dual SIM - 32 GB, 3 GB, 4G LTE, WiFi, Graphite Black",5129,EGP
290,Nokia 130 Black,485,EGP
291,"Tecno Camon CM Dual SIM, 3GB RAM - 32GB, 4G LTE, Blue",2235,EGP
292,"Realme C1 Dual SIM - 16GB, 2GB RAM, 4G LTE, Navy Blue - International Version",2699,EGP
293,x4 4SIM Mobile Phone - Orange,399,EGP
294,X4 4SIM Mobile Phone - Black,399,EGP
295,"Lenovo K5 Play Dual SIM - 32GB, 3GB RAM, 4G LTE, Blue",2600,EGP
296,"IKU i1 Dual-SIM , 8GB , 1GB RAM , 3G , White",889,EGP
297,"Nokia 105 Dual SIM - 8 MB, 2G, Black",375,EGP
298,"LG Stylus 3 Dual SIM - 16GB, 2GB RAM, 4G LTE, Gold",2666,EGP
299,"LG K10 Dual Sim - 16GB, 2GB RAM, 4G LTE, Black/Blue",1777,EGP
300,"Realme C1 Dual SIM - 16GB, 2GB RAM, 4G LTE, Mirror Black - International Version",2699,EGP
301,"Huawei Y3 2017 Dual Sim - 8 GB, 1 GB RAM, 3G, Gold",1750,EGP
302,"Alcatel 2051D , Dual SIM , 8MB , 2G , Black / White",449,EGP
303,Mtouch C4 With 4 SIM Mobile Phone -Gold,399,EGP
304,"Infinix Smart 2 Dual SIM - 16GB, 1GB RAM, 4G LTE, Black",1999,EGP
305,"IKU U1 Dual-SIM , 16GB 3GB Ram 4G , Grey",1575,EGP
306,X4 4SIM Mobile Phone - Blue,399,EGP
307,Mtouch U6 Dual SIM Mobile Phone - Gold,370,EGP
308,"OneClick C1 Dual Sim- 4GB, 512MB RAM, 3G, Rose Gold",749,EGP
309,"Samsung Galaxy A9 2018 Dual SIM - 128GB, 6GB RAM, 4G LTE, Black",8199,EGP
310,"Huawei Y7 Prime 2019 Dual Sim - 32GB, 3GB RAM, 4G LTE, Arabic Midnight Black",3999,EGP
311,"Honor 10 Lite Dual Sim - 64GB, 3GB RAM, 4G LTE, Shiny Red",4195,EGP
312,"Blackview A7 Dual SIM - 8GB, 1GB RAM, 3G, Wifi, Champagne Gold",999,EGP
313,"Infinix Note 4 X572 Dual SIM - 16GB, 2GB RAM, 4G LTE, Ice Blue",2385,EGP
314,Mtouch U6 Dual SIM Mobile Phone - Silver,375,EGP
315,Mtouch Zero Dual SIM Mobile Phone - Black,225,EGP
316,Mtouch Q2 Dual SIM Mobile Phone - Gold,399,EGP
317,"Infinix Hot 6 X606 Dual SIM - 16GB, 2GB RAM, 3G, Wifi, Blue",2350,EGP
318,"Alcatel U5 4047F Dual SIM - 16GB, 1GB RAM, 3G, Black",1499,EGP
319,iTel it2160 - 1.77-inch Dual SIM Mobile Phone - Dark Blue,200,EGP
320,Mtouch Zero Dual SIM Mobile Phone -  White,240,EGP
321,"Alcatel 2051D , Dual SIM , 8MB , 2G , Black / Silver",550,EGP
322,"LG G4 H815 - 32GB, 4G LTE, WiFi, Leatherback, Black",3999,EGP
323,"Infinix Zero 5 Pro Dual SIM - 128GB, 6GB RAM, 4G LTE, Black",5050,EGP
324,"Huawei Y7 Prime 2019 Dual Sim - 32GB, 3GB RAM, 4G LTE, Arabic Aurora Blue",4700,EGP
325,"Honor View 20 Dual SIM 256GB 8GB RAM 4G LTE , Phantom Red",12222,EGP
326,Mtouch M01 Dual SIM Mobile Phone - Blue,240,EGP
327,Huawei Y7 Prime 2019 32GB 3GB RAM 4G LTE Coral Red,4750,EGP
328,"HTC Desire 10 Compact Dual SIM - 32GB, 3GB RAM, 4G LTE, Stone Black",3175,EGP
329,"ZTE A320 Dual Sim - 8 GB,1GB RAM, Black",948,EGP
330,"One Click K112 Daul Sim, Black Lime",200,EGP
331,"Huawei GR5 Dual Sim - 16GB, 2GB RAM, 4G LTE, Gold",2639,EGP
332,L8star BM50 Mini Wireless Dialer / 2 SIM Card Mini phone -White,399,EGP
333,"Realme 2 Pro 2 SIM - 128 GB, 8 GB Ram, 4G 4th Edition, Black - Universal Edition",6000,EGP
334,"HuaweiY5 Prime 2018 Dual SIM - 16GB, 2GB RAM, 4G LTE, Gold",4000,EGP
335,"Xiaomi Mi Mix 3 Dual SIM - 128GB, 6GB RAM, 4G LTE, Onyx Black - International Version",10450,EGP
336,Mini black Wireless Handsfree Bluetooth Phone Headset Music Dialer Keys Caller ID LCD,340,EGP
337,"Motorola Moto C Dual Sim - 5 Inch, 8GB, 1GB RAM, 3G, White",1670,EGP
338,"Sico Mini 2 Dual Sim - 32MB, 1.77 Inch, 2G, White",300,EGP
339,"Apple iPhone 6 With FaceTime - 64GB, 4G LTE, Gold – Certified Pre Owned",5999,EGP
340,"Lava Z91 Dual SIM - 32GB, 3GB RAM, 4G LTE, Blue",2350,EGP
341,"Zte Axon 7 Mini Dual SIM - 32GB, 3GB, 4G LTE, Gold",2888,EGP
342,"Lava R1 Lite Dual Sim, 16 GB, 4G, LTE - Gold",1405,EGP
343,"Viwa Light Plus Dual SIM - 16GB, 1GB RAM, 4G LTE, Blue",1222,EGP
344,"Viwa Light Plus Dual SIM - 16GB, 1GB RAM, 4G LTE, Grey",1222,EGP
345,Alcatel 2008D Dual Sim With Charging Dock Black,497,EGP
346,Sico Mini 3 Dual Sim - 1.77 Inch - 2G - Black,240,EGP
347,"Meizu M6T Dual Sim - 32GB,3GB RAM, 4G LTE, Gold",2669,EGP
348,"Viwa P1 Mini Dual SIM - 8GB, 512MB RAM ,3G, Wifi, Gold",699,EGP
349,"Meizu M6T Dual Sim - 32GB,3GB RAM, 4G LTE, Red",2669,EGP
350,جوال الكاتيل 2051D  ذاكرة 8 جيجابايت  2.4 انش  أبيض,495,EGP
351,"HTC Desire 12+ Dual SIM - 32GB, 3GB RAM, 4G LTE, Gold",2799,EGP
352,"Meizu M6 Note Dual Sim - 64GB, 4GB RAM, 4G LTE, Gold",3399,EGP
353,"Lenovo C2 Power Dual SIM - 16GB, 2GB RAM, 4G LTE, White",1888,EGP
354,nokia 105 mobile phone (black),399,EGP
355,Infinix X605 Note5 Stylus - 6.0-inch 64GB Mobile Phone - Bordeaux Red,3499,EGP
356,"IKU R105 Dual-SIM , 32MB , 2G , Black",225,EGP
357,"Lava A3 Dual SIM - 32GB, 3GB RAM, 4G LTE, Grey",3859,EGP
358,"Xiaomi Mi MIX 2S Dual SIM - 64GB, 6GB RAM, 4G LTE, Black",9500,EGP
359,"IKU R105 Dual-SIM , 32MB , 2G , White",198,EGP
360,"iMobily K8 Dual SIM -  1.7 Inch, 2G, Black",179,EGP
361,"Tecno Phantom 8 , Dual Sim , 64GB , 6GB RAM , 4G LTE , Blue",4845,EGP
362,"Alcatel Pop 4S Dual Sim - 16GB, 4G LTE, Grey",1895,EGP
363,"One Click K112 Dual sim, 0.3 MP - Red",260,EGP
364,"Hisense U601 Dual Sim - 4GB, 512MB RAM, 3G, Black",625,EGP
365,"VIWA X5 - 5"" - 4G Dual SIM Mobile Phone Fingerprint - Gold",1449,EGP
366,"ZTE Blade A320, 8GB, 1GB RAM, 4G, DUAL SIM",949,EGP
367,Tecno CM Dual Sim - 32 GB - Gold,2599,EGP
368,"One Click Tank Dual Sim 2.4 Inch Mobile- 2 Camera, Black",293,EGP
369,"Tecno Phontom 8 Dual SIM - 64GB, 6GB RAM, 4G LTE, Blue",4999,EGP
370,"Nokia 3.1 Plus has a smooth operating system The Nokia 3.1 Plus smartphone works with the powerful Media Tic, which ensures smooth and efficient performance. 3 GB RAM makes multitasking so easy. Android OS gives you access to an application",2700,EGP
371,"Oppo F7 Youth Dual Sim - 64GB, 4GB Ram, 4G LTE, Red",4595,EGP
372,"HTC U 11 Dual SIM - 128GB, 6GB RAM, 4G LTE, Sapphire Blue",6949,EGP
373,"Apple iPhone 5S with FaceTime - 16GB, 4G LTE, Gold",4500,EGP
374,"Tecno Phantom 8 , Dual Sim , 64GB , 6GB RAM , 4G LTE , Black",4715,EGP
375,"Samsung Galaxy S7 - 32GB, 4GB RAM, 4G LTE, Silver",5900,EGP
376,"Samsung Galaxy S7 Edge Dual Sim - 32GB, 4GB RAM, 4G LTE, Silver with Samsung Gear VR2 Glasses",11000,EGP
377,BM 50 Mini Wireless Mobile Phone - Handsfree Bluetooth Mini Phone,340,EGP
378,"Samsung Galaxy S8+ - 64GB, 4G LTE, Orchid Gray",10499,EGP
379,"Samsung Galaxy S9 64GB Smartphone LTE, Gray",11800,EGP
380,"Tecno Phantom 8 , Dual Sim , 64GB , 6GB RAM , 4G LTE , Gold",4385,EGP
381,"Viwa F1715A Dual SIM - 32MB, 32MB RAM, 2G, Black/Blue",165,EGP
382,"C2 Pro Dual SIM Mobile Phone - 8GB, 1GRAM, 3G",970,EGP
383,"Samsung Galaxy Note 5 Dual Sim - 32GB, 4G LTE, Black Sapphire",8999,EGP
384,"iTel A31 Dual SIM Mobile Phone- 8 GB, 1 GB RAM, 3G, Piano Black",1075,EGP
385,"HTC Desire 650 - Dual SIM , 32 GB , 4G LTE , Lime Light",2935,EGP
386,"HTC U Play - 64 GB, 4G LTE, Rose Gold",3199,EGP
387,"SMTEL T3 Dual SIM Mobile Phone- 8 MB, Black",290,EGP
388,"Hisense F20 Dual Sim - 8GB, 4G LTE, Black",1199,EGP
389,"Energizer E10 Plus Mobile Phone, 2G, 1.8 Inch, VGA Dual Sim - Black",215,EGP
390,"IKU C50L, Dual Sim, 5inch,4G",1001,EGP
391,"Xiaomi Mi 8 Lite Dual SIM - 64GB, 4GB RAM, 4G LTE, Black",4439,EGP
392,"Lenovo LENOVO K5 PLAY Dual SIM - 32 GB, 4G LTE, Black",2600,EGP
393,"Hisense L675 , 8GB , Dual Sim , 4G , Black",999,EGP
394,"Xiaomi Redmi Note 5 Dual SIM - 64GB, 4GB RAM, 4G LTE, Black - Egypt Version",3999,EGP
395,"Lava A3 Dual SIM - 32GB, 3GB RAM, 4G LTE, Gold",3799,EGP
396,"iMobily i10 Pro Dual SIM - 4GB, 512GB RAM, 3G, Black",759,EGP
397,"iMobily i30 Pro Dual SIM -  4GB, 512MB RAM, 3G, Grey/White",769,EGP
398,"Zte Blade V7 Max - 32 GB , 4G LTE , Gold",2222,EGP
399,"Blackview S6 Dual SIM - 16GB, 2GB RAM, 4G LTE, Fingerprint , Gold",1799,EGP
400,"NOKIA 6 .1 Dual SIM Card, 32 GB, 3 GB RAM - Black",2999,EGP
401,iBRIT 2.4 inch Dual SIM Mobile Phone - Red,349,EGP
402,"iTel S11 Plus Dual SIM- 8 GB, 2 GB RAM, 3G, Rose Gold",1123,EGP
403,"Alcatel 3L Dual SIM - 16GB, 2GB RAM, 4G LTE, Metallic Black",1799,EGP
404,Lava A1 - 5.0-inch 16GB Dual SIM 4G Mobile Phone - Black,2099,EGP
405,"OneClick C2 Pro Dual Sim - 8GB , 1GB Ram , 3G , Silver",899,EGP
406,"Hisense L675 - 8GB, 1GB Ram, 4G , white",960,EGP
407,"Apple iPhone 5S with FaceTime - 16GB, 4G LTE, Space Gray",4650,EGP
408,Infinix Note 5 X604 Dual Sim - 32GB - 3GB RAM - 4G LTE - Milan Black,2971,EGP
409,Sico Topaz - Dual Sim - 5.2 inch - 16G - 2G Ram - 4G - Black,1475,EGP
410,Sico More 3 - Dual Sim - 4.0 inch - 4G - 512M Ram - 3G - Blue,675,EGP
411,"Samsung Galaxy J3 Pro 2017 SM-J330 Dual SIM - 16 GB, 2 GB RAM, 4G LTE, Gold",2999,EGP
412,C40i 3G - 4'' - 4 GB Rom Dual SIM Mobile Phone,690,EGP
413,Mini Mobile Phone 0.66inch OLED Cellphone Multi-Languages Black,666,EGP
414,"Hisense-U601s,Dual Sim,1GBRAM-8GBROM,Camera 2MP",599,EGP
415,"Oppo A83 Pro Dual SIM - 64 GB, 4GB  RAM, 4G LTE, Blue",3888,EGP
416,"Doogee Y6 Dual SIM - 16GB, 2GB RAM, 4G LTE, Shimmer Gold",1859,EGP
417,"Ibrit B2 , Dual Sim , 32Mb , 2G - Black - B2-Blk",249,EGP
418,iBRIT 1.8 inch Dual SIM Mobile Phone - Red,199,EGP
419,iBRIT 2.4 inch Dual SIM Mobile Phone - Red,245,EGP
420,"iMobily K2 Dual SIM -  1.7 Inch, 2G, White",240,EGP
421,"iKU F5-2.8' Dual Sim,FM Radio-Torch-Call Records",385,EGP
422,"iKU F5-2.8'' Dual Sim,FM Radio-Torch-Call Records",415,EGP
423,"ZTE Blade L110 - 4 GB, 512 mb Ram, 3G , Black",649,EGP
424,"Samsung Galaxy S7 - 32GB, 4GB RAM, 4G LTE, Pink Gold",5999,EGP
425,هاتف أي كيه يو  سي50 ال،مزدوج الشريحه، الجيل الرابع  ، شاشه 5أنش,999,EGP
426,"iKU-K1,5inch- 4G,Dual Sim,1GB RAM-16GB ROM",1099,EGP
427,"iKU Fx-1.8'' Dual Sim,FM Radio-Torch-Black/Blue",190,EGP
428,"Xiaomi Redmi Note 5 Dual SIM - 64GB, 4GB RAM, 4G LTE, Black - Global Version",3999,EGP
429,"IKU FX Plus Dual SIM - 32MB, 32MB RAM, 2G, Black/Yellow",195,EGP
430,"IKU FX Plus Dual SIM - 32MB, 32MB RAM, 2G, Black/Blue",195,EGP
431,LAVA P240 Dual SIM,581,EGP
432,"Viwa Vision Dual SIM - 16GB, 1GB RAM, 3G, Wifi, Black",1269,EGP
433,"Alcatel U5 4047D - Dual SIM , 8GB , RAM 1 GB , 3G , Black Cocoa",1222,EGP
434,"Freetel ICE 2 Plus Dual SIM - 8GB, 1GB RAM, 3G, Black",1250,EGP
435,"IKU F2 Dual-SIM , 32MB 2G , White",205,EGP
436,"IKU F1 Plus Dual-SIM , 32MB 2G , Black",165,EGP
437,"IKU F2 Dual-SIM , 32MB , 2G , Black",219,EGP
438,"OneClick E7 Dual Sim-4GB -512MB-3G,Gold",693,EGP
439,"Hisense-U962,Dual Sim-5''-1GB-RAM",829,EGP
440,"Viwa Light One, Dual sim - 16 GB,1 GB RAM, 3G, Grey",1299,EGP
441,"IKU F5 Dual-SIM , 32MB , 2G , Mocha Brown",425,EGP
442,"iKU Fx-1.8'' Dual Sim,FM Radio-Torch-Black/Red",190,EGP
443,"iTel A12 Dual SIM Mobile Phone – 8GB, 512 MB RAM, 3G, Clax",899,EGP
444,"ITel S12 Dual SIM Mobile Phone- 8 GB, 1 GB RAM, 3G, Champagne Gold",1300,EGP
445,"iTel P51 Dual SIM Mobile Phone- 16 GB, 1 GB RAM, 3G, Champagne Gold",1399,EGP
446,"Hisense E76 - 32GB, 3GB Ram, 4G , Gold",2699,EGP
447,"Itel it5613 Dual SIM- 2G,2.4 Inch, Clax",300,EGP
448,"iKU F5,2.8''Dual Sim,FM Radio-Torch-Call Records-Brown",425,EGP
449,"Zte Blade V7 Lite , 5.0 inch , Dual SIM , 4G LTE , 16 GB , Gold",1699,EGP
450,"Nokia 3 Smartphone LTE, Black",1699,EGP
451,"Hisense U601 Dual Sim - 4GB, 512MB RAM, 3G, White",625,EGP
452,"IKU FX Plus Dual SIM - 32MB, 32MB RAM, 2G, Black/Grey",195,EGP
453,"iMobily K7 Dual SIM -  1.7 Inch, 2G, White",179,EGP
454,"iMobily K7 Dual SIM -  1.7 Inch, 2G, Blue",179,EGP
455,"iMobily K8 Dual SIM -  1.7 Inch, 2G, White",179,EGP
456,"iMobily K7 Dual SIM -  1.7 Inch, 2G, Black",179,EGP
457,"S2Tel 3330 Dual SIM, Blue",195,EGP
458,iku c40L Dual Sim - Storage 8G - Ram 1G - 4G - Gold,749,EGP
459,"iMobily K6 Dual SIM -  1.7 Inch, 2G, Red",179,EGP
460,imobily K3 Dual Sim 2.4 inch - Black,499,EGP
461,"iMobily K7 Dual SIM -  1.7 Inch, 2G, Red",179,EGP
462,"IKU C50i  Dual Sim, 5 inch-8MP Camera",899,EGP
463,"Apple iPhone 5S with FaceTime - 16GB, 4G LTE, Silver",4499,EGP
464,Nokia 106 - Black,382,EGP
465,"OneClick K350 Dual SIM - 32MB, 32MB RAM, 2G, Red",195,EGP
466,"One Click K112 Dual Sim– 0.3 Mega Pixel, Black/ Green",230,EGP
467,"ILA R1 Dual SIM - 16GB, 2GB RAM, 4G LTE, Red",1649,EGP
468,"Huawei Mate 9 Dual Sim - 64 GB, 4 GB RAM, 4G LTE , Black",8700,EGP
469,"Samsung Galaxy S7 - 32GB, 4GB RAM, 4G LTE, Black",7250,EGP
470,"OneClick E7 Dual Sim-4GB -512MB-3G,Red",693,EGP
471,"HTC U 11 Dual SIM - 64GB, 4GB RAM, 4G LTE, Amazing Silver",11925,EGP
472,"Nokia 108 RM-944 (4 MB, Cyan)",749,EGP
473,"HTC Desire 728 Ultra Dual SIM - 32GB, 3GB RAM, 4G LTE, Cappuccino Brown",2777,EGP
474,"iQ&T iFoo H55 Dual SIM - 8GB, 1GB RAM, 3G, White",1299,EGP
475,"IKU-C50L-Dual Sim- 4G, 5 inch Screen",975,EGP
476,Smtel T2 - 1.8 -inch Dual SIM Mobile Phone - Blue,175,EGP
477,Xiaomi Mi A1 Dual Sim 4G LTE - 5.5 inch - 64 GB - 4GB RAM - Rose Gold,3599,EGP
478,"IKU R105 Dual-SIM , 32MB , 2G , Blue",205,EGP
479,"SMTEL T1 Dual SIM Mobile Phone- 8 MB, Blue",170,EGP
480,"Samsung Galaxy J2 Dual Sim - 8GB, 1GB RAM, 3G, Wifi, Black",1650,EGP
481,ZTE BLADE A610 PLUS 32GB 4GB RAM GOLD,2299,EGP
482,"iMobily K6 Dual SIM -  1.7 Inch, 2G, Green",179,EGP
483,"Hisense F31 - 16GB, 2GB Ram, 4G , Gold",1699,EGP
484,HUAWEI Mate 10 Pro - 128 GB - Gray,9499,EGP
485,"Hisense Pearl C1 Dual Sim - 16GB, 4G LTE, Gold",1895,EGP
486,"Ibrit Bx , Dual Sim , 32Mb , 2G - Black - BX-Blk",345,EGP
487,"Xtouch K3 - 16GB, 1GB Ram, 3G , Grey",1500,EGP
488,"Samsung Galaxy S9+ Dual Sim - 64GB, 6GB Ram, 4G LTE, Sunrise Gold - Middle East Version",13349,EGP
489,"Sony Xperia XA1 Plus  - 32GB, 3GB RAM, 4G LTE - Blue",3699,EGP
490,Alcatel Pixi 4 8050D - 3G - 8 Gb - black,1449,EGP
491,"Sico Smartphone Diamond Dual Sim - 16GB, 2GB RAM, 4G LTE, Silver",1875,EGP
492,iTel it2160 - 1.77-inch Dual SIM Mobile Phone - Black,200,EGP
493,"Wiko U Feel Prime - 32 GB, 4 GB RAM,4G LTE,Gold",1999,EGP
494,"IKU C50L Dual-SIM , 8GB 1GB Ram 4G , Black",1049,EGP
495,iBRIT 5 inch Dual SIM Mobile Phone - Black,989,EGP
496,"HTC Desire 12 Dual SIM - 32GB, 3GB RAM, 4G LTE, Gold",2399,EGP
497,"OnePlus 6T Dual Sim - 256GB, 10GB RAM, 4G LTE, Black, McLaren Edition",18500,EGP
498,جوال هوب للرحلات بشريحتين وبطارية بقوة 18 ألف أمبير ، s18mini,1850,EGP
499,"iKU F5-2.8'' Dual Sim,FM Radio-Torch-Call Records",425,EGP
500,"IKU C50i Dual-SIM , 8GB 1GB Ram 3G,Matte Black",1055,EGP
501,"Huawei P8 - 16GB, 4G LTE, WiFi, Titanium Gray",3815,EGP
502,"HTC Desire 628 Dual Sim - 32GB, 3GB, 4G LTE, Cobalt White",3200,EGP
503,"Samsung Galaxy S9Plus 128GB Smartphone LTE, Black",15800,EGP
504,"S2Tel 3330 Dual SIM, White",195,EGP
505,"Huawei GR3 2017 Dual Sim - 16 GB, 3GB RAM, 4G LTE, Gold",3289,EGP
506,"Sico Mini 2 Dual Sim - 32MB, 1.77 Inch, 2G, Black",219,EGP
507,"Huawei P9 Dual Sim - 32GB, 3GB RAM, 4G LTE, Prestige Gold",7255,EGP
508,"Doogee Shoot 1 Dual SIM - 16GB, 2GB RAM, 4G LTE, Galaxy Grey",1689,EGP
509,"HTC U 11 Dual SIM - 64GB, 4GB RAM, 4G LTE, Brilliant Black",11925,EGP
510,Mtouch E20 Dual SIM Mobile Phone -Blue,260,EGP
511,"HTC Desire 526G Dual SIM - 8GB, 3G, WiFi, Lacquer Black",1850,EGP
512,"iKU-i3-5.5''- Dual Sim,1GB RAM-16GBROM-Gold",1449,EGP
513,"OPPO Neo 5 Dual Sim - 16GB, 3G, WiFi, White",1985,EGP
514,"Infinix S2 X522 Dual Sim - 16GB, 2GB RAM, 4G LTE, Champagne Gold",2775,EGP
515,"S2Tel easy i350 Dual SIM, White",179,EGP
516,"Huawei P9 Plus Dual Sim - 64GB, 4GB RAM, 4G LTE, Haze Gold",8000,EGP
517,"Sony Xperia XA Ultra F3212 - 16 GB, 4G LTE, Lime Gold",3865,EGP
518,"LG V10 - 32GB, 4G LTE, Modern Beige",5350,EGP
519,"Nokia 6.1 Dual Sim 4G LTE - 64GB , RAM 4GB , Blue",3699,EGP
520,"Sony Xperia L2 - 32GB, 3GB RAM, 4G LTE, Pink",3399,EGP
521,"Viwa i6-smart Dual Sim, 3G, 4GB, 4 Inch, Grey",635,EGP
522,VIWA F1711  red/black,240,EGP
523,"Nokia 108 RM-945 - 4 MB, Red",749,EGP
524,"Samsung Galaxy Note 5 Dual Sim - 32GB, 4G LTE, Pearl White",8899,EGP
525,SONY XPERIA XA1 - 3GB RAM -32GB MEMORY 5 INCH BLACK,3750,EGP
526,"Nokia 108 RM-945 - 4 MB, White",749,EGP
527,"Huawei Nova 2 Plus Dual SIM - 64GB, 4GB RAM, 4G LTE, Prestige Gold",6600,EGP
528,"OneClick K350 Dual SIM - 32MB, 32MB RAM, 2G, Yellow",240,EGP
529,"Blackberry Key2 LE Dual SIM - 64GB, 4GB RAM, 4G LTE, Champange",10999,EGP
530,"Samsung Galaxy J3 2016 - 8GB, 3G, WiFi, White",1969,EGP
531,"Alcatel A5, 32 GB, Silver, 4G LTE",2200,EGP
532,"NOKIA 7 Plus Dual SIM, 64 GB, 4 GB RAM - Black",5200,EGP
533,"HTC U 11 Dual SIM - 128GB, 6GB RAM, 4G LTE, Ice White",6999,EGP
534,"Nokia 230 - 2.8 Inch, 2G, 16MB RAM, Silver",1550,EGP
535,"Sony Xperia XA1 Ultra - 32GB, 4GB RAM, 4G LTE, Pink",3999,EGP
536,"Nokia 108 RM-945 - 4 MB, Yellow",749,EGP
537,"IKU i1 Dual-SIM , 8GB , 1GB RAM , 3G , Gold",889,EGP
538,"Huawei P9 - 32GB, 4G LTE, Mystic Silver",7255,EGP
539,"Meizu M3 Note Dual SIM - 16 GB, 4G LTE, Gold",2515,EGP
540,Hope Mobile - Dual Sim - 15000 mAh - Black - S31,1950,EGP
541,R105 - 1.77'' Dual SIM Mobile Phone-Grey,205,EGP
542,"Nokia 108 RM-944 (4 MB, Black)",749,EGP
543,"Meizu M6T Dual Sim - 16GB, 2GB RAM, 4G LTE, Red",2115,EGP
544,"Xtouch K3 - 16GB, 1GB Ram, 3G , Gold",1059,EGP
545,"HTC Desire 650 Dual SIM - 32GB, 3GB RAM, 4G LTE, Blue",2935,EGP
546,BM 50 Mini Wireless Mobile Phone - Handsfree Bluetooth Mini Phone,360,EGP
547,"Motorola Moto Z2 Force XT1789 Smartphone, Black",6999,EGP
548,"Sony Xperia XA - 16 GB, 2 GB, 4G LTE, WiFi, Graphite Black",2655,EGP
549,"HuaweiY5 Prime 2018 Dual SIM - 16GB, 2GB RAM, 4G LTE, Blue",2350,EGP
550,"Oppo F5 Dual Sim - 64GB, 6GB RAM,  4G , Red",5949,EGP
551,iku  R180 dual-chip phone operates on the second generation network,169,EGP
552,"Wiko Freddy Dual SIM - 8GB, 1GB RAM, 4G LTE, Bleen",1028,EGP
553,"Sony Xperia XZ Dual Sim - 64 GB, Ram 3 GB, 4G LTE, Platinum",6750,EGP
554,"Motorola C  - 16 GB, Red",1333,EGP
555,"Wiko Robby Dual Sim - 16 GB,1GB RAM,3G, Space Grey",1289,EGP
556,"iQ&T G4 Dual SIM - 16GB, 2GB RAM, 4G LTE, White",1545,EGP
557,CAMON CM CA6,2399,EGP
558,"Samsung Galaxy S6 Edge - 32GB, 4G LTE, White",6999,EGP
559,"Sony Xperia XZ2 - 64GB, 4GB RAM, 4G LTE, Deep Green",12395,EGP
560,"Nokia 2 Dual SIM - 8GB, 1GB RAM, 4G LTE, Copper/Black",1499,EGP
561,"Wiko Sunny Max Dual Sim - 8 GB, 512 MB RAM, 3G,Space Grey",845,EGP
562,Nokia 2.1 Dual Sim - 8GB - 1GB RAM - 4G LTE - Blue/Silver,1699,EGP
563,"Nokia 3310 2017 - 16MB, 2G, 2 MP, Warm Red",899,EGP
564,موبايل 5.5 بوصة - 16 جيجا بايت - أسود بشريحتي اتصال,1616,EGP
565,"AlcatelPixi 4 (6) 9001D Dual SIM - 16GB, 2GB RAM, 4G LTE, Metal Gold",2665,EGP
566,"Huawei Y6II Compact Dual SIM - 16GB, 2GB RAM, 4G LTE, White",2500,EGP
567,"Infinix Hot S2 X522 Dual Sim - 16GB, 2GB RAM, 4G LTE, Quartz Black",2775,EGP
568,"Darago D3 Dual SIM Mobile Phone - 2G, 1.7 Inch, Black",220,EGP
569,"iTel A31 Dual SIM Mobile Phone- 8 GB, 1 GB RAM, 3G, Jazz Blue",1070,EGP
570,"ZTE Blade A320, 8GB, 1GB RAM, 4G, DUAL SIM",949,EGP
571,"Tecno Spark Dual SIM - 16GB, 3G, Black",1819,EGP
572,"IKU C40i Dual-SIM , 4GB , 3G , Black",650,EGP
573,"OPPO R17 Pro 8GB RAM, 128GB Storage, Triple Camera, 3700 mAh",13999,EGP
574,Sico Mini 3 Dual Sim - 1.77 Inch - 2G - Black,290,EGP
575,"Samsung Galaxy A7 2017, 32 GB, Gold, 4G LTE",5099,EGP
576,"Lenovo S5 Dual Sim -64GB, 4GB Ram, 4G, Black",4249,EGP
577,"Wiko Lenny3 Max Dual Sim - 16 GB,2 GB RAM,3G, Rose Gold",1899,EGP
578,"Sony Xperia XA1 Plus  - 32GB, 4GB RAM, 4G LTE - Black",4929,EGP
579,"One Click Tank Dual Sim 2.4 Inch Mobile- 2 Camera, Black",399,EGP
580,"Samsung Galaxy A7 2017, 32 GB, Blue, 4G LTE",5099,EGP
581,"Sony XA1 Plus G3412-PINK - 32 GB, 4G LTE, Pink",4925,EGP
582,"ITel S12 Dual SIM Mobile Phone- 8 GB, 1 GB RAM, 3G, Silver",1239,EGP
583,"IKU K2 Dual-SIM , 16GB 1GB Ram 4G , Gold",1449,EGP
584,"iQ&T iFoo U50 Dual SIM - 16GB, 1GB RAM, 3G, Gold",1550,EGP
585,Ulefone Power 5  MTK6763 Octa Core 6 INCH FHD 6GB RAM 64GB ROM 13000mAh 4G 4 Cameras Face ID,9999,EGP
586,"Ulefone power 5 dual sim - 64 gb rom , 6 gb ram , 4 g , black",9999,EGP
587,"iQ&T G4 Dual SIM - 16GB, 2GB RAM, 4G LTE, Gold",1849,EGP
588,"Samsung Galaxy S8 Plus - 64 GB, Gold",11800,EGP
589,"Wiko Freddy Dual SIM - 8GB, 1GB RAM, 4G LTE, Pure white",1239,EGP
590,"Sony Xperia Z5 Premium - 32GB, 4G LTE, Black",6199,EGP
591,"iQ&T iFoo A101 Dual SIM - 16GB, 1GB RAM, 3G, Grey",1299,EGP
592,"Alcatel Pixi 4 3G Dual Sim 6 inch, 8050D Metal Gold",1625,EGP
593,"iKU K2-5'' Dual Sim,Camera 8MP-Metal-Black",1299,EGP
594,"iKU K2-5'' Dual Sim,Camera 8MP-Metal-Mocha Brown",1299,EGP
595,"iKU K2-5'' Dual Sim,Camera 8MP-Metal-Grey",1299,EGP
596,"Gionee X1 Dual Sim, 2GB, 16GB,4G - Gold",2189,EGP
597,Tecno CM Dual Sim - 32 GB - Black,2500,EGP
598,"Wiko Sunny Max Dual Sim - 8 GB, 512 MB RAM, 3G,Gold",845,EGP
599,"Hisense E76 - 32GB, 3GB Ram, 4G , Rose Gold",2755,EGP
600,Nokia 2.1 Dual SIM 8GB 1GB RAM 4G LTE Blue Copper,1699,EGP
601,"Hisense U972 Dual Sim - 8GB, 1GB RAM, 3G, Wifi , Black",999,EGP
602,"Sony Xperia XZ3 (6, 64GB, Dual SIM, 19MP, White Silver)",13200,EGP
603,"iQ&T iFoo U50 Dual SIM - 16GB, 1GB RAM, 3G, Silver",1550,EGP
604,SODA - S1 - 32 GIGA RAM - 3 GIGA ROOM  & FINGERPRINT,2199,EGP
605,Mtouch E20 Dual SIM Mobile Phone -Black,260,EGP
606,Mtouch E20 Dual SIM Mobile Phone -White,260,EGP
607,Mtouch Y100 Dual SIM Mobile Phone -Black,230,EGP
608,"Gionee P8W Dual Sim - 16GB , 1GB , 3G , Grey",1429,EGP
609,"Iku Zeuz Z55i - 5.5 Inch, 16GB Rose Gold",1650,EGP
610,Nokia 108 DS RM-944 Black (A00014597),749,EGP
611,"Samsung Galaxy A6 Plus 2018, Dual SIM - 64GB, 4GB RAM, 4G LTE, Blue",6500,EGP
612,"IKU C40i Dual-SIM , 4GB 3G , Gold",650,EGP
613,"ITEL A32F Dual Sim - 8GB, 1GB RAM, 3G, Rose Gold",1199,EGP
614,"iQ&T iFoo U50 Dual SIM - 16GB, 1GB RAM, 3G, White",1275,EGP
615,"IKU K2 Dual-SIM , 16GB 1GB Ram 4G , Grey",1449,EGP
616,"S-COLOR S9 Plus ,4G-LTE, 4GB RAM, 64GB STORAGE - GOLD",14500,EGP
617,SODA - S1 -32 GIGA ROOM -3 GIGA RAM & FINGERPRINT,2249,EGP
618,"Yezz Andy 5T Dual Sim - 4GB, Android OS, 3G, Grey",1099,EGP
619,vivo x21 ud Red,8555,EGP
620,"IKU i1 Dual-SIM , 8GB , 1GB RAM , 3G , Black",889,EGP
621,"IQ&T Ifoo N50 Dual SIM - 16GB, 3G, Black",1444,EGP
622,"iQ&T iFoo A101 Dual SIM - 16GB, 1GB RAM, 3G, Gold",1299,EGP
623,"iMobily I666 Dual SIM - 2.8 Inch, 2G, White",296,EGP
624,"iMobily I222 Dual SIM - 2.4 Inch, 2G, Blue",270,EGP
625,"Gionee A1 Lite Dual Sim - 32GB , 3GB , 4G , Black",2959,EGP
626,"TECNO T431, 2.4''Screen, with Back Camera, 8MB RAM",450,EGP
627,Tecno Pop 1 Pro - 5.5-inch 16GB Dual SIM 3G Mobile Phone - Gold,2500,EGP
628,Tecno spark 2  memory 16GB-RAM 1Giga-camera 13m,2400,EGP
629,"IKU K1 Dual-SIM , 16GB 1GB Ram 4G , Gold",1379,EGP
630,C40i 3G - 4'' - 4 GB Rom Dual SIM Mobile Phone,650,EGP
631,"Tecno T410 Dual SIM - 4MB, 4MB RAM, 3G, Black",450,EGP
632,"Gionee P8W Dual Sim - 16Gb Storage , 1Gb Ram , 3G , Gold",1475,EGP
633,"Iku Zeuz Z55i - 5.5 Inch, 16GB Rose Gold",1650,EGP
634,"Iku Zeuz Z55i - 5.5 Inch, 16GB Gold",1650,EGP
635,"Tecno Camon CX Dual SIM - 16GB, 2GB RAM, 4G LTE, Blue",3125,EGP
636,"Zte Blade A910 , 5.5 inch , Dual SIM , 4G LTE , 16 GB , Silver",2999,EGP
637,"Zeuz Z55i, Screen 5.5"", 16GB ROM",1650,EGP
638,"ZTE Blade A910 , 5.5 inch , Dual SIM , 4G LTE , 16 GB , Grey",2999,EGP
639,"iKU K45i - 4 Gb, 512 Mb Ram, 3G , Black",660,EGP
640,Samsung Galaxy J5 Dual Sim 3G 8GB - Midnight Black (J500HD),2500,EGP
641,ابل ايفون 6s مع فيس تايم - 64 جيجا، الجيل الرابع LTE، ذهبي وردي,8750,EGP
