mobiles,prices,currency,new_used,web
"عرض خاص "" iphone 6 : 128gb "" كسر زيرو بحاله ممتازه",4750,EGP,used,https://olx.com.eg/en/mobile-phones-accessories/mobile-phones/
"ايفون 8 بلس ** 64 جيجا بايت "" جديد "" جولد & جراى ( وارد خارج )",12300,EGP,used,https://olx.com.eg/en/mobile-phones-accessories/mobile-phones/
iPhone 7 Plus 128gb,7900,EGP,used,https://olx.com.eg/en/mobile-phones-accessories/mobile-phones/
"عـرضـ i phone 8 جديد الكرتونة فقط "" 64 جيجا "" اورجينال 100% """,10000,EGP,used,https://olx.com.eg/en/mobile-phones-accessories/mobile-phones/
للبيع او للبدل نوكياان70,350,EGP,used,https://olx.com.eg/en/mobile-phones-accessories/mobile-phones/
موبيل سامسونج جلاكسى اس دوس حاله جيده,500,EGP,used,https://olx.com.eg/en/mobile-phones-accessories/mobile-phones/
Samsung Note 2,1650,EGP,used,https://olx.com.eg/en/mobile-phones-accessories/mobile-phones/
عرض لمده اسبوع فقطI phone 8+64G جديد الكرتونه مفتوحه(وارد الخارج),12500,EGP,used,https://olx.com.eg/en/mobile-phones-accessories/mobile-phones/
فون تكنو اف ٣,تبادل,تبادل,used,https://olx.com.eg/en/mobile-phones-accessories/mobile-phones/
iphone 7 plus 32عرض خاص لفتره محدوده,10200,EGP,used,https://olx.com.eg/en/mobile-phones-accessories/mobile-phones/
اينفنكس hot 6 pro,2200,EGP,used,https://olx.com.eg/en/mobile-phones-accessories/mobile-phones/
Samsung not 8,10500,EGP,used,https://olx.com.eg/en/mobile-phones-accessories/mobile-phones/
iphone 7 plus •• 128 GIGA •• استيراد من الخارج •• كسر زيرو بالكرتونة,10000,EGP,used,https://olx.com.eg/en/mobile-phones-accessories/mobile-phones/
موبايل tecno w5 بصمة,2000,EGP,used,https://olx.com.eg/en/mobile-phones-accessories/mobile-phones/
ايفون فور 16 جيجا,450,EGP,used,https://olx.com.eg/en/mobile-phones-accessories/mobile-phones/
نوفا 2 بلس,3750,EGP,used,https://olx.com.eg/en/mobile-phones-accessories/mobile-phones/
شاومي mi a2 مساحة 64 رام 4 ... Xiaomi,3800,EGP,used,https://olx.com.eg/en/mobile-phones-accessories/mobile-phones/
6s بلس,6500,EGP,used,https://olx.com.eg/en/mobile-phones-accessories/mobile-phones/
للبيع موبيل A7 2018 كسر زيرو,4700,EGP,used,https://olx.com.eg/en/mobile-phones-accessories/mobile-phones/
شاومي A1,3100,EGP,used,https://olx.com.eg/en/mobile-phones-accessories/mobile-phones/
سامسونج j 7prime مفيهوش خدش الخرابيش الي في الشاشه دي اسكرينه,2100,EGP,used,https://olx.com.eg/en/mobile-phones-accessories/mobile-phones/
لسرعة البيع,2100,EGP,used,https://olx.com.eg/en/mobile-phones-accessories/mobile-phones/
Samsung Galaxy Note 8 Clear View Standing Cover Case - Black,700,EGP,used,https://olx.com.eg/en/mobile-phones-accessories/mobile-phones/
سامسونج جي 7,900,EGP,used,https://olx.com.eg/en/mobile-phones-accessories/mobile-phones/
huawei Y5 2018,1650,EGP,used,https://olx.com.eg/en/mobile-phones-accessories/mobile-phones/
OPPOA3Sبكل محتوياتها والضمان استخدم ايام بس مش بدل وبدون فصيل نهائى,2200,EGP,used,https://olx.com.eg/en/mobile-phones-accessories/mobile-phones/
iphone 5s,2000,EGP,used,https://olx.com.eg/en/mobile-phones-accessories/mobile-phones/
اقوى موبايل وباور بانك خطين وميمورى كارد وشاشة كبيرة وبطارية تصل لشهر,560,EGP,used,https://olx.com.eg/en/mobile-phones-accessories/mobile-phones/
موبايل سوني سي 3,650,EGP,used,https://olx.com.eg/en/mobile-phones-accessories/mobile-phones/
Iphone 7plus 256g بدل او بيع,10500,EGP,used,https://olx.com.eg/en/mobile-phones-accessories/mobile-phones/
للبيع,900,EGP,used,https://olx.com.eg/en/mobile-phones-accessories/mobile-phones/
موبايل  htc one E9 plus dual sim,1600,EGP,used,https://olx.com.eg/en/mobile-phones-accessories/mobile-phones/
Iphine 8 plus 64 giga like new,11500,EGP,used,https://olx.com.eg/en/mobile-phones-accessories/mobile-phones/
Samsung not 3 Gold 4G,1500,EGP,used,https://olx.com.eg/en/mobile-phones-accessories/mobile-phones/
مطلوب بورده تيلفون htc 820,300,EGP,used,https://olx.com.eg/en/mobile-phones-accessories/mobile-phones/
iphone 7 128g,7000,EGP,used,https://olx.com.eg/en/mobile-phones-accessories/mobile-phones/
اوبوf9للبيع موف,4800,EGP,used,https://olx.com.eg/en/mobile-phones-accessories/mobile-phones/
هواوي Y7 برو,1700,EGP,used,https://olx.com.eg/en/mobile-phones-accessories/mobile-phones/
شاومي نوت4,1800,EGP,used,https://olx.com.eg/en/mobile-phones-accessories/mobile-phones/
سامسونج A7 دوس 2015,500,EGP,used,https://olx.com.eg/en/mobile-phones-accessories/mobile-phones/
فرصه موبايل جراند نيو بلس للبيع,799,EGP,used,https://olx.com.eg/en/mobile-phones-accessories/mobile-phones/
J5 سامسونج,1100,EGP,used,https://olx.com.eg/en/mobile-phones-accessories/mobile-phones/
Xiaomi note 5 32g تبااادل,تبادل,تبادل,used,https://olx.com.eg/en/mobile-phones-accessories/mobile-phones/
انفنكس نوت 3 بصمة الجهاز محتاج برده,700,EGP,used,https://olx.com.eg/en/mobile-phones-accessories/mobile-phones/
جراند براين بلاس زيرووو,1300,EGP,used,https://olx.com.eg/en/mobile-phones-accessories/mobile-phones/
Snmsung Galaxy Mega,تبادل,تبادل,used,https://olx.com.eg/en/mobile-phones-accessories/mobile-phones/
i phone 7 plus فيرست هاي كوبي,2500,EGP,used,https://olx.com.eg/en/mobile-phones-accessories/mobile-phones/
ايفون ٧ ٣٢ جيجا,6700,EGP,used,https://olx.com.eg/en/mobile-phones-accessories/mobile-phones/
سامسونج a72018 جديد,5000,EGP,used,https://olx.com.eg/en/mobile-phones-accessories/mobile-phones/
سامسونج جلاكسي اس ٣,1200,EGP,used,https://olx.com.eg/en/mobile-phones-accessories/mobile-phones/
قناة يوتيوب حققت كل شروط الربح وتحت المراجعة بسعر لن يتكرر فقط 444,444,EGP,used,https://olx.com.eg/en/mobile-phones-accessories/mobile-phones/
هواوى ميت10 مساحه٦٤,2200,EGP,used,https://olx.com.eg/en/mobile-phones-accessories/mobile-phones/
Oppo f9,4500,EGP,used,https://olx.com.eg/en/mobile-phones-accessories/mobile-phones/
Samsung S8 Duos Maple Gold 64 G,8250,EGP,used,https://olx.com.eg/en/mobile-phones-accessories/mobile-phones/
Lg v10,2300,EGP,used,https://olx.com.eg/en/mobile-phones-accessories/mobile-phones/
Not 5,2500,EGP,used,https://olx.com.eg/en/mobile-phones-accessories/mobile-phones/
ايفون,4500,EGP,used,https://olx.com.eg/en/mobile-phones-accessories/mobile-phones/
اوبوf5 معاه كل حاجة ولسه في الضمان مفيش خربوش,تبادل,تبادل,used,https://olx.com.eg/en/mobile-phones-accessories/mobile-phones/
Sony Xperia,400,EGP,used,https://olx.com.eg/en/mobile-phones-accessories/mobile-phones/
موبايل htc820,1400,EGP,used,https://olx.com.eg/en/mobile-phones-accessories/mobile-phones/
فون سامسونج j7 prime 2,3300,EGP,used,https://olx.com.eg/en/mobile-phones-accessories/mobile-phones/
هوت اس اينفنكس,1200,EGP,used,https://olx.com.eg/en/mobile-phones-accessories/mobile-phones/
سامسونج ستار,200,EGP,used,https://olx.com.eg/en/mobile-phones-accessories/mobile-phones/
Samsung j7 2015,1500,EGP,used,https://olx.com.eg/en/mobile-phones-accessories/mobile-phones/
Samsung J7 prime Gold,2000,EGP,used,https://olx.com.eg/en/mobile-phones-accessories/mobile-phones/
ويكو ليني 3ماكس,1350,EGP,used,https://olx.com.eg/en/mobile-phones-accessories/mobile-phones/
موبيل تيكنو,1100,EGP,used,https://olx.com.eg/en/mobile-phones-accessories/mobile-phones/
iPhone 6s Plus Gold 32 جديد. متبرشم سعر نهايي,8000,EGP,used,https://olx.com.eg/en/mobile-phones-accessories/mobile-phones/
جيوني p8w بيع او بدل,900,EGP,used,https://olx.com.eg/en/mobile-phones-accessories/mobile-phones/
سامسونج كور برايم للبيع,650,EGP,used,https://olx.com.eg/en/mobile-phones-accessories/mobile-phones/
Gr5 2016,1800,EGP,used,https://olx.com.eg/en/mobile-phones-accessories/mobile-phones/
Iphone 6 s,4000,EGP,used,https://olx.com.eg/en/mobile-phones-accessories/mobile-phones/
Lenovo a 536,650,EGP,used,https://olx.com.eg/en/mobile-phones-accessories/mobile-phones/
انفنكس هوت فور اندرويد عالي,700,EGP,used,https://olx.com.eg/en/mobile-phones-accessories/mobile-phones/
شاومي نوت4 64جيجا رام4,2400,EGP,used,https://olx.com.eg/en/mobile-phones-accessories/mobile-phones/
كسر زيرو +S8,8500,EGP,used,https://olx.com.eg/en/mobile-phones-accessories/mobile-phones/
تبديل بي هواوي او اوبو,تبادل,تبادل,used,https://olx.com.eg/en/mobile-phones-accessories/mobile-phones/
تليفون لينوفو ٠٦٠ عايز شاشه,700,EGP,used,https://olx.com.eg/en/mobile-phones-accessories/mobile-phones/
Huawei mate 20. Pro,12000,EGP,used,https://olx.com.eg/en/mobile-phones-accessories/mobile-phones/
OppoA37,1750,EGP,used,https://olx.com.eg/en/mobile-phones-accessories/mobile-phones/
Huawei Y6 Pro بشريحتي اتصال الجيل الرابع ١٦ جيجابايت، ٢جيجا رام، اسود,1700,EGP,used,https://olx.com.eg/en/mobile-phones-accessories/mobile-phones/
Oppo a3s,2300,EGP,used,https://olx.com.eg/en/mobile-phones-accessories/mobile-phones/
Iphone 6 16g,3000,EGP,used,https://olx.com.eg/en/mobile-phones-accessories/mobile-phones/
ايفون6,4000,EGP,used,https://olx.com.eg/en/mobile-phones-accessories/mobile-phones/
Sonyc4 تبادل,تبادل,تبادل,used,https://olx.com.eg/en/mobile-phones-accessories/mobile-phones/
I Phone 5s,2000,EGP,used,https://olx.com.eg/en/mobile-phones-accessories/mobile-phones/
موبايل انفنكس نوت 5 استعمال اسبوع فقط,3350,EGP,used,https://olx.com.eg/en/mobile-phones-accessories/mobile-phones/
يحيي اشرف,1250,EGP,used,https://olx.com.eg/en/mobile-phones-accessories/mobile-phones/
Iphone 6S 64GB Space Grey,4200,EGP,used,https://olx.com.eg/en/mobile-phones-accessories/mobile-phones/
iphone 7 plus 32,10000,EGP,used,https://olx.com.eg/en/mobile-phones-accessories/mobile-phones/
S7edeg,7500,EGP,used,https://olx.com.eg/en/mobile-phones-accessories/mobile-phones/
iPhone 7 32G للبيع او للبدل,6300,EGP,used,https://olx.com.eg/en/mobile-phones-accessories/mobile-phones/
J730f,4000,EGP,used,https://olx.com.eg/en/mobile-phones-accessories/mobile-phones/
Nova 3 zero,6300,EGP,used,https://olx.com.eg/en/mobile-phones-accessories/mobile-phones/
Apple 7 iphone,6300,EGP,used,https://olx.com.eg/en/mobile-phones-accessories/mobile-phones/
ايفون 6s,3900,EGP,used,https://olx.com.eg/en/mobile-phones-accessories/mobile-phones/
htc u11 plus,8500,EGP,used,https://olx.com.eg/en/mobile-phones-accessories/mobile-phones/
Lenovo A5000,900,EGP,used,https://olx.com.eg/en/mobile-phones-accessories/mobile-phones/
iphone 6 plus 128 giga,3000,EGP,used,https://olx.com.eg/en/mobile-phones-accessories/mobile-phones/
شاومى 8lite ازرق,3950,EGP,used,https://olx.com.eg/en/mobile-phones-accessories/mobile-phones/
باب شريحة samsung S7 EDGE original,150,EGP,used,https://olx.com.eg/en/mobile-phones-accessories/mobile-phones/
Redmi,4000,EGP,used,https://olx.com.eg/en/mobile-phones-accessories/mobile-phones/
لواء وحيد,260,EGP,used,https://olx.com.eg/en/mobile-phones-accessories/mobile-phones/
هواوي GR5 بصمة,تبادل,تبادل,used,https://olx.com.eg/en/mobile-phones-accessories/mobile-phones/
i phone 6 64 giga,2500,EGP,used,https://olx.com.eg/en/mobile-phones-accessories/mobile-phones/
موبايل سامسونج اصلي لعشاق التميز,300,EGP,used,https://olx.com.eg/en/mobile-phones-accessories/mobile-phones/
Sony Xperia Xa1 Ultra,4000,EGP,used,https://olx.com.eg/en/mobile-phones-accessories/mobile-phones/
هواوي وسوني لقطه,1900,EGP,used,https://olx.com.eg/en/mobile-phones-accessories/mobile-phones/
سامسونج S8 بشرحتين بحالة جيدة استخدام شهرين وبجميع مشتملاته الاصلية,3990,EGP,used,https://olx.com.eg/en/mobile-phones-accessories/mobile-phones/
Samsung Galaxy A7 128Gb سعة التخزين 4Gb رامات ٣كاميرا خلفيه اساسيه ٢٤,5200,EGP,used,https://olx.com.eg/en/mobile-phones-accessories/mobile-phones/
سامسونج جراند نيو بلاص زيروووو,850,EGP,used,https://olx.com.eg/en/mobile-phones-accessories/mobile-phones/
Htc 828w,1600,EGP,used,https://olx.com.eg/en/mobile-phones-accessories/mobile-phones/
انفنكس,1600,EGP,used,https://olx.com.eg/en/mobile-phones-accessories/mobile-phones/
ايفون 5s ذاكره ٦٤ جيجا,2500,EGP,used,https://olx.com.eg/en/mobile-phones-accessories/mobile-phones/
لينوفو,1999,EGP,used,https://olx.com.eg/en/mobile-phones-accessories/mobile-phones/
IPhone 7 32G Gold with FaceTime,7500,EGP,used,https://olx.com.eg/en/mobile-phones-accessories/mobile-phones/
ايفون 5 اس 16 جيجا,850,EGP,used,https://olx.com.eg/en/mobile-phones-accessories/mobile-phones/
Lenovo k6 note بحالة الزيرو,1900,EGP,used,https://olx.com.eg/en/mobile-phones-accessories/mobile-phones/
سامسونج A82018,تبادل,تبادل,used,https://olx.com.eg/en/mobile-phones-accessories/mobile-phones/
Cairo,4200,EGP,used,https://olx.com.eg/en/mobile-phones-accessories/mobile-phones/
موبايل لينوفو للبيع,1500,EGP,used,https://olx.com.eg/en/mobile-phones-accessories/mobile-phones/
iphone 7 plus 128G like New rose gold,9000,EGP,used,https://olx.com.eg/en/mobile-phones-accessories/mobile-phones/
محمود,2500,EGP,used,https://olx.com.eg/en/mobile-phones-accessories/mobile-phones/
Iphone 7 plus 256g black,10800,EGP,used,https://olx.com.eg/en/mobile-phones-accessories/mobile-phones/
Oppo F5,3500,EGP,used,https://olx.com.eg/en/mobile-phones-accessories/mobile-phones/
أيفون 6 بلس ٤٥٠٠ ج لسرعة البيع,4500,EGP,used,https://olx.com.eg/en/mobile-phones-accessories/mobile-phones/
تليفون النوكيا المميز جدااااااااااا محتاج بطاريةفقط والبيع لعدم الحاجة,200,EGP,used,https://olx.com.eg/en/mobile-phones-accessories/mobile-phones/
بيع موبيل,1500,EGP,used,https://olx.com.eg/en/mobile-phones-accessories/mobile-phones/
سونى xa ultra,2600,EGP,used,https://olx.com.eg/en/mobile-phones-accessories/mobile-phones/
سامسونج j5 استعمال خفيف جدا,1350,EGP,used,https://olx.com.eg/en/mobile-phones-accessories/mobile-phones/
هواوي Y6 Pro,1400,EGP,used,https://olx.com.eg/en/mobile-phones-accessories/mobile-phones/
Iphone 6s plus,6000,EGP,used,https://olx.com.eg/en/mobile-phones-accessories/mobile-phones/
Oppo f5,2700,EGP,used,https://olx.com.eg/en/mobile-phones-accessories/mobile-phones/
نوت ثري محتاج شاشة,700,EGP,used,https://olx.com.eg/en/mobile-phones-accessories/mobile-phones/
Hawaii y7,2500,EGP,used,https://olx.com.eg/en/mobile-phones-accessories/mobile-phones/
لينوفو اصلي,150,EGP,used,https://olx.com.eg/en/mobile-phones-accessories/mobile-phones/
باور بنك سامسونج 20000 الف,150,EGP,used,https://olx.com.eg/en/mobile-phones-accessories/mobile-phones/
Huawei Mate 20 - 128GB - 6GB ram - Black,12000,EGP,used,https://olx.com.eg/en/mobile-phones-accessories/mobile-phones/
من الاجهزة النادرة جدا من سامسونج a800 جهاز بالاضاءة الزرقاء الجميله,1000,EGP,used,https://olx.com.eg/en/mobile-phones-accessories/mobile-phones/
J6 plus Samsung,2300,EGP,used,https://olx.com.eg/en/mobile-phones-accessories/mobile-phones/
شاومى 4a كسر زيرو مساحة 32 بدون خرابيش,1400,EGP,used,https://olx.com.eg/en/mobile-phones-accessories/mobile-phones/
سوني تي2,1100,EGP,used,https://olx.com.eg/en/mobile-phones-accessories/mobile-phones/
ايفرن 7 128 بسعر مميز جدا,6600,EGP,used,https://olx.com.eg/en/mobile-phones-accessories/mobile-phones/
Iphone 6 16 giga,2500,EGP,used,https://olx.com.eg/en/mobile-phones-accessories/mobile-phones/
S7 edge,4900,EGP,used,https://olx.com.eg/en/mobile-phones-accessories/mobile-phones/
J7 core,2200,EGP,used,https://olx.com.eg/en/mobile-phones-accessories/mobile-phones/
Samsung Galaxy J7 Prime,2000,EGP,used,https://olx.com.eg/en/mobile-phones-accessories/mobile-phones/
جراند برايم بلاس بيع او بدل,150,EGP,used,https://olx.com.eg/en/mobile-phones-accessories/mobile-phones/
نوكيا 6,2700,EGP,used,https://olx.com.eg/en/mobile-phones-accessories/mobile-phones/
سامسونج Glaxy star 2,300,EGP,used,https://olx.com.eg/en/mobile-phones-accessories/mobile-phones/
موبيل Tecno w2,1000,EGP,used,https://olx.com.eg/en/mobile-phones-accessories/mobile-phones/
سامسونج نوت 5 كسر زيرو 64 جيجا..,4200,EGP,used,https://olx.com.eg/en/mobile-phones-accessories/mobile-phones/
OppoA3S للبدال بايفوووون ٦,تبادل,تبادل,used,https://olx.com.eg/en/mobile-phones-accessories/mobile-phones/
Iphone X 64 giga,13500,EGP,used,https://olx.com.eg/en/mobile-phones-accessories/mobile-phones/
Lenovo A1000,500,EGP,used,https://olx.com.eg/en/mobile-phones-accessories/mobile-phones/
Nokia 1 جديد متبرشم بالضمان,999,EGP,used,https://olx.com.eg/en/mobile-phones-accessories/mobile-phones/
ايفون ٨ اسود جراى للبيع,2300,EGP,used,https://olx.com.eg/en/mobile-phones-accessories/mobile-phones/
موبيل نوت ٥,3000,EGP,used,https://olx.com.eg/en/mobile-phones-accessories/mobile-phones/
موبيل جديد بعلبته وضمانه بكاميرا وخطين وخاصيه تغير الاصوات وميموي,275,EGP,used,https://olx.com.eg/en/mobile-phones-accessories/mobile-phones/
سامسونج جلاكسي a7,2600,EGP,used,https://olx.com.eg/en/mobile-phones-accessories/mobile-phones/
iPhone 7,5000,EGP,used,https://olx.com.eg/en/mobile-phones-accessories/mobile-phones/
موبايل نوكيا دمعه بحالة الزيرو ومعاه الجراب الشفاف الاصلي,600,EGP,used,https://olx.com.eg/en/mobile-phones-accessories/mobile-phones/
هواي p8lite حالة كسر كسر الزيرو رامات 2 زاكراة 16 جيجا,1350,EGP,used,https://olx.com.eg/en/mobile-phones-accessories/mobile-phones/
ايفون 5s,1300,EGP,used,https://olx.com.eg/en/mobile-phones-accessories/mobile-phones/
p9 lite رمات ٣ جيجا هواوي,1600,EGP,used,https://olx.com.eg/en/mobile-phones-accessories/mobile-phones/
انفنكس نوت4مساحه 32 رام 3,2200,EGP,used,https://olx.com.eg/en/mobile-phones-accessories/mobile-phones/
للبدل,1000,EGP,used,https://olx.com.eg/en/mobile-phones-accessories/mobile-phones/
هاااااااااااااااااااااااااااااااااااام,3600,EGP,used,https://olx.com.eg/en/mobile-phones-accessories/mobile-phones/
شاومي ريدمي 5,تبادل,تبادل,used,https://olx.com.eg/en/mobile-phones-accessories/mobile-phones/
لينوفو VIBE P1 كسر زيرو ذهبي,2300,EGP,used,https://olx.com.eg/en/mobile-phones-accessories/mobile-phones/
اتنين ايفون فايف جي وفايف اس للبدل ب ايفون ٦,تبادل,تبادل,used,https://olx.com.eg/en/mobile-phones-accessories/mobile-phones/
ايفون 7 بلس 128 جيجا زيرو 10000,10000,EGP,used,https://olx.com.eg/en/mobile-phones-accessories/mobile-phones/
جهاز Honor 8x زيرو لم يفتح إلا للتجربه Honor 8x Honor,4500,EGP,used,https://olx.com.eg/en/mobile-phones-accessories/mobile-phones/
Iphone 5 32gb,1600,EGP,used,https://olx.com.eg/en/mobile-phones-accessories/mobile-phones/
Note 9 sealed with level u gift,14500,EGP,used,https://olx.com.eg/en/mobile-phones-accessories/mobile-phones/
Oppo a3s,2300,EGP,used,https://olx.com.eg/en/mobile-phones-accessories/mobile-phones/
Huawei (هواوي ميديا باد t3 10) ـ (10 بوصة) ـ استعمال يوم واحد,3000,EGP,used,https://olx.com.eg/en/mobile-phones-accessories/mobile-phones/
تبادل ودفع فرق هواوى y5 بدون مشتملات,تبادل,تبادل,used,https://olx.com.eg/en/mobile-phones-accessories/mobile-phones/
Redmi note 5,3000,EGP,used,https://olx.com.eg/en/mobile-phones-accessories/mobile-phones/
IPhoe6s,3600,EGP,used,https://olx.com.eg/en/mobile-phones-accessories/mobile-phones/
شاومى ريدمى 5 بلاس,2399,EGP,used,https://olx.com.eg/en/mobile-phones-accessories/mobile-phones/
تلفون للبيع,12500,EGP,used,https://olx.com.eg/en/mobile-phones-accessories/mobile-phones/
مبايل سمسونج S3 نيو بابدال oppo f1,Exchange,Exchange,used,https://olx.com.eg/en/mobile-phones-accessories/mobile-phones/
الي ناوي يخلص يكلمني ومش هنختلف,تبادل,تبادل,used,https://olx.com.eg/en/mobile-phones-accessories/mobile-phones/
للبيع او البدال ايفون SE,4000,EGP,used,https://olx.com.eg/en/mobile-phones-accessories/mobile-phones/
ايفون اكس فضي iphone x 64g,15500,EGP,used,https://olx.com.eg/en/mobile-phones-accessories/mobile-phones/
فون ابو f9للبيع,4500,EGP,used,https://olx.com.eg/en/mobile-phones-accessories/mobile-phones/
موبايل هواوي gr5,1500,EGP,used,https://olx.com.eg/en/mobile-phones-accessories/mobile-phones/
Smart watch,600,EGP,used,https://olx.com.eg/en/mobile-phones-accessories/mobile-phones/
infinix hot s 4g 3GB RAM,1500,EGP,used,https://olx.com.eg/en/mobile-phones-accessories/mobile-phones/
سوني s5,1300,EGP,used,https://olx.com.eg/en/mobile-phones-accessories/mobile-phones/
مطلوب ايفون 6s مقفول ايكلود كلين او لوست,800,EGP,used,https://olx.com.eg/en/mobile-phones-accessories/mobile-phones/
iPhone 6 Plus 128g,5000,EGP,used,https://olx.com.eg/en/mobile-phones-accessories/mobile-phones/
iphone 6,2500,EGP,used,https://olx.com.eg/en/mobile-phones-accessories/mobile-phones/
اى فون ٥ اس,1800,EGP,used,https://olx.com.eg/en/mobile-phones-accessories/mobile-phones/
Iphone 6 حاله ممتازه,111,EGP,used,https://olx.com.eg/en/mobile-phones-accessories/mobile-phones/
mobile,3300,EGP,used,https://olx.com.eg/en/mobile-phones-accessories/mobile-phones/
للبيع ف اقرب وقت,250,EGP,used,https://olx.com.eg/en/mobile-phones-accessories/mobile-phones/
موبايلات,1000,EGP,used,https://olx.com.eg/en/mobile-phones-accessories/mobile-phones/
موبايل تكنو بعلته,2000,EGP,used,https://olx.com.eg/en/mobile-phones-accessories/mobile-phones/
لينوفو x2,1200,EGP,used,https://olx.com.eg/en/mobile-phones-accessories/mobile-phones/
جهاز s6 32giga لسه جديد يعتبر ممكن البدل ب ايفون ٦ او ٦+او٦اس,3100,EGP,used,https://olx.com.eg/en/mobile-phones-accessories/mobile-phones/
Samsung note 3 new,1000,EGP,used,https://olx.com.eg/en/mobile-phones-accessories/mobile-phones/
موبايل Samsung S8 كسر زيرو بالعلبة وكل حاجته,6500,EGP,used,https://olx.com.eg/en/mobile-phones-accessories/mobile-phones/
لعشاق منتجات هواوي GR 5 high 2017 كسر زيرو,3500,EGP,used,https://olx.com.eg/en/mobile-phones-accessories/mobile-phones/
Meizu c9,1500,EGP,used,https://olx.com.eg/en/mobile-phones-accessories/mobile-phones/
Samsung grand neo plus,800,EGP,used,https://olx.com.eg/en/mobile-phones-accessories/mobile-phones/
IPhone 7 Plus 256 giga,9000,EGP,used,https://olx.com.eg/en/mobile-phones-accessories/mobile-phones/
IPhone 6s plus,6100,EGP,used,https://olx.com.eg/en/mobile-phones-accessories/mobile-phones/
تليفون للبيع اتش تي سي ديزاير 650,1900,EGP,used,https://olx.com.eg/en/mobile-phones-accessories/mobile-phones/
iphone 6 64 جيجا.,1500,EGP,used,https://olx.com.eg/en/mobile-phones-accessories/mobile-phones/
البطل,5500,EGP,used,https://olx.com.eg/en/mobile-phones-accessories/mobile-phones/
Huawei nova 3i,3800,EGP,used,https://olx.com.eg/en/mobile-phones-accessories/mobile-phones/
لاب توب امريكي صنع ايرلاندي,2100,EGP,used,https://olx.com.eg/en/mobile-phones-accessories/mobile-phones/
انفينكس s3x,تبادل,تبادل,used,https://olx.com.eg/en/mobile-phones-accessories/mobile-phones/
تلفون سامسونج,170,EGP,used,https://olx.com.eg/en/mobile-phones-accessories/mobile-phones/
Hot 6 pro,2150,EGP,used,https://olx.com.eg/en/mobile-phones-accessories/mobile-phones/
ايفون ٦بلس ٦٤ جيجا معاه كرتونه وشاحن بطاريته ٩١%,5800,EGP,used,https://olx.com.eg/en/mobile-phones-accessories/mobile-phones/
نوت8زيرو,8000,EGP,used,https://olx.com.eg/en/mobile-phones-accessories/mobile-phones/
ايباد اير ٦٤ جيجا,7500,EGP,used,https://olx.com.eg/en/mobile-phones-accessories/mobile-phones/
نوكيا3500c,250,EGP,used,https://olx.com.eg/en/mobile-phones-accessories/mobile-phones/
I phone 7 128g,7200,EGP,used,https://olx.com.eg/en/mobile-phones-accessories/mobile-phones/
ابل ايفون ٧ عده متفكتش بحاله جيده جدا كل حاجته ماعدا العلبه ١٢٨جيجا,6500,EGP,used,https://olx.com.eg/en/mobile-phones-accessories/mobile-phones/
Apple iphone 7. 128G,8500,EGP,used,https://olx.com.eg/en/mobile-phones-accessories/mobile-phones/
huawei Gr5,1450,EGP,used,https://olx.com.eg/en/mobile-phones-accessories/mobile-phones/
بيع موبايل جلاكسي A8,6000,EGP,used,https://olx.com.eg/en/mobile-phones-accessories/mobile-phones/
Sony xperia Z3 dual,1550,EGP,used,https://olx.com.eg/en/mobile-phones-accessories/mobile-phones/
iphone xmax 64,23000,EGP,used,https://olx.com.eg/en/mobile-phones-accessories/mobile-phones/
جراند برايم زيرو,1100,EGP,used,https://olx.com.eg/en/mobile-phones-accessories/mobile-phones/
هواوي y6 pro,1300,EGP,used,https://olx.com.eg/en/mobile-phones-accessories/mobile-phones/
سامسونجs6+,3500,EGP,used,https://olx.com.eg/en/mobile-phones-accessories/mobile-phones/
سامسونج,300,EGP,used,https://olx.com.eg/en/mobile-phones-accessories/mobile-phones/
ايفون 5 64 جيجا,1999,EGP,used,https://olx.com.eg/en/mobile-phones-accessories/mobile-phones/
gr5 2017,Exchange,Exchange,used,https://olx.com.eg/en/mobile-phones-accessories/mobile-phones/
J7 2016,2000,EGP,used,https://olx.com.eg/en/mobile-phones-accessories/mobile-phones/
5seشاحن,2350,EGP,used,https://olx.com.eg/en/mobile-phones-accessories/mobile-phones/
كفر الشيخ,2250,EGP,used,https://olx.com.eg/en/mobile-phones-accessories/mobile-phones/
نوكيا 2,1200,EGP,used,https://olx.com.eg/en/mobile-phones-accessories/mobile-phones/
Microsoft 950xl,2200,EGP,used,https://olx.com.eg/en/mobile-phones-accessories/mobile-phones/
تلفون سمسنج,300,EGP,used,https://olx.com.eg/en/mobile-phones-accessories/mobile-phones/
Iphone se 16 rose gold asnew,2999,EGP,used,https://olx.com.eg/en/mobile-phones-accessories/mobile-phones/
Z3 ذاكرة16جيجا,550,EGP,used,https://olx.com.eg/en/mobile-phones-accessories/mobile-phones/
S7 edgللبيع,1500,EGP,used,https://olx.com.eg/en/mobile-phones-accessories/mobile-phones/
ايفون٧بلس احمر للبيع,10000,EGP,used,https://olx.com.eg/en/mobile-phones-accessories/mobile-phones/
Iphone 7/32&iphobe 7plus32,8000,EGP,used,https://olx.com.eg/en/mobile-phones-accessories/mobile-phones/
oppo f5,3500,EGP,used,https://olx.com.eg/en/mobile-phones-accessories/mobile-phones/
هواوي 8c زيرو بدون مشتملات,2500,EGP,used,https://olx.com.eg/en/mobile-phones-accessories/mobile-phones/
ايفون 8 64 giga,7000,EGP,used,https://olx.com.eg/en/mobile-phones-accessories/mobile-phones/
سوني اكسبيريا XZ زيرو بخصم 51%,6666,EGP,used,https://olx.com.eg/en/mobile-phones-accessories/mobile-phones/
موبايل سامسونج موديل GT_E1207Y,325,EGP,used,https://olx.com.eg/en/mobile-phones-accessories/mobile-phones/
ايفون 6بلس 16gb,4200,EGP,used,https://olx.com.eg/en/mobile-phones-accessories/mobile-phones/
Samsung grand dous,850,EGP,used,https://olx.com.eg/en/mobile-phones-accessories/mobile-phones/
اوبو A83,2450,EGP,used,https://olx.com.eg/en/mobile-phones-accessories/mobile-phones/
Oppo F1s,2000,EGP,used,https://olx.com.eg/en/mobile-phones-accessories/mobile-phones/
موبايل سامسونج نوت9 - بالضمان-(sealed ) متبرشم بعلبته,15000,EGP,used,https://olx.com.eg/en/mobile-phones-accessories/mobile-phones/
Y7bro,2700,EGP,used,https://olx.com.eg/en/mobile-phones-accessories/mobile-phones/
هاتف Htc,1000,EGP,used,https://olx.com.eg/en/mobile-phones-accessories/mobile-phones/
حاجاتي,800,EGP,used,https://olx.com.eg/en/mobile-phones-accessories/mobile-phones/
lnfinix not 4 للبيع ممتاز جدا,1800,EGP,used,https://olx.com.eg/en/mobile-phones-accessories/mobile-phones/
Iphone 8 plus 64GB space gray full box like new. أيفون ٨ بلس ٦٤ رماد,12500,EGP,used,https://olx.com.eg/en/mobile-phones-accessories/mobile-phones/
كسر زيرو,1500,EGP,used,https://olx.com.eg/en/mobile-phones-accessories/mobile-phones/
Honor smart band 4 running,300,EGP,used,https://olx.com.eg/en/mobile-phones-accessories/mobile-phones/
Note 9 128 like new 6Ram,14500,EGP,used,https://olx.com.eg/en/mobile-phones-accessories/mobile-phones/
جوني p5w,1300,EGP,used,https://olx.com.eg/en/mobile-phones-accessories/mobile-phones/
موبايل ماركة بيرال شيك و بحالة جيدة جدا بخطين وشغال تمام,100,EGP,used,https://olx.com.eg/en/mobile-phones-accessories/mobile-phones/
موبايل samsung s5 ضارب نص,350,EGP,used,https://olx.com.eg/en/mobile-phones-accessories/mobile-phones/
iphone -Apple 6 gold,5000,EGP,used,https://olx.com.eg/en/mobile-phones-accessories/mobile-phones/
سامسونج A9 pro 2016,3300,EGP,used,https://olx.com.eg/en/mobile-phones-accessories/mobile-phones/
samsung Note 4,2600,EGP,used,https://olx.com.eg/en/mobile-phones-accessories/mobile-phones/
huawei y3c للبدل,550,EGP,used,https://olx.com.eg/en/mobile-phones-accessories/mobile-phones/
nokia X شريحتين جديد زيرو لم يستخدم بعلبته وجميع مشتملاته الأصليه,1000,EGP,used,https://olx.com.eg/en/mobile-phones-accessories/mobile-phones/
Samsung A52017,3000,EGP,used,https://olx.com.eg/en/mobile-phones-accessories/mobile-phones/
i phone 6 32 g kasr zero ..ايفون ٦ .. ٣٢ج كسر زيرو,4900,EGP,used,https://olx.com.eg/en/mobile-phones-accessories/mobile-phones/
ايفون PLUS 6+ / 64GB,5100,EGP,used,https://olx.com.eg/en/mobile-phones-accessories/mobile-phones/
iphone 6plus silver {16GB},5000,EGP,used,https://olx.com.eg/en/mobile-phones-accessories/mobile-phones/
Samsung a3 2016,1700,EGP,used,https://olx.com.eg/en/mobile-phones-accessories/mobile-phones/
Iphone8plus,13000,EGP,used,https://olx.com.eg/en/mobile-phones-accessories/mobile-phones/
مطلوب ايفون مقفول ايكلاود,100,EGP,used,https://olx.com.eg/en/mobile-phones-accessories/mobile-phones/
نوادر تلفون سامسونج جديد للغاوين,800,EGP,used,https://olx.com.eg/en/mobile-phones-accessories/mobile-phones/
جهاز سامسونج نوت ٩,12000,EGP,used,https://olx.com.eg/en/mobile-phones-accessories/mobile-phones/
Samsung Galaxy j7,1800,EGP,used,https://olx.com.eg/en/mobile-phones-accessories/mobile-phones/
فون هواوي يو 6,1000,EGP,used,https://olx.com.eg/en/mobile-phones-accessories/mobile-phones/
هواي جي ار فيف 2017,1300,EGP,used,https://olx.com.eg/en/mobile-phones-accessories/mobile-phones/
هواوي p9 حالته ممتازه,3000,EGP,used,https://olx.com.eg/en/mobile-phones-accessories/mobile-phones/
IPhone 7 Rose Gold 128g,7000,EGP,used,https://olx.com.eg/en/mobile-phones-accessories/mobile-phones/
Infinix hot 4 pro للبيع فقط ف اسرع وقت,1000,EGP,used,https://olx.com.eg/en/mobile-phones-accessories/mobile-phones/
هواوي y7,100,EGP,used,https://olx.com.eg/en/mobile-phones-accessories/mobile-phones/
Sony xperia xz2,8000,EGP,used,https://olx.com.eg/en/mobile-phones-accessories/mobile-phones/
تابلت,1700,EGP,used,https://olx.com.eg/en/mobile-phones-accessories/mobile-phones/
ايفون,4500,EGP,used,https://olx.com.eg/en/mobile-phones-accessories/mobile-phones/
Galaxy Note 8 Dous,6500,EGP,used,https://olx.com.eg/en/mobile-phones-accessories/mobile-phones/
Samsung j7 for sale,1900,EGP,used,https://olx.com.eg/en/mobile-phones-accessories/mobile-phones/
تليفونات,12000,EGP,used,https://olx.com.eg/en/mobile-phones-accessories/mobile-phones/
opoo a57 للبيع,2600,EGP,used,https://olx.com.eg/en/mobile-phones-accessories/mobile-phones/
Infinix hot 4,2000,EGP,used,https://olx.com.eg/en/mobile-phones-accessories/mobile-phones/
بلاستيشن وان سونى بالكرتونه بجميع مشتملاته,475,EGP,used,https://olx.com.eg/en/mobile-phones-accessories/mobile-phones/
Samsung Galaxy J6+,2730,EGP,used,https://olx.com.eg/en/mobile-phones-accessories/mobile-phones/
Jjjjjj,1600,EGP,used,https://olx.com.eg/en/mobile-phones-accessories/mobile-phones/
infinix smart بحاله جيده بكل محتوياته,1250,EGP,used,https://olx.com.eg/en/mobile-phones-accessories/mobile-phones/
iPhone 7 plus 128 giga جديد متبرشيم بضمان معتمده,11400,EGP,used,https://olx.com.eg/en/mobile-phones-accessories/mobile-phones/
i phone 6s 64 GB,4500,EGP,used,https://olx.com.eg/en/mobile-phones-accessories/mobile-phones/
Samsung A7 2017,3500,EGP,used,https://olx.com.eg/en/mobile-phones-accessories/mobile-phones/
iPhone SE 32GB Silver NEW,4400,EGP,used,https://olx.com.eg/en/mobile-phones-accessories/mobile-phones/
ايفون6sبلس 16,5250,EGP,used,https://olx.com.eg/en/mobile-phones-accessories/mobile-phones/
اربعه سامسونج جلاكسي ممتازين جدانت وواى فاى ومساحةاتنين خط اتنين كميرا,3700,EGP,used,https://olx.com.eg/en/mobile-phones-accessories/mobile-phones/
Nova3i,4000,EGP,used,https://olx.com.eg/en/mobile-phones-accessories/mobile-phones/
IPhone 7,6500,EGP,used,https://olx.com.eg/en/mobile-phones-accessories/mobile-phones/
لوميا,600,EGP,used,https://olx.com.eg/en/mobile-phones-accessories/mobile-phones/
موبايل للبيع,750,EGP,used,https://olx.com.eg/en/mobile-phones-accessories/mobile-phones/
هواوي y6 برو,1000,EGP,used,https://olx.com.eg/en/mobile-phones-accessories/mobile-phones/
iPhone 7 128 black matt جديد لم يستخدم اصلي,7500,EGP,used,https://olx.com.eg/en/mobile-phones-accessories/mobile-phones/
جهاز نوت3بديل بايفون,تبادل,تبادل,used,https://olx.com.eg/en/mobile-phones-accessories/mobile-phones/
هونر 8,3500,EGP,used,https://olx.com.eg/en/mobile-phones-accessories/mobile-phones/
Sony Z3,2000,EGP,used,https://olx.com.eg/en/mobile-phones-accessories/mobile-phones/
Infinix hot 5,1500,EGP,used,https://olx.com.eg/en/mobile-phones-accessories/mobile-phones/
iPhone s6+,تبادل,تبادل,used,https://olx.com.eg/en/mobile-phones-accessories/mobile-phones/
سامسونج,2100,EGP,used,https://olx.com.eg/en/mobile-phones-accessories/mobile-phones/
I phone 6s 64g,2000,EGP,used,https://olx.com.eg/en/mobile-phones-accessories/mobile-phones/
Huawei gr5 مع تلت هدايا,2200,EGP,used,https://olx.com.eg/en/mobile-phones-accessories/mobile-phones/
سامسونج جراند1,500,EGP,used,https://olx.com.eg/en/mobile-phones-accessories/mobile-phones/
iphone 7 plus,9500,EGP,used,https://olx.com.eg/en/mobile-phones-accessories/mobile-phones/
نوكيا ٥١٣٠,200,EGP,used,https://olx.com.eg/en/mobile-phones-accessories/mobile-phones/
جالاكسي جي ٥,350,EGP,used,https://olx.com.eg/en/mobile-phones-accessories/mobile-phones/
انفنكس هوت5للبدل او البيع,1300,EGP,used,https://olx.com.eg/en/mobile-phones-accessories/mobile-phones/
Samsungs6edg,2999,EGP,used,https://olx.com.eg/en/mobile-phones-accessories/mobile-phones/
سمسنج,400,EGP,used,https://olx.com.eg/en/mobile-phones-accessories/mobile-phones/
سامسونج s3,800,EGP,used,https://olx.com.eg/en/mobile-phones-accessories/mobile-phones/
OppoA3s,2200,EGP,used,https://olx.com.eg/en/mobile-phones-accessories/mobile-phones/
موبايل اونور 8X بشريحتيّ اتصال - 128 جيجا، 4 جيجا رام، الجيل الرابع,4999,EGP,used,https://olx.com.eg/en/mobile-phones-accessories/mobile-phones/
المطلوب بااقص سرعه وبااي سعر سامسونجn620,50,EGP,used,https://olx.com.eg/en/mobile-phones-accessories/mobile-phones/
انفينكس زيرو ٤ كسر كسر زيرو للبيع فقط,2750,EGP,used,https://olx.com.eg/en/mobile-phones-accessories/mobile-phones/
ايفون 8 بلس,12000,EGP,used,https://olx.com.eg/en/mobile-phones-accessories/mobile-phones/
للليعj7 pro,3000,EGP,used,https://olx.com.eg/en/mobile-phones-accessories/mobile-phones/
Y7prime2019,3200,EGP,used,https://olx.com.eg/en/mobile-phones-accessories/mobile-phones/
lg g5,2400,EGP,used,https://olx.com.eg/en/mobile-phones-accessories/mobile-phones/
شاومى نوت 4 64g 4 ram,3200,EGP,used,https://olx.com.eg/en/mobile-phones-accessories/mobile-phones/
اوبو a57,تبادل,تبادل,used,https://olx.com.eg/en/mobile-phones-accessories/mobile-phones/
ايفون 8بلس,13500,EGP,used,https://olx.com.eg/en/mobile-phones-accessories/mobile-phones/
سامسونج s6,2000,EGP,used,https://olx.com.eg/en/mobile-phones-accessories/mobile-phones/
شاومي نوت 4 redmi note,2000,EGP,used,https://olx.com.eg/en/mobile-phones-accessories/mobile-phones/
سامسونج نوت4G 4,3000,EGP,used,https://olx.com.eg/en/mobile-phones-accessories/mobile-phones/
Xperia XA Ultra,2500,EGP,used,https://olx.com.eg/en/mobile-phones-accessories/mobile-phones/
ايفون 6s64,4500,EGP,used,https://olx.com.eg/en/mobile-phones-accessories/mobile-phones/
i phone 6 plus,5000,EGP,used,https://olx.com.eg/en/mobile-phones-accessories/mobile-phones/
i phone 6s,4500,EGP,used,https://olx.com.eg/en/mobile-phones-accessories/mobile-phones/
شريحة شحن هواء 011,100,EGP,used,https://olx.com.eg/en/mobile-phones-accessories/mobile-phones/
ايفون8 64,8000,EGP,used,https://olx.com.eg/en/mobile-phones-accessories/mobile-phones/
ايفون فور,900,EGP,used,https://olx.com.eg/en/mobile-phones-accessories/mobile-phones/
iPhoner 6plus,4750,EGP,used,https://olx.com.eg/en/mobile-phones-accessories/mobile-phones/
اسلام,4500,EGP,used,https://olx.com.eg/en/mobile-phones-accessories/mobile-phones/
سامسونج جالكسي اس ٧ ادج Samsung galaxy s 7 edge,5200,EGP,used,https://olx.com.eg/en/mobile-phones-accessories/mobile-phones/
موبايل,1699,EGP,used,https://olx.com.eg/en/mobile-phones-accessories/mobile-phones/
للبيع موبايل htc one x9,3500,EGP,used,https://olx.com.eg/en/mobile-phones-accessories/mobile-phones/
شرااء,100,EGP,used,https://olx.com.eg/en/mobile-phones-accessories/mobile-phones/
Iphone 8 plus 64g,13750,EGP,used,https://olx.com.eg/en/mobile-phones-accessories/mobile-phones/
سامسونجS4 كسرزيرو لقطه,1200,EGP,used,https://olx.com.eg/en/mobile-phones-accessories/mobile-phones/
للبيع ثلاثة خطوط اتصالات بارقام مميزه,330,EGP,used,https://olx.com.eg/en/mobile-phones-accessories/mobile-phones/
Samsung j5,1850,EGP,used,https://olx.com.eg/en/mobile-phones-accessories/mobile-phones/
IPhone 6,3700,EGP,used,https://olx.com.eg/en/mobile-phones-accessories/mobile-phones/
تليفون ايفون صينى قطع غيار,200,EGP,used,https://olx.com.eg/en/mobile-phones-accessories/mobile-phones/
Iphone 6s plus 64g,6000,EGP,used,https://olx.com.eg/en/mobile-phones-accessories/mobile-phones/
Sico plus 2,550,EGP,used,https://olx.com.eg/en/mobile-phones-accessories/mobile-phones/
انفنيكس نوت 4,1200,EGP,used,https://olx.com.eg/en/mobile-phones-accessories/mobile-phones/
J5/2016 تلفون,1150,EGP,used,https://olx.com.eg/en/mobile-phones-accessories/mobile-phones/
Insta360 Nano 360 Degree Camera VR 3D Panoramic Point,1759,EGP,used,https://olx.com.eg/en/mobile-phones-accessories/mobile-phones/
سامسونج جلاكسى E7 بحاله جيده,350,EGP,used,https://olx.com.eg/en/mobile-phones-accessories/mobile-phones/
قطع غيار تليفونات أرضي جميع الموديلات,50,EGP,used,https://olx.com.eg/en/mobile-phones-accessories/mobile-phones/
ايفون 6s,4700,EGP,used,https://olx.com.eg/en/mobile-phones-accessories/mobile-phones/
موبيل زيروو رامات 2 وذاكره 16 + بصمه بكل حاجته,1150,EGP,used,https://olx.com.eg/en/mobile-phones-accessories/mobile-phones/
Tab lenosd مستورد بالشحن الاصلي,900,EGP,used,https://olx.com.eg/en/mobile-phones-accessories/mobile-phones/
موبيل اوبو بحالة ممتازة,3200,EGP,used,https://olx.com.eg/en/mobile-phones-accessories/mobile-phones/
YOTa 3+,6000,EGP,used,https://olx.com.eg/en/mobile-phones-accessories/mobile-phones/
J6 2018 استخدام شهرين,2400,EGP,used,https://olx.com.eg/en/mobile-phones-accessories/mobile-phones/
هواوى نوفا3,4950,EGP,used,https://olx.com.eg/en/mobile-phones-accessories/mobile-phones/
iphone6 64 giga,3300,EGP,used,https://olx.com.eg/en/mobile-phones-accessories/mobile-phones/
ايفون 6بلس,4400,EGP,used,https://olx.com.eg/en/mobile-phones-accessories/mobile-phones/
جلاكسي,2500,EGP,used,https://olx.com.eg/en/mobile-phones-accessories/mobile-phones/
Samsung galaxy A9 2019,8599,EGP,used,https://olx.com.eg/en/mobile-phones-accessories/mobile-phones/
Infinix hot s,500,EGP,used,https://olx.com.eg/en/mobile-phones-accessories/mobile-phones/
أى فون للبيع,3000,EGP,used,https://olx.com.eg/en/mobile-phones-accessories/mobile-phones/
ايفون 6s بلس 16 جيجا iphone 6s plus,5500,EGP,used,https://olx.com.eg/en/mobile-phones-accessories/mobile-phones/
انفنكس هوت فور لايت الصور دي من كاميرا الفون من غير تعديل,1000,EGP,used,https://olx.com.eg/en/mobile-phones-accessories/mobile-phones/
Samsung Galaxy Note Edge,3200,EGP,used,https://olx.com.eg/en/mobile-phones-accessories/mobile-phones/
iphone 7,9000,EGP,used,https://olx.com.eg/en/mobile-phones-accessories/mobile-phones/
بلاك بيري كرف2 موديل 9220,180,EGP,used,https://olx.com.eg/en/mobile-phones-accessories/mobile-phones/
ميني ايفون 6 صيني,250,EGP,used,https://olx.com.eg/en/mobile-phones-accessories/mobile-phones/
"Apple iPhone SE with FaceTime - 32GB, 4G LTE, Space Gray",5299,EGP,used,https://olx.com.eg/en/mobile-phones-accessories/mobile-phones/
Iphone 5 16GB,900,EGP,used,https://olx.com.eg/en/mobile-phones-accessories/mobile-phones/
iphone سكس اس بلس 64 جيجا,7700,EGP,used,https://olx.com.eg/en/mobile-phones-accessories/mobile-phones/
Samsung Galaxy j7 coreمستعمله بحالة جيدة بالضمان والكرتونة,1500,EGP,used,https://olx.com.eg/en/mobile-phones-accessories/mobile-phones/
iPhone 6s 16g,3500,EGP,used,https://olx.com.eg/en/mobile-phones-accessories/mobile-phones/
قسط ايفون IPhone Xs Max بالبطاقة بأقل مقدم واستلم في نفس اليوم,1000,EGP,used,https://olx.com.eg/en/mobile-phones-accessories/mobile-phones/
Note2,1600,EGP,used,https://olx.com.eg/en/mobile-phones-accessories/mobile-phones/
Pixel 3 from Google 64GB Unlocked,15001,EGP,used,https://olx.com.eg/en/mobile-phones-accessories/mobile-phones/
Tecno N9,1100,EGP,used,https://olx.com.eg/en/mobile-phones-accessories/mobile-phones/
ipad aire1 new from USA,3700,EGP,used,https://olx.com.eg/en/mobile-phones-accessories/mobile-phones/
مطلوب iPhone5s,مجاناً,مجاناً,used,https://olx.com.eg/en/mobile-phones-accessories/mobile-phones/
Xiaomi Redmi 4A 16GB,1100,EGP,used,https://olx.com.eg/en/mobile-phones-accessories/mobile-phones/
تلفون a1000بي,500,EGP,used,https://olx.com.eg/en/mobile-phones-accessories/mobile-phones/
i phone 6 plus 64 giga,5700,EGP,used,https://olx.com.eg/en/mobile-phones-accessories/mobile-phones/
حسنhh,11000,EGP,used,https://olx.com.eg/en/mobile-phones-accessories/mobile-phones/
Huawei Y5 II,950,EGP,used,https://olx.com.eg/en/mobile-phones-accessories/mobile-phones/
مطلوب بورده هواوي y5 ll,200,EGP,used,https://olx.com.eg/en/mobile-phones-accessories/mobile-phones/
Nokia 110 متاح للجملة والقطاعى,290,EGP,used,https://olx.com.eg/en/mobile-phones-accessories/mobile-phones/
شاومي نوت ٥ برو,تبادل,تبادل,used,https://olx.com.eg/en/mobile-phones-accessories/mobile-phones/
ايفون ٦ ١٦ جيجا للبيع,3500,EGP,used,https://olx.com.eg/en/mobile-phones-accessories/mobile-phones/
سامسونج جلاجسي نوت 9 نسخة 128 زيرو,15000,EGP,used,https://olx.com.eg/en/mobile-phones-accessories/mobile-phones/
موبيل سامسونج S6,2650,EGP,used,https://olx.com.eg/en/mobile-phones-accessories/mobile-phones/
سامسونج نوت ٣,2400,EGP,used,https://olx.com.eg/en/mobile-phones-accessories/mobile-phones/
تقسيط موبايلات,12000,EGP,used,https://olx.com.eg/en/mobile-phones-accessories/mobile-phones/
iphone 3gs new,700,EGP,used,https://olx.com.eg/en/mobile-phones-accessories/mobile-phones/
S9 plusقسط بدون فوايد,1500,EGP,used,https://olx.com.eg/en/mobile-phones-accessories/mobile-phones/
موبايل اوبوa3s,2200,EGP,used,https://olx.com.eg/en/mobile-phones-accessories/mobile-phones/
Buying OnePlus 6/6T مطلوب,مجاناً,مجاناً,used,https://olx.com.eg/en/mobile-phones-accessories/mobile-phones/
iphone 6s,5500,EGP,used,https://olx.com.eg/en/mobile-phones-accessories/mobile-phones/
Iphone Xs max & Xs -X عرض جديد بسعر جديد -> اجهزه اصلي 100% باقل سعر,14600,EGP,used,https://olx.com.eg/en/mobile-phones-accessories/mobile-phones/
للبيع,1850,EGP,used,https://olx.com.eg/en/mobile-phones-accessories/mobile-phones/
Jv prime,1800,EGP,used,https://olx.com.eg/en/mobile-phones-accessories/mobile-phones/
A7000 plus ٥.٥ بوصة ثمانى ورامات 2 ميمورى 16 بالكرتونة وجميع مشتملات,1299,EGP,used,https://olx.com.eg/en/mobile-phones-accessories/mobile-phones/
سوني اريكسون ضد المياه مفهوش اي حاجه لسه شاري بقالو ومعايا سنه,700,EGP,used,https://olx.com.eg/en/mobile-phones-accessories/mobile-phones/
honor view 20,10500,EGP,used,https://olx.com.eg/en/mobile-phones-accessories/mobile-phones/
oppo neo7,تبادل,تبادل,used,https://olx.com.eg/en/mobile-phones-accessories/mobile-phones/
note 4,2000,EGP,used,https://olx.com.eg/en/mobile-phones-accessories/mobile-phones/
Note 8 for sall or trade with Note 9,9500,EGP,used,https://olx.com.eg/en/mobile-phones-accessories/mobile-phones/
موبايل Tecno CX AIR,1900,EGP,used,https://olx.com.eg/en/mobile-phones-accessories/mobile-phones/
Blackberry,250,EGP,used,https://olx.com.eg/en/mobile-phones-accessories/mobile-phones/
Sony Xperia Z5 dual used for 1 day 2/3/2019,2900,EGP,used,https://olx.com.eg/en/mobile-phones-accessories/mobile-phones/
ايفون 6 عادي,3500,EGP,used,https://olx.com.eg/en/mobile-phones-accessories/mobile-phones/
اوبو نيو 5,800,EGP,used,https://olx.com.eg/en/mobile-phones-accessories/mobile-phones/
Iphone 6plus,5500,EGP,used,https://olx.com.eg/en/mobile-phones-accessories/mobile-phones/
موبايل جى 5 برو سامسونج للبيع,2750,EGP,used,https://olx.com.eg/en/mobile-phones-accessories/mobile-phones/
ايفون 5G,1000,EGP,used,https://olx.com.eg/en/mobile-phones-accessories/mobile-phones/
موبيل سامسونج j7prim,1500,EGP,used,https://olx.com.eg/en/mobile-phones-accessories/mobile-phones/
samsung note 8 gold douse 64 GBسامسونج نوت ٨ شريحتين جولد ٦٤,10000,EGP,used,https://olx.com.eg/en/mobile-phones-accessories/mobile-phones/
htc 626,1100,EGP,used,https://olx.com.eg/en/mobile-phones-accessories/mobile-phones/
للبيع موبايل Note 5,4200,EGP,used,https://olx.com.eg/en/mobile-phones-accessories/mobile-phones/
موبايل أونر 4 للبيع,950,EGP,used,https://olx.com.eg/en/mobile-phones-accessories/mobile-phones/
أيفوناااااات كسر زيرووو,5000,EGP,used,https://olx.com.eg/en/mobile-phones-accessories/mobile-phones/
تلفون A2laite جولد روز استعمال خفيف بالكرتونة,2850,EGP,used,https://olx.com.eg/en/mobile-phones-accessories/mobile-phones/
تليفون سامسونج جالاكسي اس 3,800,EGP,used,https://olx.com.eg/en/mobile-phones-accessories/mobile-phones/
موبيل سمسونج حاله مستعمل شهرين الزرر مش شغل في النص بس بسم الله ماشاء,900,EGP,used,https://olx.com.eg/en/mobile-phones-accessories/mobile-phones/
أيفون ٧ جولد جديد تمامآ,7000,EGP,used,https://olx.com.eg/en/mobile-phones-accessories/mobile-phones/
نوكيا ٣٣١٠ الصلي,600,EGP,used,https://olx.com.eg/en/mobile-phones-accessories/mobile-phones/
A72016,2800,EGP,used,https://olx.com.eg/en/mobile-phones-accessories/mobile-phones/
y7 prime 2018,2400,EGP,used,https://olx.com.eg/en/mobile-phones-accessories/mobile-phones/
Xaomi Mi A1,2800,EGP,used,https://olx.com.eg/en/mobile-phones-accessories/mobile-phones/
Note 9 512zero,15999,EGP,used,https://olx.com.eg/en/mobile-phones-accessories/mobile-phones/
نوت 4 مع كل مشتملاته ومعاه سنون القلم و متفتحش,2500,EGP,used,https://olx.com.eg/en/mobile-phones-accessories/mobile-phones/
Tecno spark,1500,EGP,used,https://olx.com.eg/en/mobile-phones-accessories/mobile-phones/
IPhone 6s+,6000,EGP,used,https://olx.com.eg/en/mobile-phones-accessories/mobile-phones/
موبايل سوني,3000,EGP,used,https://olx.com.eg/en/mobile-phones-accessories/mobile-phones/
ارقام مميزه كارت شحن للبيع رقم مميز جدا ارقام مميزة,3200,EGP,used,https://olx.com.eg/en/mobile-phones-accessories/mobile-phones/
سامسونج J2 مساحة داخلية 8 2 كاميرا + فلاش حالته كويسة به تقشير في الفر,850,EGP,used,https://olx.com.eg/en/mobile-phones-accessories/mobile-phones/
ارقام مميزة للبيع رقم مميز كارت شحن بالعلبه ارقام مميزه,1999,EGP,used,https://olx.com.eg/en/mobile-phones-accessories/mobile-phones/
Google Pixel 3 - Not Pink - 64GB,11999,EGP,used,https://olx.com.eg/en/mobile-phones-accessories/mobile-phones/
موبيل نوكيا,200,EGP,used,https://olx.com.eg/en/mobile-phones-accessories/mobile-phones/
Zte Nubia X,9499,EGP,used,https://olx.com.eg/en/mobile-phones-accessories/mobile-phones/
Samsung s6,1800,EGP,used,https://olx.com.eg/en/mobile-phones-accessories/mobile-phones/
Samsung s8 64gb,9000,EGP,used,https://olx.com.eg/en/mobile-phones-accessories/mobile-phones/
لبيع أو بدل بحاله ممتازه استعمال شهرين بس جديد,تبادل,تبادل,used,https://olx.com.eg/en/mobile-phones-accessories/mobile-phones/
سامسونج جلاكسي J1mini prime,300,EGP,used,https://olx.com.eg/en/mobile-phones-accessories/mobile-phones/
samsung j7 2016,2000,EGP,used,https://olx.com.eg/en/mobile-phones-accessories/mobile-phones/
huawei g8,1500,EGP,used,https://olx.com.eg/en/mobile-phones-accessories/mobile-phones/
شاومي نوت ٥,3100,EGP,used,https://olx.com.eg/en/mobile-phones-accessories/mobile-phones/
Nokia 6,2500,EGP,used,https://olx.com.eg/en/mobile-phones-accessories/mobile-phones/
Mate 10 pro 128gb 6 ram moca,8000,EGP,used,https://olx.com.eg/en/mobile-phones-accessories/mobile-phones/
Oppo A57 3g ram 64g,1680,EGP,used,https://olx.com.eg/en/mobile-phones-accessories/mobile-phones/
هاتف هواوي g750بحاله جيده ممتازه ومعه مستلزماته,1500,EGP,used,https://olx.com.eg/en/mobile-phones-accessories/mobile-phones/
OPPO a57,2500,EGP,used,https://olx.com.eg/en/mobile-phones-accessories/mobile-phones/
موبايل اينفنكس حاله الجديد ١رام ١٦ جيجا بصمه حالته كسر زيرو,1400,EGP,used,https://olx.com.eg/en/mobile-phones-accessories/mobile-phones/
Alcatel pixi 4 6 inc شاشه عملاقه,1100,EGP,used,https://olx.com.eg/en/mobile-phones-accessories/mobile-phones/
Huawei y9 2019 - هواوي y9 2019,5500,EGP,used,https://olx.com.eg/en/mobile-phones-accessories/mobile-phones/
هواوي Y6 بصمه 2018 جديد للبدل باعلي في شرخ بس في الباغه بس شغال كويس,تبادل,تبادل,used,https://olx.com.eg/en/mobile-phones-accessories/mobile-phones/
Oppo a3s استعمال شهرين,2200,EGP,used,https://olx.com.eg/en/mobile-phones-accessories/mobile-phones/
أبل أيفون 6 بلس,6000,EGP,used,https://olx.com.eg/en/mobile-phones-accessories/mobile-phones/
لينوفو S5 ٤ جيجا رام,3100,EGP,used,https://olx.com.eg/en/mobile-phones-accessories/mobile-phones/
ايفون سكس اس بلس ٦٤ب. ٦٥٠٠,6500,EGP,used,https://olx.com.eg/en/mobile-phones-accessories/mobile-phones/
Samsung s8 duos,5300,EGP,used,https://olx.com.eg/en/mobile-phones-accessories/mobile-phones/
ايفون 6 بلس,3500,EGP,used,https://olx.com.eg/en/mobile-phones-accessories/mobile-phones/
J7 pro 64G,3300,EGP,used,https://olx.com.eg/en/mobile-phones-accessories/mobile-phones/
Honor 10,5500,EGP,used,https://olx.com.eg/en/mobile-phones-accessories/mobile-phones/
ايفون٦ لسرعه البيع,3300,EGP,used,https://olx.com.eg/en/mobile-phones-accessories/mobile-phones/
Iphone 6,3500,EGP,used,https://olx.com.eg/en/mobile-phones-accessories/mobile-phones/
هواوي,500,EGP,used,https://olx.com.eg/en/mobile-phones-accessories/mobile-phones/
Iphone 7 plus 128 giga,9200,EGP,used,https://olx.com.eg/en/mobile-phones-accessories/mobile-phones/
سمعات hamuur,750,EGP,used,https://olx.com.eg/en/mobile-phones-accessories/mobile-phones/
not 4 32 giga,1900,EGP,used,https://olx.com.eg/en/mobile-phones-accessories/mobile-phones/
جديد متبرشيم الحق العرض iPhone 7 plus 128 giga,11400,EGP,used,https://olx.com.eg/en/mobile-phones-accessories/mobile-phones/
تقسيط iPhone 6s plus 32G,440,EGP,used,https://olx.com.eg/en/mobile-phones-accessories/mobile-phones/
z5 premuim قطع غيار الشاشه تعمل والهاتف يعمل,2000,EGP,used,https://olx.com.eg/en/mobile-phones-accessories/mobile-phones/
samsung s9 plus 64gb,9200,EGP,used,https://olx.com.eg/en/mobile-phones-accessories/mobile-phones/
Huawei mate 9 64 giga 4ram,3200,EGP,used,https://olx.com.eg/en/mobile-phones-accessories/mobile-phones/
فونن جي 7 للتبادل,تبادل,تبادل,used,https://olx.com.eg/en/mobile-phones-accessories/mobile-phones/
سامسونج جلاكسي جراند برايم بلس,1250,EGP,used,https://olx.com.eg/en/mobile-phones-accessories/mobile-phones/
iPhone 6 32giga,4200,EGP,used,https://olx.com.eg/en/mobile-phones-accessories/mobile-phones/
Tecon pop1,1200,EGP,used,https://olx.com.eg/en/mobile-phones-accessories/mobile-phones/
iPhone,5000,EGP,used,https://olx.com.eg/en/mobile-phones-accessories/mobile-phones/
سامسونج نوت٣ ٣٢جيجا,1450,EGP,used,https://olx.com.eg/en/mobile-phones-accessories/mobile-phones/
iphone 6g 64,4500,EGP,used,https://olx.com.eg/en/mobile-phones-accessories/mobile-phones/
helwen,11200,EGP,used,https://olx.com.eg/en/mobile-phones-accessories/mobile-phones/
