,mobiles,price,currency
0,"Samsung Galaxy S10 Plus, 8G RAM, Dual SIM, 6.4-inch, 4G LTE",17770,EGP
1,"Samsung Galaxy S10, 128GB, 8G RAM, Dual SIM, 6.1-inch, 4G LTE",16499,EGP
2,"Samsung Galaxy J2 Core (J260FD), 8GB, 1G RAM, Dual SIM, 5.0-inch, 4G LTE",1599,EGP
3,"Honor 8C, 32GB, 3G RAM, Dual SIM, 6.26-inch, 4G LTE",3299,EGP
4,"Honor View 20, 256GB, 8G RAM, Dual SIM, 6.4-inch, 4G LTE",12222,EGP
5,"Huawei Mate 20 PRO, 128GB, 6GB RAM Dual SIM, 6.39-inch, 4G LTE",17599,EGP
6,"Huawei Y7 Prime 2019, 32GB, 3GB RAM Dual SIM, 6.26-inch, 4G LTE",4250,EGP
7,"Realme C1, 16GB, 2G RAM, Dual SIM, 6.2-inch, 4G LTE",2190,EGP
8,"Nokia 3.1, 32GB, Dual Sim, 5.2"", 4G LTE ",2665,EGP
9,"Realme 2 PRO, 64GB, 4G RAM, Dual SIM, 6.3 inch, 4G LTE",3990,EGP
10,"Realme 2 PRO, 128GB, 8G RAM, Dual SIM, 6.3 inch, 4G LTE",5790,EGP
11,"Samsung Galaxy J4 Core, 16GB, 1G RAM, Dual SIM, 6.0-inch, 4G LTE",1920,EGP
12,"Honor 10 lite, 64GB, 3G RAM Dual SIM, 6.21-inch, 4G LTE",3777,EGP
13,"Oppo A7, 64GB 3G RAM, Dual SIM, 6.2-inch, 4G LTE",4290,EGP
14,"Huawei Mate 20, 128GB, 6GB RAM Dual SIM, 6.53-inch, 4G LTE",12399,EGP
15,"Xiaomi Mi Max 3, 64GB, Dual SIM, 6.9-inch, 4G LTE",5222,EGP
16,"Samsung Galaxy A9 2018 (A920), 128GB, Dual SIM, 6.3-inch, 4G LTE",9550,EGP
17,"Sico Topaz, 16GB, Dual SIM, 5.2"", 4G LTE - Black",1425,EGP
18,"Sico More 3, Dual SIM, 4.0-inch - Black",700,EGP
19,"Sico Mini 4, Dual SIM, 1.77-inch - Black",195,EGP
20,"Moto E5 Plus, 32GB, Dual SIM, 6.0-inch, 4G LTE",2999,EGP
21,"Moto G6, 64GB, Dual SIM, 5.7-inch, 4G LTE",4499,EGP
22,"Infinix Hot 6X, 32GB, Dual SIM, X623H 6.2 inch, 4G LTE",2839,EGP
23,"Infinix Hot 6X, 16GB, Dual SIM, X623 6.2 inch, 4G LTE",2499,EGP
24,"Infinix Note 5 Stylus, Dual SIM, X605 6.0 inch, 4G LTE",4155,EGP
25,"Infinix S3X, 32GB, Dual SIM, X622 6.2"", 4G LTE",3099,EGP
26,"Honor 8X 64GB - Dual SIM, 6.3 inch - 4G LTE ",4444,EGP
27,"Huawei Y5 Lite, 16GB, Dual SIM, 5.45"", 4G LTE",1630,EGP
28,"Xiaomi Mi 8 Pro, 128GB, Dual SIM, 6.21-inch, 4G LTE",9999,EGP
29,"Xiaomi Mi 8 Lite, 128GB, Dual SIM, 6.26-inch, 4G LTE ",5444,EGP
30,"Xiaomi Mi 8 Lite, 64GB, Dual SIM, 6.26-inch, 4G LTE",4666,EGP
31,"Nokia 8.1, 64GB, Dual SIM, 6.18-inch, 4G LTE",7749,EGP
32,"Nokia 7.1, 64GB, Dual SIM, 5.84-inch, 4G LTE",5599,EGP
33,"Nokia 6.1 Plus (X6), 64GB, Dual SIM, 5.8-inch, 4G LTE ",4499,EGP
34,"Nokia 5.1 Plus (X5), 32GB, Dual SIM, 5.86-inch, 4G LTE ",3650,EGP
35,"Nokia 5.1, 32GB, Dual SIM, 5.5-inch, 4G LTE ",3550,EGP
36,"Nokia 3.1 Plus, 32GB, Dual SIM, 6.0-inch, 4G LTE ",3050,EGP
37,"Nokia 2.1, 8GB, Dual SIM, 5.5-inch, 4G LTE ",1799,EGP
38,"Nokia 106, 1.8-inch - Black",349,EGP
39,"Samsung Galaxy A7 2018, 128GB - Dual SIM, 6.0 inch - 4G LTE",5440,EGP
40,"Samsung Galaxy Note 9 - 512GB, Dual SIM, 6.4 inch - 4G LTE ",19770,EGP
41,"Tecno Camon 11, 32GB, Dual SIM, 6.2 inch, 4GB LTE",2888,EGP
42,"Oppo A3s, 32GB, Dual SIM, 6.2"", 4G LTE ",3590,EGP
43,"Huawei Y9 2019, 64GB, Dual SIM, 6.5"", 4G LTE",4195,EGP
44,"Energizer Power Max P20, Dual SIM, 2.8 inch - Black",599,EGP
45,"Xiaomi Redmi Note 6 Pro, 64GB, Dual SIM, 6.26 inch, 4G LTE",3970,EGP
46,"Xiaomi Redmi Note 6 Pro - 32GB, Dual SIM, 6.26 inch, 4G LTE",3450,EGP
47,"OnePlus 6 Dual Sim - 64GB, 6GB RAM, 4G LTE",11390,EGP
48,"Tecno T349, 4MB, Dual SIM, 1.77 inch",199,EGP
49,"Tecno T312, 4MB, Dual SIM, 1.77 inch",225,EGP
50,"Tecno Spark K7, 16GB, Dual SIM, 5.5"", 3G ",1777,EGP
51,"Tecno Pop1 S, 16GB, Dual SIM, 5.5"", 4G LTE",1599,EGP
52,"Tecno F1, 8GB, Dual SIM, 5.0"", 3G",1075,EGP
53,"Google Pixel 2, Dual SIM, 5.0 inch, 4G LTE",15999,EGP
54,"Energizer E11, Dual SIM, 1.8 inch - Black",289,EGP
55,"Energizer E10 Plus, Dual SIM, 1.8 inch - Black",249,EGP
56,"Apple iPhone Xs Max Dual SIM, With FaceTime, 6.5 inch - 4G LTE",22990,EGP
57,"Honor 8X 128GB - Dual SIM, 6.3 inch - 4G LTE",5100,EGP
58,"Samsung Galaxy J6 Plus, 32GB, Dual SIM, J610F, 6.0"", 4G LTE",3300,EGP
59,"Samsung Galaxy J4 Plus, 32GB, Dual SIM, J415F, 6.0"", 4G LTE",2850,EGP
60,"Honor Play, 64GB, Dual SIM, 6.3"", 4G LTE",5295,EGP
61,"Sony Xperia Z5 Premium, 32GB, Dual SIM, 5.5"", 4G LTE",6666,EGP
62,"Sony Xperia X, 64GB, Dual SIM, 5.0"", 4G LTE",6370,EGP
63,"Sony Xperia Z5, 32GB, Dual SIM, 5.2"", 4G LTE",4999,EGP
64,"Sony Xperia M5, 16GB, Dual SIM, 5.0"", 4G LTE",3555,EGP
65,"Infinix S3X, 64GB, Dual SIM, X622P 6.2"", 4G LTE",3699,EGP
66,"Oppo F9 64GB Dual SIM, 6.3 inch - 4G LTE",5999,EGP
67,"Oppo F7 Youth, 64GB, Dual SIM, 6.0"", 4G LTE",4890,EGP
68,"Oppo A83, 64GB, Dual SIM, 5.7"", 4G LTE",3490,EGP
69,"Oppo A83, 32GB, Dual SIM, 5.7"", 4G LTE",3690,EGP
70,"Oppo A83, 16GB, Dual SIM, 5.7"", 4G LTE",2690,EGP
71,"Oppo A71, 32GB, Dual SIM, 5.2"", 4G LTE",3060,EGP
72,"Apple iPhone XR - With FaceTime, 6.1 inch - 4G LTE",16990,EGP
73,"Apple iPhone Xs Max With FaceTime, 6.5 inch - 4G LTE",23790,EGP
74,"Apple iPhone Xs With FaceTime, 5.8 inch - 4G LTE",22990,EGP
75,"Oppo A3s, 16GB, Dual SIM, 6.2"", 4G LTE",2690,EGP
76,"Oppo Find X, 256GB, Dual SIM, 6.4"", 4G LTE",14990,EGP
77,"Nokia 3.1, 16GB, Dual Sim, 5.2"", 4G LTE",2440,EGP
78,"Huawei Nova 3, 128GB, Dual SIM, 6.3"", 4G LTE",8799,EGP
79,"Xiaomi POCO F1 Dual SIM, 6.18 inch - 4G LTE",6444,EGP
80,"Infinix S3 Pro, 64GB, Dual SIM, X573B 5.7"", 4G LTE",3289,EGP
81,"Infinix Note 5, 32GB, Dual SIM, X604 6.0"", 4G LTE",2999,EGP
82,"Infinix Hot 6, 16GB, Dual SIM, X606 6.0"", 3G",2179,EGP
83,"Infinix Smart 2 Pro, 16GB, Dual SIM, X5514D 5.5"", 4G LTE",1888,EGP
84,"Infinix Hot 6, 16GB, Dual SIM, X606B 6.0"", 3G ",1919,EGP
85,"Infinix Smart 2, 16GB, Dual SIM, X5515 5.5"", 4G LTE",1699,EGP
86,"Xiaomi Redmi S2, 64GB, Dual SIM, 5.99"", 4G LTE",3777,EGP
87,"Xiaomi Redmi 6, 64GB, Dual SIM, 5.45"", 4G LTE",3222,EGP
88,"Xiaomi Redmi 6, 32GB, Dual SIM, 5.45"", 4G LTE",2399,EGP
89,"Samsung Galaxy Note 9 - 128GB, Dual SIM, 6.4"" - 4G LTE",15770,EGP
90,"Huawei Nova 3i 128GB Dual SIM, 6.3 inch - 4G LTE",5088,EGP
91,"Tecno Camon X PRO 64GB, Dual SIM, 6.0"", 4G LTE",4200,EGP
92,"Tecno Camon X 32GB, Dual SIM, 6.0"", 4G LTE",3200,EGP
93,"Tecno Camon CM 32GB, Dual SIM, 5.7"", 4G LTE",2666,EGP
94,"Tecno Pouvoir 2 16GB, Dual SIM, 6.0"", 4G LTE",2399,EGP
95,"Tecno Spark 2 16GB, Dual SIM, 6.0"", 3G",1777,EGP
96,"Tecno Pouvoir1 16GB, Dual SIM, 5.5"", 3G",1650,EGP
97,"Tecno POP1 PRO (F3 PRO) 16GB, Dual SIM, 5.5"", 3G",1500,EGP
98,"Tecno F2 8GB, Dual SIM, 5.0"", 3G",1150,EGP
99,"Xiaomi Redmi Mi 8, 64GB, Dual SIM, 6.21"", 4G LTE",8888,EGP
100,"DOOGEE Y6 PIANO, 64GB, Dual SIM, 5.5"", 4G LTE",3400,EGP
101,"DOOGEE Y6, 16GB, Dual SIM, 5.5"", 4G LTE",2250,EGP
102,"DOOGEE ShOOT 2, 16GB, Dual SIM, 5.0"", 3G ",1799,EGP
103,"DOOGEE SHOOT 1, 16GB, Dual SIM, 5.5"", 4G LTE",2400,EGP
104,"DOOGEE X9 MINI, 8GB, Dual SIM, 5.0"", 3G",1425,EGP
105,"DOOGEE X10, 8GB, Dual SIM, 5.0"", 3G",999,EGP
106,"Xiaomi Redmi 6A, 32GB, Dual SIM, 5.45"", 4G LTE",2099,EGP
107,"Xiaomi Redmi 6A, 16GB, Dual SIM, 5.45"", 4G LTE",1799,EGP
108,"Xiaomi Redmi Note 5, 64GB, Dual SIM, 5.99"", 4G LTE - Red",4222,EGP
109,"Xiaomi Redmi Mi A2 Lite, 64GB Dual SIM, 5.84"", 4G LTE",3888,EGP
110,"Xiaomi Redmi Mi A2 Lite, 32GB Dual SIM, 5.84"", 4G LTE",3333,EGP
111,"Xiaomi Redmi Mi A2, 128GB Dual SIM, 5.99"", 4G LTE",5777,EGP
112,"Xiaomi Redmi Mi A2, Dual SIM, 5.99"", 4G LTE",4499,EGP
113,"HTC Desire 12 Plus, 32GB, Dual SIM, 6.0"", 4G LTE",2790,EGP
114,"Gionee X1, 16GB, Dual SIM, 5.0"", 4G LTE",1999,EGP
115,"Gionee X1s, 16GB, Dual SIM, 5.2"", 4G LTE",2399,EGP
116,"Samsung Galaxy J4 (J400), 32GB, Dual SIM, 5.5"", 4G LTE",2929,EGP
117,"Alcatel Pixi 4 Plus Power (5023F), 8GB, Dual SIM, 5.5"", 3G",1080,EGP
118,"Alcatel Pixi 4 6 (8050), 8GB, Dual SIM, 6.0"", 3G ",1225,EGP
119,"Alcatel U5 Premium (4047F), 16GB, Dual SIM, 5.0"", 3G",999,EGP
120,"Alcatel 1X (5059I), 16GB, Dual SIM, 5.3"", 4G LTE",1495,EGP
121,"Alcatel 3X (5058I), 32GB, Dual SIM, 5.7"", 4G LTE",3675,EGP
122,"Alcatel 3X (5058I), 16GB, Dual SIM, 5.7"", 4G LTE",2725,EGP
123,"iPhone 6S Plus, With FaceTime, 5.5"" - 4G LTE",11990,EGP
124,"Sony XZ2 , 64GB, Dual SIM, 5.7"", 4G LTE",13499,EGP
125,"Sony XA2 Ultra, 64GB, Dual SIM, 6.0"", 4G LTE",6849,EGP
126,"Sony XA2, 32GB, Dual SIM, 5.2"", 4G LTE",5599,EGP
127,"Sony L2, 32GB, Dual SIM, 5.5"", 4G LTE",3599,EGP
128,"Nokia 1, 8GB, Dual Sim, 4.5"", 4G LTE",1220,EGP
129,"Nokia 6.1, 64GB, Dual Sim, 5.5"", 4G LTE",4849,EGP
130,"Nokia 6.1, 32GB, Dual Sim, 5.5"", 4G LTE",4175,EGP
131,"Nokia 3, 16GB, Dual Sim, 5.0"", 4G LTE",2200,EGP
132,"Nokia 2, 8GB, Dual Sim, 5.0"", 4G LTE",1685,EGP
133,Nokia 150 Dual Sim,635,EGP
134,"Galaxy J7 Prime 2, 32GB, Dual SIM, G611 5.5"", 4G LTE",4099,EGP
135,"Alcatel 5 (5086D), 32GB, Dual SIM, 5.7"", 4G LTE",3290,EGP
136,"Alcatel 3 (5052D), 16GB, Dual SIM, 6.0"", 4G LTE",2275,EGP
137,"Infinix Note 5 Pro, 64GB, Dual SIM, X604P 6.0"", 4G LTE",3450,EGP
138,"Honor 7S, 16GB, Dual SIM, 5.45"", 4G LTE",1799,EGP
139,"OneClick K112I, Dual SIM, 1.77 inch",175,EGP
140,"OneClick K112, Dual SIM, 1.77 inch",165,EGP
141,"OneClick K350, Dual SIM, 1.77 inch",190,EGP
142,"OneClick K360, Dual SIM, 2.4 inch",210,EGP
143,"OneClick Tank, Dual SIM, 2.4 inch, 3G - Black",290,EGP
144,"OneClick Q1, 4GB, Dual SIM, 3.5"", 3G",555,EGP
145,"OneClick C1, 4GB, Dual SIM, 4.0"", 3G",625,EGP
146,"OneClick E7, 4GB, Dual SIM, 4.8"", 3G",666,EGP
147,"OneClick X-Music I, 8GB, Dual SIM, 4.0"", 3G",675,EGP
148,"OneClick X-Music II pro, 8GB, Dual SIM, 5.0"", 3G",1050,EGP
149,"OneClick Pop2, 8GB, Dual SIM, 5.0"", 3G",1190,EGP
150,"Xiaomi Redmi Mi Mix 2S, 64GB, Dual SIM, 5.99"", 4G LTE",9999,EGP
151,"Sico Nile X, 64GB, Dual SIM, 5.7"", 4G LTE",3000,EGP
152,"Sico Diamond 2, 16GB, Dual SIM, 5.5"", 4G LTE",2000,EGP
153,"Sico Plus 2, 8GB, Dual SIM, 4.5"", 4G LTE",1000,EGP
154,"Sico Plus 2, 8GB, Dual SIM, 4.5"", 3G ",850,EGP
155,"Sico Mini 3, 64MB, Dual SIM, 1.77 inch",200,EGP
156,"Gionee F205, 16GB, Dual SIM, 5.45"", 4G LTE",1500,EGP
157,"Xiaomi Redmi S2 (Redmi Y2), 32GB, Dual SIM, 5.99"", 4G LTE",3099,EGP
158,"Tecno POP 1 (Tecno F3) - 8GB - Dual SIM, 5.5 inch ",1299,EGP
159,"Honor 10, 128GB, Dual SIM, 5.84"", 4G LTE, Midnight Black",8199,EGP
160,"Samsung Galaxy J7 DUO, 32GB, Dual SIM, J720 5.5"", 4G LTE",5275,EGP
161,"Samsung Galaxy J6, 64GB, Dual SIM, 5.6"", 4G LTE",4599,EGP
162,"Honor 7C, 32GB, Dual SIM, 5.99"", 4G LTE",2885,EGP
163,"Honor 7A, 16GB, Dual SIM, 5.7"", 4G LTE",2350,EGP
164,"Honor 7A, 32GB, Dual SIM, 5.7"", 4G LTE",2699,EGP
165,"Huawei Y5 Prime 2018 - 16GB, Dual SIM, 5.5"", 4G LTE",1950,EGP
166,"Infinix Hot 6 Pro, 16GB, Dual SIM, X608 6.0"", 4G LTE",2549,EGP
167,"Infinix Hot 6 Pro, 32GB, Dual SIM, X608H 6.0"", 4G LTE",2789,EGP
168,"Samsung Galaxy A6 Plus - 32GB, Dual SIM, A605 6.0"", 4G LTE",7255,EGP
169,"Samsung Galaxy A6 - 32GB, Dual SIM, A600 5.6"", 4G LTE",5145,EGP
170,"Samsung Galaxy J4, 16GB, Dual SIM, J400 5.5"", 4G LTE",2699,EGP
171,"Samsung Galaxy J1 Ace, 8GB, Dual SIM, 4.3"", J110H, 3G (Black)",1400,EGP
172,"Oppo Neo7 3G - 16GB - Dual SIM, 5.0"", A33W (Black)",2300,EGP
173,"Nokia 215 - Dual Sim, (Black)",595,EGP
174,"Moto Z Play - 32GB - Dual SIM, 5.5"", 4G LTE (Black)",4500,EGP
175,"Samsung Galaxy C8, 32GB, Dual SIM, 5.5"", 4G LTE, Gold",5555,EGP
176,"Samsung Galaxy C7 PRO - 64GB, Dual SIM, C7010, 5.7"", 4G LTE, Rose Gold",6250,EGP
177,"Honor 7X, 64GB, Dual SIM, 5.93"", 4G LTE",4666,EGP
178,"Honor 9 lite, 32GB, Dual SIM, 5.65"", 4G LTE",3666,EGP
179,"Viwa F1707, Dual SIM, 1.77inch",190,EGP
180,"Viwa W6 - 8GB - Dual SIM, 5.0"", 3G (Black)",1099,EGP
181,Viwa F1709 - Dual SIM - 1.77inch (Orange),190,EGP
182,"Tecno W2, 8GB, Dual SIM, 4.5"", 3G(Gold)",900,EGP
183,"Tecno Phantom 6 - 32GB - Dual SIM, 5.5"", A6 - 4G LTE (Gold)",3900,EGP
184,"Sony Xperia C4 - 16GB - Dual SIM, 5.5"", 4G LTE (White)",2995,EGP
185,"Sony XA Ultra, 16GB, Dual SIM, 6.0"", F3212 - 4G LTE (White)",3895,EGP
186,"Sony XA - 16GB - Dual SIM, 5.0"", F311 - 4G LTE (Black)",2850,EGP
187,"LG Stylus2, 16GB, Dual SIM, 5.7"", K520DY, 4G LTE (Brown)",2995,EGP
188,"LG K10 2017 - 16GB, Dual SIM - 5.3"", K430DSY, 4G LTE (Black blue)",2895,EGP
189,"Lenovo C2 Power, 16GB, Dual SIM, 5.0"", 4G LTE (Black)",1695,EGP
190,"Lenovo Vibe C - A2020 - 8GB - Dual SIM, 5.0"", 4G LTE (Black)",1500,EGP
191,"Alcatel 3C 5026D, 16GB, Dual SIM, 6.0"", 4G",1725,EGP
192,Samsung Galaxy B310 - Dual SIM (White),450,EGP
193,"Xiaomi Redmi Note 5, 64GB, Dual SIM, 5.99"", 4G LTE",4222,EGP
194,"Xiaomi Redmi Note 5, 32GB, Dual SIM, 5.99"", 4G LTE",3666,EGP
195,"Oppo F7 - 128GB, Dual SIM, 6.23"" - 4G LTE",7150,EGP
196,"Oppo F7 - 64GB, Dual SIM, 6.23"" - 4G LTE",5750,EGP
197,"Huawei P20 Lite, Dual SIM, 5.84"", 4G LTE",5299,EGP
198,"Apple iPhone 8 (PRODUCT)RED™, With FaceTime, 4.7"" - 4G LTE ",13500,EGP
199,"Apple iPhone 8 Plus (PRODUCT) RED™, With FaceTime, 5.5"" - 4G LTE ",15200,EGP
200,"Huawei Y6 Prime 2018, 16GB, Dual SIM, 5.7"", 4G LTE",2525,EGP
201,"Huawei Y9 2018, 32GB, Dual SIM, 5.93"", 4G LTE",3995,EGP
202,"Infinix Hot S3, 32GB, Dual Sim, X573 5.7"", 4G LTE",3079,EGP
203,"Huawei Y7 Prime 2018 - 32GB - Dual SIM, 5.99"", 4G LTE",2880,EGP
204,"Wiko Sunny Max, 8GB, Dual SIM, 5.0"", 3G",869,EGP
205,"Wiko Freddy, 8GB, Dual SIM, 5.0"", 4G LTE",1649,EGP
206,"Wiko Jerry Max, 8GB, Dual SIM, 5.0"", 3G",1699,EGP
207,"Wiko Robby, 16GB, Dual SIM, 5.5"", 3G",1899,EGP
208,"Wiko Lenny 3 Max, 16GB, Dual SIM, 5.0"", 3G",1899,EGP
209,"Wiko Harry, 16GB, Dual SIM, 5.0"", 4G LTE",2299,EGP
210,"Wiko U Feel Go, 16GB, Dual SIM, 5.0"", 4G LTE",2699,EGP
211,"Wiko U Pulse, 32GB, Dual SIM, 5.5"", 4G LTE",2999,EGP
212,"Wiko U Feel Prime, 32GB, Dual SIM, 5.0"", 4G LTE",4199,EGP
213,"Tecno Phantom 8 , 64GB, Dual SIM, 5.7"", 4G LTE",5555,EGP
214,"Tecno Camon CX Air, 16GB, Dual SIM, 5.5"", 4G LTE",2499,EGP
215,"Tecno Spark Plus, 16GB, Dual SIM, 6.0"", 3G",2399,EGP
216,"Tecno Spark, 16GB, Dual SIM, 5.5"", 3G",1899,EGP
217,"Xiaomi Redmi 4X, 32GB, Dual SIM, 5.0"", 4G LTE",2666,EGP
218,"Xiaomi Mi 6, 64GB, Dual SIM, 5.15"", 4G LTE",7999,EGP
219,"Xiaomi Mi Max 2, 64GB, Dual SIM, 6.4"", 4G LTE",4999,EGP
220,"Xiaomi Mi A1, 64GB, Dual SIM, 5.5"", 4G LTE",4333,EGP
221,"Xiaomi Mi A1, 32GB, Dual SIM, 5.5"", 4G LTE",3888,EGP
222,"Xiaomi Redmi 5 Plus, 64GB, Dual SIM, 5.9"", 4G LTE",3666,EGP
223,"Xiaomi Redmi 5 Plus, 32GB, Dual SIM, 5.9"", 4G LTE",3222,EGP
224,"Xiaomi Redmi 5, 32GB, Dual SIM, 5.7"", 4G LTE",2849,EGP
225,"Xiaomi Redmi 5, 16GB, Dual SIM, 5.7"", 4G LTE",2444,EGP
226,"Xiaomi Redmi Note 4, 32GB, Dual SIM, 5.5"", 4G LTE",3099,EGP
227,"Xiaomi Redmi Note 5A Prime, 32GB, Dual SIM, 5.5"", 4G LTE",2799,EGP
228,"Xiaomi Redmi Note 5A, 16GB, Dual SIM, 5.5"", 4G LTE",1999,EGP
229,"Xiaomi Redmi 5A, 16GB, Dual SIM, 5.0"", 4G LTE",1888,EGP
230,"Samsung Galaxy S9 Plus - Dual SIM, 6.2"", 4G LTE",15990,EGP
231,"Samsung Galaxy S9, 64GB, Dual SIM, 5.8"", 4G LTE (Lilac Purple)",13900,EGP
232,Nokia 230 Dual Sim,1185,EGP
233,Nokia 216 Dual Sim,745,EGP
234,"Nokia 8, 64GB, Dual Sim, 5.3"", 4G LTE",8149,EGP
235,"Nokia 6(2018), 32GB, Dual Sim, 5.5"", 4G LTE",4200,EGP
236,"Nokia 6, 32GB, Dual Sim, 5.5"", 4G LTE",4066,EGP
237,"Nokia 5, 16GB, Dual Sim, 5.2"", 4G LTE",3199,EGP
238,"Nokia 8110 Dual Sim, 4G LTE",1449,EGP
239,Nokia 3310 Dual SIM,869,EGP
240,"Alcatel 1054D, Dual SIM - 1.8inch",325,EGP
241,Nokia 105 Dual SIM,329,EGP
242,"Oppo F1S, 32GB, Dual SIM, 5.5"", 4G LTE",3500,EGP
243,"Oppo A57, 32GB, Dual SIM, 5.2"", 4G LTE",4460,EGP
244,"Oppo A37 - 16GB - Dual SIM, 5.0"", 4G LTE (Black)",2375,EGP
245,"Oppo F5 Youth, 32GB, Dual SIM, 6.0"", 4G LTE",4690,EGP
246,"Oppo F5, 64GB, Dual SIM, 6.0"", 4G LTE",6960,EGP
247,"Oppo F5, 32GB, Dual SIM, 6.0"", 4G LTE",5260,EGP
248,"Oppo A71, 16GB, Dual SIM, 5.2"", 4G LTE",2690,EGP
249,"Oppo F3, 64GB, Dual SIM, 5.5"", 4G LTE",4500,EGP
250,"Moto G5S Plus, 32GB, Dual SIM, 5.5"", 4G LTE",5200,EGP
251,"Moto G5S, 32GB, Dual SIM, 5.2"", 4G LTE",3200,EGP
252,"Moto E4 Plus, 16GB, Dual SIM, 5.0"", 4G LTE",2950,EGP
253,"Moto C Plus, 16GB, Dual SIM, 5.0"", 4G LTE",2050,EGP
254,"Moto C, 8GB, Dual SIM, 5.0"", 3G",1450,EGP
255,"Lenovo K8 Note, 64GB, Dual SIM, 5.5"", 4G LTE",3299,EGP
256,"Lenovo K6 Note - 32GB - Dual SIM, 5.5"", 4G LTE (Gray)",2590,EGP
257,"Lenovo K6, 16GB, Dual SIM, 5.0"", 4G LTE",2500,EGP
258,"Sony XZ Premium, 64GB, Dual SIM, 5.5"", 4G LTE",10999,EGP
259,"Sony XZ1, 64GB, Dual SIM, 5.2"", 4G LTE",8999,EGP
260,"Sony XA1 Plus, 32GB, Dual SIM, 5.5"", 4G LTE",4699,EGP
261,"Sony XA1 Ultra, 32GB, Dual SIM, 6.0"", 4G LTE",4499,EGP
262,"Sony XA1, 32GB, Dual SIM, 5.0"", 4G LTE",3499,EGP
263,"Sony L1, 16GB, Dual SIM, 5.5"", 4G LTE",2499,EGP
264,"HTC Desire 830, 32GB, Dual SIM, 5.5"", 4G LTE",3350,EGP
265,"HTC Desire 10 Compact, 32GB, Dual SIM, 5.0"", 4G LTE",3499,EGP
266,"HTC Desire 828 - 16GB - Dual SIM, 5.5"", 4G LTE (Polar white)",2495,EGP
267,"HTC Desire 10 PRO, 64GB, Dual SIM, 5.5"", 4G LTE",6999,EGP
268,"HTC U Play, 64GB, Dual SIM, 5.2"", 4G LTE",7999,EGP
269,"HTC U 11 Plus, 128GB, Dual SIM, 6.0"", 4G LTE",15500,EGP
270,"HTC U Ultra, 64GB, Dual SIM, 5.7"", 4G LTE",9500,EGP
271,"HTC U 11, 128GB, Dual SIM, 5.5"", 4G LTE",14999,EGP
272,"Infinix ZERO 5, 64GB, Dual SIM, X603 5.98"", 4G LTE",4955,EGP
273,"Infinix HOT 5, 16GB, Dual SIM, X559 5.5"", 3G",2199,EGP
274,"Infinix Note 4 PRO, 32GB, Dual SIM, X571 5.7"", 4G LTE",3899,EGP
275,"Infinix Note 4, 32GB, Dual SIM, X572B 5.7"", 4G LTE",2899,EGP
276,"Infinix Note 4, 16GB, Dual SIM, X572 5.7"", 4G LTE",2950,EGP
277,"Infinix Hot 4 PRO, 16GB, Dual SIM, X556 5.5"", 4G LTE",2350,EGP
278,"Infinix Smart, 16GB, Dual SIM, X5010 5.0"", 3G",1555,EGP
279,"Alcatel 2051D, Dual SIM, 2.4inch",720,EGP
280,"Alcatel 2008D, Dual SIM - 2.4inch",555,EGP
281,"Alcatel 2002D, Dual SIM - 2.4inch",345,EGP
282,Nokia 130 Dual SIM,449,EGP
283,"Alcatel 1066D, Dual SIM - 1.8""",235,EGP
284,"Huawei Y3C, 4GB, Dual SIM, 4.0"", Y336-U02 3G",850,EGP
285,"Huawei Y3 2017 4G LTE - 8GB, Dual SIM, 5.0"" 4G LTE",1840,EGP
286,"Huawei Y3 2017 3G - 8GB, Dual SIM, 5.0"" CRO-U00",1465,EGP
287,"Huawei Y5 2017, 16GB, Dual SIM, 5.0"", MYA-U02 4G LTE",1965,EGP
288,"Huawei Y6II - 16GB, Dual SIM, 5.5"" - CAM-L21 4G LTE",3059,EGP
289,"Huawei GR3 2017 , 16GB, Dual SIM, 5.2"", 4G LTE",3889,EGP
290,"Huawei Y7 Prime , 32GB, Dual SIM, 5.5"", TRT-L21A 4G LTE",3099,EGP
291,"Huawei GR5 2017 , 32GB, Dual SIM, 5.5"", BLL-L21 4G LTE",4349,EGP
292,"Huawei GR5 2017 , 64GB, Dual SIM, 5.5"", BLL-L22 4G LTE",5500,EGP
293,"Huawei P10 Lite - 32GB - Dual SIM, 5.2"", WAS-LX1A 4G LTE (Gold)",4190,EGP
294,"Huawei Mate 10 Lite , 64GB, Dual SIM, 5.9"", RNE-L21 - 4G LTE",4695,EGP
295,"Huawei Mate 10 , 64GB, Dual SIM, 5.9"", RNE-L21 4G LTE",12359,EGP
296,"Huawei Mate 10 PRO, 128GB, Dual SIM, 6.0"", 4G LTE",14999,EGP
297,"Samsung Galaxy S7 Edge, 32GB, Dual SIM, G935FD 5.5"", 4G LTE",11899,EGP
298,"Samsung Galaxy S7 Edge, 32GB, Single SIM, G935F 5.5"", 4G LTE",11699,EGP
299,"Samsung Galaxy Note5, 32GB, Dual SIM, N920CD 5.7"", 4G LTE",10999,EGP
300,"Samsung Galaxy Note5, 32GB, Single SIM, N920C 5.7"", 4G LTE",10899,EGP
301,"Samsung Galaxy S7, 32GB, Dual SIM, G930FD 5.1"", 4G LTE",10799,EGP
302,"Samsung Galaxy A7 2017, 32GB, Dual SIM, A720F 5.7"", 4G LTE",7799,EGP
303,"Samsung Galaxy A5 2017, 32GB, Dual SIM, A520F 5.2"", 4G LTE",6299,EGP
304,"Samsung Galaxy J7 PRO 2017, Dual SIM, J730FD 5.5"", 4G LTE",5675,EGP
305,"Samsung Galaxy J5 PRO 2017, Dual SIM, J530FD 5.2"", 4G LTE",4749,EGP
306,"Samsung Galaxy J7 Prime - 16GB - Dual SIM, J610 5.5"", 4G LTE (Black)",3390,EGP
307,"Samsung Galaxy J7 Core, 32GB, Dual SIM, J701F 5.5"", 4G LTE (Silver)",3050,EGP
308,"Samsung Galaxy J3 PRO 2017 -16GB - Dual SIM, J330F 5.0"", 4G LTE (Blue silver)",2700,EGP
309,"Samsung Galaxy J5 Prime, 16GB, Dual SIM, G570 5.0"", 4G LTE (Black)",2995,EGP
310,"Samsung Galaxy J3 2016, 8GB, Dual SIM, J320F 5.0"", 3G",1675,EGP
311,"Samsung Galaxy Grand Prime Plus, 8GB, Dual SIM, G532F 5.0"", 4G LTE",2245,EGP
312,"Samsung Galaxy J1 Mini Prime, 8GB, Dual SIM, J106H 4.0"", 3G ",1175,EGP
313,"Samsung Galaxy Grand Prime Pro 2018, 16GB, Dual SIM, J250F 5.0"", 4G LTE",2100,EGP
314,"Samsung Galaxy A8 2018, 64GB, Dual SIM, A530F 5.6"", 4G LTE",9149,EGP
315,"Samsung Galaxy A8 Plus 2018, 64GB, Dual SIM, A730F 6.0"", 4G LTE",10399,EGP
316,"Samsung Galaxy Note 8, 64GB, Dual SIM, 6GB RAM, N950FD 6.3"", 4G LTE",17899,EGP
317,"Samsung Galaxy S8 - 64GB, Dual SIM, G950F 5.8"" - 4G LTE",10700,EGP
318,"Samsung Galaxy S8 Plus, 64GB, Dual SIM, G955F 6.2"", 4G LTE",15999,EGP
319,"Apple iPhone 5S 16GB, With FaceTime - 4.0"" ",4990,EGP
320,"Apple iPhone 6 32GB, With FaceTime, 4.7"" - 4G LTE",6100,EGP
321,"Apple iPhone SE 32GB - With FaceTime, 4.0inch",5790,EGP
322,"Apple iPhone 6S With FaceTime, 4.7 inch - 4G LTE",6890,EGP
323,"Apple iPhone 8 Plus - With FaceTime, 5.5"" - 4G LTE",14100,EGP
324,"Apple iPhone 7 Plus With FaceTime, 5.5 inch - 4G LTE",13690,EGP
325,"Apple iPhone 7, With FaceTime, 4.7"" - 4G LTE",11390,EGP
326,"Apple iPhone 8, With FaceTime, 4.7"" - 4G LTE",15450,EGP
327,"Apple iPhone X, With FaceTime, 5.8"" - 4G LTE",19490,EGP
