mobiles,prices,currency,new_used,web
Galaxy J6+ - 6.0-inch 32GB 4G Mobile Phone - Gray,2739,EGP,new,https://www.jumia.com.eg/mobile-phones/
Galaxy J4 Core - 6.0-inch 16GB 4G Mobile Phone - Black,1828,EGP,new,https://www.jumia.com.eg/mobile-phones/
Galaxy J4 Core - 6.0-inch 16GB 4G Mobile Phone - Blue,1829,EGP,new,https://www.jumia.com.eg/mobile-phones/
Galaxy J4 Core - 6.0-inch 16GB 4G Mobile Phone - Gold,1829,EGP,new,https://www.jumia.com.eg/mobile-phones/
Galaxy S10 - 6.1-inch 128GB Mobile Phone - Prism Black + ClearView Cover,15299,EGP,new,https://www.jumia.com.eg/mobile-phones/
Galaxy S10+ - 6.4-inch 512GB Mobile Phone - Ceramic Black + ClearView Cover,21249,EGP,new,https://www.jumia.com.eg/mobile-phones/
Galaxy S10+ - 6.4-inch 512GB Mobile Phone - Ceramic White + ClearView Cover,21249,EGP,new,https://www.jumia.com.eg/mobile-phones/
Galaxy Note9 - 6.3-inch 512GB Dual SIM Mobile Phone - Ocean Blue,18399,EGP,new,https://www.jumia.com.eg/mobile-phones/
Galaxy S10+ - 6.4-inch 128GB Mobile Phone - Prism Green + ClearView Cover,16999,EGP,new,https://www.jumia.com.eg/mobile-phones/
Galaxy S10+ - 6.4-inch 128GB Mobile Phone - Prism White + ClearView Cover,16999,EGP,new,https://www.jumia.com.eg/mobile-phones/
Galaxy S10+ - 6.4-inch 128GB Mobile Phone - Prism Black + ClearView Cover,16999,EGP,new,https://www.jumia.com.eg/mobile-phones/
Galaxy S10 - 6.1-inch 128GB Mobile Phone - Prism White + ClearView Cover,15299,EGP,new,https://www.jumia.com.eg/mobile-phones/
Galaxy S10+ - 6.4-inch 128GB Mobile Phone - Prism Green,17990,EGP,new,https://www.jumia.com.eg/mobile-phones/
Galaxy S10+ - 6.4-inch 128GB Mobile Phone - Prism Black,17990,EGP,new,https://www.jumia.com.eg/mobile-phones/
Galaxy Note9 - 6.4-inch 512GB Dual SIM Mobile Phone - Ocean Blue,17999,EGP,new,https://www.jumia.com.eg/mobile-phones/
Galaxy S10+ - 6.4-inch 128GB Mobile Phone - Prism White,17849,EGP,new,https://www.jumia.com.eg/mobile-phones/
Galaxy S10+ - 6.4-inch 128GB Mobile Phone - Prism Black,17499,EGP,new,https://www.jumia.com.eg/mobile-phones/
"Galaxy S8+ - 6.2"" - 64GB Mobile Phone - Coral Blue",10599,EGP,new,https://www.jumia.com.eg/mobile-phones/
Galaxy A9 (2018) - 6.3-inch 128GB Dual SIM Mobile Phone - Caviar Black,8500,EGP,new,https://www.jumia.com.eg/mobile-phones/
Galaxy J6+ - 6.0-inch 32GB 4G Mobile Phone - Black,2739,EGP,new,https://www.jumia.com.eg/mobile-phones/
Galaxy J4+ - 6.0-inch 32GB 4G Mobile Phone - Gold,2379,EGP,new,https://www.jumia.com.eg/mobile-phones/
Galaxy J6+ - 6.0-inch 32GB 4G Mobile Phone - Red,2739,EGP,new,https://www.jumia.com.eg/mobile-phones/
Galaxy J4 Core - 6.0-inch 16GB 4G Mobile Phone - Blue,1829,EGP,new,https://www.jumia.com.eg/mobile-phones/
Galaxy J4 Core - 6.0-inch 16GB 4G Mobile Phone - Black,1829,EGP,new,https://www.jumia.com.eg/mobile-phones/
Galaxy Note9 - 6.4-inch 128GB Dual SIM Mobile Phone - Ocean Blue,13999,EGP,new,https://www.jumia.com.eg/mobile-phones/
Galaxy J6+ - 6.0-inch 32GB 4G Mobile Phone - Gray,2799,EGP,new,https://www.jumia.com.eg/mobile-phones/
Galaxy A7 (2018) - 6.0-inch 128GB Dual SIM 4G Mobile Phone - Blue,5560,EGP,new,https://www.jumia.com.eg/mobile-phones/
Galaxy A7 (2018) - 6.0-inch 128GB Dual SIM 4G Mobile Phone - Gold,5545,EGP,new,https://www.jumia.com.eg/mobile-phones/
Galaxy J4+ - 6.0-inch 32GB 4G Mobile Phone - Black,2425,EGP,new,https://www.jumia.com.eg/mobile-phones/
Galaxy A7 (2018) - 6.0-inch 128GB Dual SIM 4G Mobile Phone - Black,5525,EGP,new,https://www.jumia.com.eg/mobile-phones/
Galaxy Note9 - 6.4-inch 128GB Dual SIM Mobile Phone - Midnight Black,13999,EGP,new,https://www.jumia.com.eg/mobile-phones/
Galaxy Note9 - 6.4-inch 512GB Dual SIM Mobile Phone - Ocean Blue,19479,EGP,new,https://www.jumia.com.eg/mobile-phones/
"Galaxy S7 Edge Duos - 5.5"" - 32GB Dual SIM Mobile Phone - Gold",8700,EGP,new,https://www.jumia.com.eg/mobile-phones/
Galaxy S10+ - 6.4-inch 128GB Mobile Phone - Prism Black,17849,EGP,new,https://www.jumia.com.eg/mobile-phones/
Galaxy A9 (2018) - 6.3-inch 128GB Dual SIM Mobile Phone - Ocean Blue,8439,EGP,new,https://www.jumia.com.eg/mobile-phones/
"Galaxy Note8 Duos - 6.3"" - 64GB - 4G Dual SIM Mobile Phone - Orchid Grey",10699,EGP,new,https://www.jumia.com.eg/mobile-phones/
"Galaxy Note8 Duos - 6.3"" - 64GB - 4G Dual SIM Mobile Phone - Maple Gold",11500,EGP,new,https://www.jumia.com.eg/mobile-phones/
"Galaxy S8+ - 6.2"" - 64GB Dual SIM Mobile Phone - Maple Gold",10599,EGP,new,https://www.jumia.com.eg/mobile-phones/
"Galaxy S8 - 5.8"" - 64GB Mobile Phone - Maple Gold",7977,EGP,new,https://www.jumia.com.eg/mobile-phones/
Galaxy J4 Core - 6.0-inch 16GB 4G Mobile Phone - Gold,1870,EGP,new,https://www.jumia.com.eg/mobile-phones/
Galaxy Grand Prime Pro - 5.0-inch Dual SIM 16GB Mobile Phone - Silver,1966,EGP,new,https://www.jumia.com.eg/mobile-phones/
Galaxy A9 (2018) - 6.3-inch 128GB Dual SIM Mobile Phone - Caviar Black,8444,EGP,new,https://www.jumia.com.eg/mobile-phones/
Galaxy Note9 - 6.4-inch 512GB Dual SIM Mobile Phone - Midnight Black,19695,EGP,new,https://www.jumia.com.eg/mobile-phones/
"Galaxy S8 - 5.8"" - 64GB Mobile Phone - Midnight Black",9999,EGP,new,https://www.jumia.com.eg/mobile-phones/
Galaxy J6+ - 6.0-inch 32GB 4G Mobile Phone - Gray,2959,EGP,new,https://www.jumia.com.eg/mobile-phones/
Galaxy Grand Prime Pro (2018) - 5.0-inch Dual SIM 16GB Mobile Phone - Blue Silver,2065,EGP,new,https://www.jumia.com.eg/mobile-phones/
Galaxy S10 - 6.1-inch 128GB Mobile Phone - Prism White,15839,EGP,new,https://www.jumia.com.eg/mobile-phones/
"Galaxy S8+ - 6.2"" - 64GB Dual SIM Mobile Phone - Midnight Black",10599,EGP,new,https://www.jumia.com.eg/mobile-phones/
"Galaxy S8+ - 6.2"" - 64GB Mobile Phone - Orchid Gray",10599,EGP,new,https://www.jumia.com.eg/mobile-phones/
Galaxy Grand Prime Pro (2018) - 5.0-inch Dual SIM 16GB Mobile Phone - Black,1999,EGP,new,https://www.jumia.com.eg/mobile-phones/
"Galaxy J7 Pro (2017) Duos - 5.5"" - 32GB - 4G Dual SIM Mobile Phone - Gold",4600,EGP,new,https://www.jumia.com.eg/mobile-phones/
"Galaxy J7 Prime - 5.5"" - Dual SIM Mobile Phone - Black",3399,EGP,new,https://www.jumia.com.eg/mobile-phones/
"Galaxy S8 - 5.8"" - 64GB Mobile Phone - Orchid Gray",10819,EGP,new,https://www.jumia.com.eg/mobile-phones/
Galaxy Grand Prime Pro (2018) - 5.0-inch Dual SIM 16GB Mobile Phone - Black,2165,EGP,new,https://www.jumia.com.eg/mobile-phones/
"Galaxy Note5 - 5.7"" - 4G Mobile Phone - Black Sapphire",9650,EGP,new,https://www.jumia.com.eg/mobile-phones/
"Galaxy J2 - 4.7"" - 3G Dual SIM Mobile Phone - White",2334,EGP,new,https://www.jumia.com.eg/mobile-phones/
"Galaxy J1 Ace - 4.3"" - 3G Dual SIM 4GB Mobile Phone - Black",1639,EGP,new,https://www.jumia.com.eg/mobile-phones/
Galaxy J6+ - 6.0-inch 32GB 4G Mobile Phone - Red,3000,EGP,new,https://www.jumia.com.eg/mobile-phones/
Galaxy J6+ - 6.0-inch 32GB 4G Mobile Phone - Red,2959,EGP,new,https://www.jumia.com.eg/mobile-phones/
Galaxy S10 - 6.1-inch 128GB Mobile Phone - Prism Black,15990,EGP,new,https://www.jumia.com.eg/mobile-phones/
Galaxy S10+ - 6.4-inch 128GB Mobile Phone - Prism White,17990,EGP,new,https://www.jumia.com.eg/mobile-phones/
Galaxy S10 - 6.1-inch 128GB Mobile Phone - Prism White,15990,EGP,new,https://www.jumia.com.eg/mobile-phones/
Galaxy J4 - 5.5-inch Dual SIM 32GB Mobile Phone - Black,2700,EGP,new,https://www.jumia.com.eg/mobile-phones/
Galaxy J8 - 6.0-inch 64GB Dual SIM 4G Mobile Phone - Gold,4650,EGP,new,https://www.jumia.com.eg/mobile-phones/
Galaxy A6 (2018) - 5.6-inch Dual SIM 64GB Mobile Phone - Black,5135,EGP,new,https://www.jumia.com.eg/mobile-phones/
"Galaxy Note8 Duos - 6.3"" - 64GB - 4G Dual SIM Mobile Phone - Orchid Grey",11800,EGP,new,https://www.jumia.com.eg/mobile-phones/
"Galaxy S7 Edge - 5.5"" - 32GB Mobile Phone - Gold",5900,EGP,new,https://www.jumia.com.eg/mobile-phones/
Galaxy S10+ - 6.4-inch 512GB Mobile Phone - Ceramic White,23399,EGP,new,https://www.jumia.com.eg/mobile-phones/
"Galaxy S7 Edge - 5.5"" - 32GB Mobile Phone - Silver",9059,EGP,new,https://www.jumia.com.eg/mobile-phones/
Galaxy A6+ (2018) - 6.0-inch Dual SIM 64GB Mobile Phone - Lavender,7999,EGP,new,https://www.jumia.com.eg/mobile-phones/
Galaxy J4 - 5.5-inch Dual SIM 32GB Mobile Phone - Black,2324,EGP,new,https://www.jumia.com.eg/mobile-phones/
Galaxy A9 (2018) - 6.3-inch 128GB Dual SIM Mobile Phone - Caviar Black,8439,EGP,new,https://www.jumia.com.eg/mobile-phones/
Galaxy Grand Prime Pro (2018) - 5.0-inch Dual SIM 16GB Mobile Phone - Gold,2049,EGP,new,https://www.jumia.com.eg/mobile-phones/
"Galaxy J5 Pro (2017) Duos - 5.2"" - 32GB - 4G Dual SIM Mobile Phone - Gold",3478,EGP,new,https://www.jumia.com.eg/mobile-phones/
"Galaxy J7 (2016) - 5.5"" Dual SIM 4G Mobile Phone - Gold",3325,EGP,new,https://www.jumia.com.eg/mobile-phones/
Galaxy J2 Core - 5.0-inch 8GB Dual SIM 4G Mobile Phone - Gold,1625,EGP,new,https://www.jumia.com.eg/mobile-phones/
Galaxy Note9 - 6.4-inch 128GB Dual SIM Mobile Phone - Lavender Purple,15545,EGP,new,https://www.jumia.com.eg/mobile-phones/
"Galaxy J7 (2016) - 5.5"" Dual SIM 4G Mobile Phone - White",3325,EGP,new,https://www.jumia.com.eg/mobile-phones/
Galaxy J2 Core - 5.0-inch 8GB Dual SIM 4G Mobile Phone - Lavender,1625,EGP,new,https://www.jumia.com.eg/mobile-phones/
Galaxy S10+ - 6.4-inch 512GB Mobile Phone - Ceramic Black,23399,EGP,new,https://www.jumia.com.eg/mobile-phones/
Galaxy J4 - 5.5-inch Dual SIM 16GB Mobile Phone - Black + 8GB Sandisk Memory Card,2744,EGP,new,https://www.jumia.com.eg/mobile-phones/
"Galaxy J3 (2016) - 5.0"" Dual SIM 3G Mobile Phone - White",2150,EGP,new,https://www.jumia.com.eg/mobile-phones/
Galaxy S10+ - 6.4-inch 128GB Mobile Phone - Prism Black,18499,EGP,new,https://www.jumia.com.eg/mobile-phones/
"Galaxy S7 Edge - 5.5"" - 32GB Mobile Phone - Gold",9059,EGP,new,https://www.jumia.com.eg/mobile-phones/
"Galaxy S8 - 5.8"" - 64GB Mobile Phone - Coral Blue",14600,EGP,new,https://www.jumia.com.eg/mobile-phones/
Galaxy A9 (2018) - 6.3-inch 128GB Dual SIM Mobile Phone - Bubblegum Pink,8444,EGP,new,https://www.jumia.com.eg/mobile-phones/
Galaxy A9 (2018) - 6.3-inch 128GB Dual SIM Mobile Phone - Ocean Blue,8444,EGP,new,https://www.jumia.com.eg/mobile-phones/
Galaxy S10+ - 6.4-inch 128GB Mobile Phone - Prism White,17859,EGP,new,https://www.jumia.com.eg/mobile-phones/
Galaxy S10 - 6.1-inch 128GB Mobile Phone - Prism White,15849,EGP,new,https://www.jumia.com.eg/mobile-phones/
Galaxy S10+ - 6.4-inch 128GB Mobile Phone - Prism White,17499,EGP,new,https://www.jumia.com.eg/mobile-phones/
Galaxy A6 (2018) - 5.6-inch Dual SIM 64GB Mobile Phone - Blue,7499,EGP,new,https://www.jumia.com.eg/mobile-phones/
Galaxy J4 Core - 6.0-inch 16GB 4G Mobile Phone - Gold,1950,EGP,new,https://www.jumia.com.eg/mobile-phones/
"Galaxy J7 Prime - 5.5"" - Dual SIM Mobile Phone - Black",3200,EGP,new,https://www.jumia.com.eg/mobile-phones/
"Galaxy J7 - 5.5"" - Dual SIM 16GB Mobile Phone – White",2300,EGP,new,https://www.jumia.com.eg/mobile-phones/
Galaxy J4 Core - 6.0-inch 16GB 4G Mobile Phone - Black,1950,EGP,new,https://www.jumia.com.eg/mobile-phones/
"Galaxy S9+ - 6.2"" - 128GB Mobile Phone - Midnight Black",15990,EGP,new,https://www.jumia.com.eg/mobile-phones/
"Galaxy S8+ - 6.2"" - 64GB Mobile Phone - Maple Gold",11200,EGP,new,https://www.jumia.com.eg/mobile-phones/
Galaxy A6 (2018) - 5.6-inch Dual SIM 64GB Mobile Phone - Black,7499,EGP,new,https://www.jumia.com.eg/mobile-phones/
Galaxy A50 - 6.4-inch 128GB Dual SIM 4G Mobile Phone - Black,5450,EGP,new,https://www.jumia.com.eg/mobile-phones/
"Galaxy J3 Pro (2017) Duos - 5.0"" - 16GB - 4G Dual SIM Mobile Phone - Black",3499,EGP,new,https://www.jumia.com.eg/mobile-phones/
Galaxy A9 (2018) - 6.3-inch 128GB Dual SIM Mobile Phone - Caviar Black,8000,EGP,new,https://www.jumia.com.eg/mobile-phones/
Galaxy A6+ (2018) - 6.0-inch Dual SIM 64GB Mobile Phone - Blue,7999,EGP,new,https://www.jumia.com.eg/mobile-phones/
Galaxy J6 - 5.6-inch Dual SIM 32GB Mobile Phone - Black,4999,EGP,new,https://www.jumia.com.eg/mobile-phones/
Galaxy A6+ (2018) - 6.0-inch Dual SIM 64GB Mobile Phone - Gold,7999,EGP,new,https://www.jumia.com.eg/mobile-phones/
"Galaxy Grand Prime Plus - 5.0"" - 4G Mobile Phone - Black",1470,EGP,new,https://www.jumia.com.eg/mobile-phones/
"Galaxy J7 Pro (2017) Duos - 5.5"" - 16GB - 4G Dual SIM Mobile Phone - Gold",4999,EGP,new,https://www.jumia.com.eg/mobile-phones/
"Galaxy Grand Prime Plus - 5.0"" - 4G Mobile Phone - Silver",1450,EGP,new,https://www.jumia.com.eg/mobile-phones/
Galaxy J4+ - 6.0-inch 32GB 4G Mobile Phone - Pink,2379,EGP,new,https://www.jumia.com.eg/mobile-phones/
Galaxy J2 Core - 5.0-inch 8GB Dual SIM 4G Mobile Phone - Black,1625,EGP,new,https://www.jumia.com.eg/mobile-phones/
Galaxy S10 - 6.1-inch 128GB Mobile Phone - Prism Black,15849,EGP,new,https://www.jumia.com.eg/mobile-phones/
Galaxy S10+ - 6.4-inch 128GB Mobile Phone - Prism Green,17859,EGP,new,https://www.jumia.com.eg/mobile-phones/
"Galaxy Note8 - 6.3"" - 64GB - 4G Single SIM Mobile Phone - Midnight Black",11500,EGP,new,https://www.jumia.com.eg/mobile-phones/
"Galaxy J5 Pro (2017) Duos - 5.2"" - 32GB - 4G Dual SIM Mobile Phone - Blue Silver",3400,EGP,new,https://www.jumia.com.eg/mobile-phones/
Galaxy A9 (2018) - 6.3-inch 128GB Dual SIM Mobile Phone - Bubblegum Pink,8439,EGP,new,https://www.jumia.com.eg/mobile-phones/
Galaxy J4 - 5.5-inch Dual SIM 16GB Mobile Phone - Black,2999,EGP,new,https://www.jumia.com.eg/mobile-phones/
"Galaxy J5 Pro (2017) Duos - 5.2"" - 32GB - 4G Dual SIM Mobile Phone - Black",3400,EGP,new,https://www.jumia.com.eg/mobile-phones/
Galaxy A6 (2018) - 5.6-inch Dual SIM 64GB Mobile Phone - Gold,4929,EGP,new,https://www.jumia.com.eg/mobile-phones/
"Galaxy S9+ - 6.2"" - 64GB Mobile Phone - Midnight Black",15369,EGP,new,https://www.jumia.com.eg/mobile-phones/
"230 - 2.8"" Dual SIM Mobile Phone - Silver",1249,EGP,new,https://www.jumia.com.eg/mobile-phones/
3.1 Plus - 6.0-inch 32GB Mobile Phone - Blue,2775,EGP,new,https://www.jumia.com.eg/mobile-phones/
"130 (2017) - 1.4"" Dual SIM Mobile Phone - Grey",465,EGP,new,https://www.jumia.com.eg/mobile-phones/
"3310 (2017) - 2.4"" Dual SIM Mobile Phone - Grey",925,EGP,new,https://www.jumia.com.eg/mobile-phones/
"3310 3G - 2.4"" Dual SIM Mobile Phone - Azure",874,EGP,new,https://www.jumia.com.eg/mobile-phones/
7 Plus - 6.0-inch - 64GB Dual SIM Mobile Phone - Black/Copper,4949,EGP,new,https://www.jumia.com.eg/mobile-phones/
6.1 Plus - 5.8-inch - 64GB Mobile Phone - Blue,4199,EGP,new,https://www.jumia.com.eg/mobile-phones/
106 (2018) - 1.8-inch Dual SIM Mobile Phone - Dark Grey,399,EGP,new,https://www.jumia.com.eg/mobile-phones/
106 - 1.8-inch Dual SIM Mobile Phone - Dark Grey,399,EGP,new,https://www.jumia.com.eg/mobile-phones/
5.1 Plus - 5.86-inch 32GB 4G Mobile Phone - Glacier White,3277,EGP,new,https://www.jumia.com.eg/mobile-phones/
6.1 Plus - 5.8-inch - 64GB Mobile Phone - White,4099,EGP,new,https://www.jumia.com.eg/mobile-phones/
1 - 4.5-inch - 8GB Dual SIM Mobile Phone - Dark Blue,930,EGP,new,https://www.jumia.com.eg/mobile-phones/
130 (2017) - 1.4-inch Dual SIM Mobile Phone - Black,470,EGP,new,https://www.jumia.com.eg/mobile-phones/
130 (2017) - 1.4-inch Dual SIM Mobile Phone - Red,499,EGP,new,https://www.jumia.com.eg/mobile-phones/
216 - Dual SIM Budget Phone - Black,745,EGP,new,https://www.jumia.com.eg/mobile-phones/
6.1 - 5.5-inch - 64GB Dual SIM Mobile Phone - Blue/Gold,4339,EGP,new,https://www.jumia.com.eg/mobile-phones/
"3310 (2017) - 2.4"" Dual SIM Mobile Phone - Grey",999,EGP,new,https://www.jumia.com.eg/mobile-phones/
"6 - 5.5"" - 64GB Dual SIM 4G Mobile Phone - Arte Black",6499,EGP,new,https://www.jumia.com.eg/mobile-phones/
130 -2017 - Dual SIM Mobile Phone - 2G - Black,499,EGP,new,https://www.jumia.com.eg/mobile-phones/
"150 - 2.4"" Dual SIM Mobile Phone - White",595,EGP,new,https://www.jumia.com.eg/mobile-phones/
106 (2018) - 1.8-inch Dual SIM Mobile Phone - Dark Grey,370,EGP,new,https://www.jumia.com.eg/mobile-phones/
"105 (2017) - 1.8"" Dual SIM Mobile Phone - Black",355,EGP,new,https://www.jumia.com.eg/mobile-phones/
1 - 4.5-inch - 8GB Dual SIM Mobile Phone - Dark Blue,929,EGP,new,https://www.jumia.com.eg/mobile-phones/
1 - 4.5-inch - 8GB Dual SIM Mobile Phone - Warm Red,899,EGP,new,https://www.jumia.com.eg/mobile-phones/
106 (2018) - 1.8-inch Dual SIM Mobile Phone - Dark Grey,375,EGP,new,https://www.jumia.com.eg/mobile-phones/
"105 (2017) - 1.8"" Dual SIM Mobile Phone - Blue",355,EGP,new,https://www.jumia.com.eg/mobile-phones/
2.1 - 5.5-inch - 8GB Dual SIM Mobile Phone - Blue/Copper,1520,EGP,new,https://www.jumia.com.eg/mobile-phones/
"216 - 2.4"" Dual SIM Mobile Phone - Black",685,EGP,new,https://www.jumia.com.eg/mobile-phones/
"106 (2017) - 1.8 "" Dual SIM Mobile Phone - Dark Gray",365,EGP,new,https://www.jumia.com.eg/mobile-phones/
"130 (2017) - 1.4"" Dual SIM Mobile Phone - Camera - Red",465,EGP,new,https://www.jumia.com.eg/mobile-phones/
3.1 Plus - 6.0-inch 32GB Mobile Phone - White,2739,EGP,new,https://www.jumia.com.eg/mobile-phones/
"150 - 2.4"" Dual SIM Mobile Phone - Black",605,EGP,new,https://www.jumia.com.eg/mobile-phones/
"216 - 2.4"" Dual SIM Mobile Phone - Blue",732,EGP,new,https://www.jumia.com.eg/mobile-phones/
"130 (2017) - 1.4"" Dual SIM Mobile Phone - Camera - Black",470,EGP,new,https://www.jumia.com.eg/mobile-phones/
"150 - 2.4"" Dual SIM Mobile Phone - White",663,EGP,new,https://www.jumia.com.eg/mobile-phones/
"130 (2017) - 1.4"" Dual SIM Mobile Phone - Camera - grey",475,EGP,new,https://www.jumia.com.eg/mobile-phones/
150 - Dual SIM Featured Phone - Black,635,EGP,new,https://www.jumia.com.eg/mobile-phones/
"3 - 5.0"" - 16GB Dual SIM 4G Mobile Phone - Matte Black",1999,EGP,new,https://www.jumia.com.eg/mobile-phones/
"2 - 5.0"" - 8GB Dual SIM 4G Mobile Phone - Pewter/White",1579,EGP,new,https://www.jumia.com.eg/mobile-phones/
"2 - 5.0"" - 8GB Dual SIM 4G Mobile Phone - Pewter/Black",1579,EGP,new,https://www.jumia.com.eg/mobile-phones/
7.1 - 5.8-inch 64GB Mobile Phone - Gloss Midnight Blue,5599,EGP,new,https://www.jumia.com.eg/mobile-phones/
"150 - 2.4"" Dual SIM Mobile Phone - Black",595,EGP,new,https://www.jumia.com.eg/mobile-phones/
"216 - 2.4"" Dual SIM Mobile Phone - Black",700,EGP,new,https://www.jumia.com.eg/mobile-phones/
1 - 4.5-inch - 8GB Dual SIM Mobile Phone - Dark Blue,999,EGP,new,https://www.jumia.com.eg/mobile-phones/
1 - 4.5-inch - 8GB Dual SIM Mobile Phone - Warm Red,999,EGP,new,https://www.jumia.com.eg/mobile-phones/
"8 - 5.3"" - 64GB - 4G Mobile Phone - Steel",5999,EGP,new,https://www.jumia.com.eg/mobile-phones/
5.1 Plus - 5.86-inch 32GB 4G Mobile Phone - Night Black,3649,EGP,new,https://www.jumia.com.eg/mobile-phones/
5.1 Plus - 5.86-inch 32GB 4G Mobile Phone - Baltic Sea Blue,3649,EGP,new,https://www.jumia.com.eg/mobile-phones/
2.1 - 5.5-inch - 8GB Dual SIM Mobile Phone - Blue/Silver,1669,EGP,new,https://www.jumia.com.eg/mobile-phones/
A3 - 16 GB Mobile Phone - White,2300,EGP,new,https://www.jumia.com.eg/mobile-phones/
7 Plus - 6.0-inch - 64GB Dual SIM Mobile Phone - Black/Copper,5550,EGP,new,https://www.jumia.com.eg/mobile-phones/
1 - 4.5-inch - 8GB Dual SIM Mobile Phone - Warm Red,929,EGP,new,https://www.jumia.com.eg/mobile-phones/
8.1 - 6.18-inch 64GB Mobile Phone - Blue,6199,EGP,new,https://www.jumia.com.eg/mobile-phones/
6.1 Plus - 5.8-inch - 64GB Mobile Phone - Black,4199,EGP,new,https://www.jumia.com.eg/mobile-phones/
"216 - 2.4"" Dual SIM Mobile Phone - Black",770,EGP,new,https://www.jumia.com.eg/mobile-phones/
130 (2017) - 1.4-inch Dual SIM Mobile Phone - Black,464,EGP,new,https://www.jumia.com.eg/mobile-phones/
"230 - 2.8"" Dual SIM Mobile Phone - Dark Silver",1750,EGP,new,https://www.jumia.com.eg/mobile-phones/
"3310 (2017) - 2.4"" Dual SIM Mobile Phone - Yellow",899,EGP,new,https://www.jumia.com.eg/mobile-phones/
"3310 (2017) - 2.4"" Dual SIM Mobile Phone - Warm Red",899,EGP,new,https://www.jumia.com.eg/mobile-phones/
130 -2017 - Dual SIM Mobile Phone - 2G - Black,525,EGP,new,https://www.jumia.com.eg/mobile-phones/
"150 - 2.4"" Dual SIM Mobile Phone - White",629,EGP,new,https://www.jumia.com.eg/mobile-phones/
5.1 Plus - 5.86-inch 32GB 4G Mobile Phone - Baltic Sea Blue,3270,EGP,new,https://www.jumia.com.eg/mobile-phones/
5.1 Plus - 5.86-inch 32GB 4G Mobile Phone - Night Black,3270,EGP,new,https://www.jumia.com.eg/mobile-phones/
3.1 Plus - 6.0-inch 32GB Mobile Phone - Baltic,2740,EGP,new,https://www.jumia.com.eg/mobile-phones/
"105 (2017) - 1.8"" Dual SIM Mobile Phone - White",370,EGP,new,https://www.jumia.com.eg/mobile-phones/
"105 (2017) - 1.4"" Dual SIM Mobile Phone - White",385,EGP,new,https://www.jumia.com.eg/mobile-phones/
"3310 (2017) - 2.4"" Dual SIM Mobile Phone - Yellow",925,EGP,new,https://www.jumia.com.eg/mobile-phones/
"6 - 5.5"" - 32GB Dual SIM 4G Mobile Phone - Matte Black",3429,EGP,new,https://www.jumia.com.eg/mobile-phones/
3.1 - 5.2-inch - 16GB Dual SIM Mobile Phone - White/Iron,2225,EGP,new,https://www.jumia.com.eg/mobile-phones/
"5 - 5.2"" - 16GB Dual SIM 4G Mobile Phone - Matte Black",2215,EGP,new,https://www.jumia.com.eg/mobile-phones/
3.1 - 5.2-inch - 16GB Dual SIM Mobile Phone - Black/Chrome,2225,EGP,new,https://www.jumia.com.eg/mobile-phones/
3.1 - 5.2-inch - 16GB Dual SIM Mobile Phone - Blue/Copper,1988,EGP,new,https://www.jumia.com.eg/mobile-phones/
iPhone XS Max - 256GB - Silver,25499,EGP,new,https://www.jumia.com.eg/mobile-phones/
iPhone XS Max - 256GB - Space Gray,24599,EGP,new,https://www.jumia.com.eg/mobile-phones/
iPhone XS Max - 256GB - Gold,25499,EGP,new,https://www.jumia.com.eg/mobile-phones/
iPhone XS Max - 64GB - Space Gray,22222,EGP,new,https://www.jumia.com.eg/mobile-phones/
iPhone XR - 64GB - White,18600,EGP,new,https://www.jumia.com.eg/mobile-phones/
iPhone XR - 64GB - Black,18600,EGP,new,https://www.jumia.com.eg/mobile-phones/
iPhone 7 Plus - 32GB - Rose Gold,13110,EGP,new,https://www.jumia.com.eg/mobile-phones/
iPhone XS - 256GB - Gold,23499,EGP,new,https://www.jumia.com.eg/mobile-phones/
iPhone 7 Plus - 128GB - Black,12990,EGP,new,https://www.jumia.com.eg/mobile-phones/
IPhone XR - 128GB - Black,18905,EGP,new,https://www.jumia.com.eg/mobile-phones/
iPhone 7 Plus - 32GB - Gold,12333,EGP,new,https://www.jumia.com.eg/mobile-phones/
iPhone 7 Plus - 32GB - Black,11699,EGP,new,https://www.jumia.com.eg/mobile-phones/
iPhone 8 - 64GB - (Product) Red,12750,EGP,new,https://www.jumia.com.eg/mobile-phones/
Watch Series 3 Gps Aluminum Case With Sport Band - 42mm - Space Gray,6499,EGP,new,https://www.jumia.com.eg/mobile-phones/
iPhone 7 Plus - 32GB - Black,13110,EGP,new,https://www.jumia.com.eg/mobile-phones/
iPhone 7 - 256GB - Silver,12255,EGP,new,https://www.jumia.com.eg/mobile-phones/
iPhone SE - 32GB - Gold,5650,EGP,new,https://www.jumia.com.eg/mobile-phones/
iPhone SE - 32GB - Space Gray,5555,EGP,new,https://www.jumia.com.eg/mobile-phones/
iPhone XR - 128GB - Blue,19900,EGP,new,https://www.jumia.com.eg/mobile-phones/
iPhone 6s - 16GB - Rose Gold,7999,EGP,new,https://www.jumia.com.eg/mobile-phones/
iPhone 8 Plus - 64GB - Silver,16100,EGP,new,https://www.jumia.com.eg/mobile-phones/
iPhone X - 256GB - Space Gray,22999,EGP,new,https://www.jumia.com.eg/mobile-phones/
iPhone XS Max Dual SIM - 256GB - Gold,25555,EGP,new,https://www.jumia.com.eg/mobile-phones/
IPhone 6 - 32GB - Gold,6199,EGP,new,https://www.jumia.com.eg/mobile-phones/
iPhone XR - 64GB - Coral,15999,EGP,new,https://www.jumia.com.eg/mobile-phones/
iPhone 8 Plus - 64GB - Gold,14199,EGP,new,https://www.jumia.com.eg/mobile-phones/
iPhone 7 - 32GB - Black,9999,EGP,new,https://www.jumia.com.eg/mobile-phones/
iPhone XS - 64GB - Gold,20499,EGP,new,https://www.jumia.com.eg/mobile-phones/
iPhone 8 - 64GB - Gold,12750,EGP,new,https://www.jumia.com.eg/mobile-phones/
iPhone 8 Plus - 64GB - Space Gray,14499,EGP,new,https://www.jumia.com.eg/mobile-phones/
iPhone 8 - 256GB - Gold,14200,EGP,new,https://www.jumia.com.eg/mobile-phones/
iPhone XR - 64GB - Blue,17669,EGP,new,https://www.jumia.com.eg/mobile-phones/
Watch Series 3 (GPS) 42mm - Silver Aluminum Case With Fog Sport Band,6299,EGP,new,https://www.jumia.com.eg/mobile-phones/
iPhone 6s - 32GB - Space Gray,7950,EGP,new,https://www.jumia.com.eg/mobile-phones/
iPhone 8 - 64GB - Silver,12999,EGP,new,https://www.jumia.com.eg/mobile-phones/
iPhone X - 64GB - Silver,18950,EGP,new,https://www.jumia.com.eg/mobile-phones/
iPhone 7 Plus - 128GB - Black,13499,EGP,new,https://www.jumia.com.eg/mobile-phones/
iPhone XR - 128GB - Coral,17999,EGP,new,https://www.jumia.com.eg/mobile-phones/
X606D Hot 6 - 6.0-inch 16GB 3G Mobile Phone - Sapphire Blue,2099,EGP,new,https://www.jumia.com.eg/mobile-phones/
X5515 Smart 2 - 5.5-inch 16GB Dual SIM 4G Mobile Phone - Serene Gold,1849,EGP,new,https://www.jumia.com.eg/mobile-phones/
X604 Note 5 - 6.0-inch 32GB Dual SIM Mobile Phone - Milan Black,2999,EGP,new,https://www.jumia.com.eg/mobile-phones/
X622 Hot S3X - 6.2-inch 32GB Dual SIM Mobile Phone - Milan Black,3100,EGP,new,https://www.jumia.com.eg/mobile-phones/
X605 Note5 Stylus - 6.0-inch 64GB Mobile Phone - Bordeaux Red,4150,EGP,new,https://www.jumia.com.eg/mobile-phones/
X623 Hot 6X HD - 6.2-inch 32GB 4G Mobile Phone - Bordeaux Red,2850,EGP,new,https://www.jumia.com.eg/mobile-phones/
X623 Hot 6X - 6.2-inch 16GB Mobile Phone - Kente Blue,2499,EGP,new,https://www.jumia.com.eg/mobile-phones/
X623 Hot 6X HD - 6.2-inch 32GB 4G Mobile Phone - Kente Blue,2850,EGP,new,https://www.jumia.com.eg/mobile-phones/
X606D Hot 6 - 6.0-inch 16GB 3G Mobile Phone - Sandstone Black,1919,EGP,new,https://www.jumia.com.eg/mobile-phones/
X605 Note5 Stylus - 6.0-inch 64GB Mobile Phone - Charcoal Blue,3959,EGP,new,https://www.jumia.com.eg/mobile-phones/
X573B Hot S3 - 5.65-inch 64GB Mobile Phone - Red,3119,EGP,new,https://www.jumia.com.eg/mobile-phones/
X606D Hot 6 - 6.0-inch 16GB 3G Mobile Phone - Bordeaux Red,1919,EGP,new,https://www.jumia.com.eg/mobile-phones/
X606D Hot 6 - 6.0-inch 16GB 3G Mobile Phone - Bordeaux Red,2200,EGP,new,https://www.jumia.com.eg/mobile-phones/
"X623 Hot 6X HD - 6.2"" 4G 32GB Mobile Phone - Midnight Black",2850,EGP,new,https://www.jumia.com.eg/mobile-phones/
X623 Hot 6X HD - 6.2-inch 32GB 4G Mobile Phone - Bordeaux Red,2895,EGP,new,https://www.jumia.com.eg/mobile-phones/
X606B Hot 6 - 6.0-inch 16GB 3G Mobile Phone - Bordeaux Red,2300,EGP,new,https://www.jumia.com.eg/mobile-phones/
X606B Hot 6 - 6.0-inch 16GB 3G Mobile Phone - Blush Gold,2300,EGP,new,https://www.jumia.com.eg/mobile-phones/
"X522 Hot S2 Pro - 5.2"" - 32GB Mobile Phone - Champagne Gold",3059,EGP,new,https://www.jumia.com.eg/mobile-phones/
"X572 Note 4 High Edition - 5.7"" - 32GB - 4G Mobile Phone - Champagne Gold",2444,EGP,new,https://www.jumia.com.eg/mobile-phones/
"X572 Note 4 High Edition - 5.7"" - 32GB - 4G Mobile Phone - Milan Black",2444,EGP,new,https://www.jumia.com.eg/mobile-phones/
"X572 Note 4 High Edition - 5.7"" - 32GB - 4G Mobile Phone - Ice Blue",2389,EGP,new,https://www.jumia.com.eg/mobile-phones/
"X557 Hot 4 Pro - 5.5"" Dual SIM Mobile Phone - Luxurious Gold",2256,EGP,new,https://www.jumia.com.eg/mobile-phones/
X605 Note5 Stylus - 6.0-inch 64GB Mobile Phone - Bordeaux Red,3499,EGP,new,https://www.jumia.com.eg/mobile-phones/
"X556 Hot 4 Pro LTE - 5.5"" - 4G Dual SIM Mobile Phone - Champagne Gold",2195,EGP,new,https://www.jumia.com.eg/mobile-phones/
"X556 Hot 4 Pro LTE - 5.5"" - 4G Dual SIM Mobile Phone - Anthracite Grey",2195,EGP,new,https://www.jumia.com.eg/mobile-phones/
X5515 Smart 2 - 5.5-inch 16GB Dual SIM 4G Mobile Phone - Bordeaux Red,1849,EGP,new,https://www.jumia.com.eg/mobile-phones/
"X559 Hot 5 Lite - 5.5"" - 16GB - 3G Mobile Phone - Super White",1699,EGP,new,https://www.jumia.com.eg/mobile-phones/
X5515 Smart 2 - 5.5-inch 16GB Dual SIM 4G Mobile Phone - City Blue,1849,EGP,new,https://www.jumia.com.eg/mobile-phones/
X605 Note5 Stylus - 6.0-inch 32GB Mobile Phone - Champagne Gold,3575,EGP,new,https://www.jumia.com.eg/mobile-phones/
X622 Hot S3X - 6.2-inch 32GB Dual SIM Mobile Phone - Milan Black,2979,EGP,new,https://www.jumia.com.eg/mobile-phones/
"X602 Zero 4 Plus - 5.98"" Mobile Phone - Champagne",4935,EGP,new,https://www.jumia.com.eg/mobile-phones/
X605 Note5 Stylus - 6.0-inch 64GB Mobile Phone - Champagne Gold,3959,EGP,new,https://www.jumia.com.eg/mobile-phones/
"X522 Hot S2 - 5.2"" - 16GB Mobile Phone - Champagne Gold",2839,EGP,new,https://www.jumia.com.eg/mobile-phones/
X573 Hot S3 - 5.7-inch 32GB Mobile Phone - Sandstone Black,2899,EGP,new,https://www.jumia.com.eg/mobile-phones/
"X555 Zero 4 - 5.5"" Mobile Phone - Lilac Grey",3475,EGP,new,https://www.jumia.com.eg/mobile-phones/
X573 Hot S3 - 5.7-inch 32GB Mobile Phone - Gold Blush,2899,EGP,new,https://www.jumia.com.eg/mobile-phones/
"X572 Note 4 - 5.7"" - 16GB - 4G Mobile Phone - Milan Black",2570,EGP,new,https://www.jumia.com.eg/mobile-phones/
"X522 Hot S2 - 5.2"" - 16GB Mobile Phone - Quartz Black",2820,EGP,new,https://www.jumia.com.eg/mobile-phones/
"Desire 10 Pro - 5.5"" Dual SIM Mobile Phone - Stone Black",2999,EGP,new,https://www.jumia.com.eg/mobile-phones/
"Desire 10 Pro - 5.5"" Dual SIM Mobile Phone - Polar White + Energizer Energy E10+ - 1.8-inch Dual SIM Mobile Phone - Black",3199,EGP,new,https://www.jumia.com.eg/mobile-phones/
Desire 12 - 5.5-inch 32GB Mobile Phone - Warm Silver,2399,EGP,new,https://www.jumia.com.eg/mobile-phones/
Desire 12+ - 6.0-inch 32GB Mobile Phone - Cool Black,2949,EGP,new,https://www.jumia.com.eg/mobile-phones/
"U11+ - 6.0"" - 128GB - 4G Dual SIM Mobile Phone - Ceramic Black",7899,EGP,new,https://www.jumia.com.eg/mobile-phones/
Desire 12+ - 6.0-inch 32GB Mobile Phone - Royal Gold,2949,EGP,new,https://www.jumia.com.eg/mobile-phones/
"U Play - 5.2"" - 64GB Mobile Phone - Ice White",3199,EGP,new,https://www.jumia.com.eg/mobile-phones/
"Desire 828 Ultra - 5.5"" Dual SIM Mobile Phone - Dark Grey",2099,EGP,new,https://www.jumia.com.eg/mobile-phones/
"One X9 - 5.5"" Dual SIM Mobile Phone - Topaz Gold",2615,EGP,new,https://www.jumia.com.eg/mobile-phones/
"U Play - 5.2"" - 64GB Mobile Phone - Sapphire Blue",3199,EGP,new,https://www.jumia.com.eg/mobile-phones/
10 Evo - 5.5-inch 32GB Mobile Phone - Gold,3375,EGP,new,https://www.jumia.com.eg/mobile-phones/
Desire 12 - 5.5-inch 32GB Mobile Phone - Royal Gold,2499,EGP,new,https://www.jumia.com.eg/mobile-phones/
Desire 828 - 5.5-inch 32GB Dual SIM Mobile Phone - Pearl White,2219,EGP,new,https://www.jumia.com.eg/mobile-phones/
"U Play - 5.2"" - 64GB Mobile Phone - Brilliant Black",3199,EGP,new,https://www.jumia.com.eg/mobile-phones/
"One X9 - 5.5"" Dual SIM Mobile Phone - Opal Silver",2623,EGP,new,https://www.jumia.com.eg/mobile-phones/
"Desire 828 Ultra - 5.5"" Dual SIM Mobile Phone - Pearl White",2099,EGP,new,https://www.jumia.com.eg/mobile-phones/
"U11 - 5.5"" - 128GB Mobile Phone - Amazing Silver",6998,EGP,new,https://www.jumia.com.eg/mobile-phones/
"Desire 10 Pro - 5.5"" Dual SIM Mobile Phone - Stone Black + Energizer Energy E10+ - 1.8-inch Dual SIM Mobile Phone - Black",3499,EGP,new,https://www.jumia.com.eg/mobile-phones/
"U11 - 5.5"" - 128GB Mobile Phone - Brilliant Black",6998,EGP,new,https://www.jumia.com.eg/mobile-phones/
"U Play - 5.2"" - 64GB Mobile Phone - Cosmetic Pink",3199,EGP,new,https://www.jumia.com.eg/mobile-phones/
Desire 12+ - 6.0-inch 32GB Mobile Phone - Royal Gold,2888,EGP,new,https://www.jumia.com.eg/mobile-phones/
"U11+ - 6.0"" - 128GB - 4G Dual SIM Mobile Phone - Translucent  Black",7999,EGP,new,https://www.jumia.com.eg/mobile-phones/
"U11 - 5.5"" - 128GB Mobile Phone - Sapphire Blue",6999,EGP,new,https://www.jumia.com.eg/mobile-phones/
"Desire 10 Pro - 5.5"" Dual SIM Mobile Phone - Polar White",3199,EGP,new,https://www.jumia.com.eg/mobile-phones/
"U Play - 5.2"" - 32GB Mobile Phone - Cosmetic Pink",3399,EGP,new,https://www.jumia.com.eg/mobile-phones/
"U Play - 5.2"" - 32GB Mobile Phone - Sapphire Blue",3399,EGP,new,https://www.jumia.com.eg/mobile-phones/
"U Play - 5.2"" - 32GB Mobile Phone - Ice White",3399,EGP,new,https://www.jumia.com.eg/mobile-phones/
"U Play - 5.2"" - 32GB Mobile Phone - Brilliant Black",3399,EGP,new,https://www.jumia.com.eg/mobile-phones/
"Desire 728 Ultra Edition - 5.5"" - 4G 32GB Mobile Phone - Black Gold",4199,EGP,new,https://www.jumia.com.eg/mobile-phones/
"U Ultra - 5.7"" - 64GB Mobile Phone - Sapphire Blue",4199,EGP,new,https://www.jumia.com.eg/mobile-phones/
"U Ultra - 5.7"" - 64GB Mobile Phone - Brilliant Black",4199,EGP,new,https://www.jumia.com.eg/mobile-phones/
"Desire 10 Pro - 5.5"" Dual SIM Mobile Phone - Polar White",2998,EGP,new,https://www.jumia.com.eg/mobile-phones/
"U Ultra - 5.7"" - 64GB Mobile Phone - Ice White",4199,EGP,new,https://www.jumia.com.eg/mobile-phones/
Desire 12 - 5.5-inch 32GB Mobile Phone - Cool Black,2399,EGP,new,https://www.jumia.com.eg/mobile-phones/
Desire 828 - 5.5-inch 16GB Dual SIM Mobile Phone - Pearl White,1889,EGP,new,https://www.jumia.com.eg/mobile-phones/
"U Ultra - 5.7"" - 64GB Mobile Phone - Cosmetic Pink",4199,EGP,new,https://www.jumia.com.eg/mobile-phones/
"Desire 10 Lifestyle - 5.5"" Dual SIM Mobile Phone - Graphite Black",2419,EGP,new,https://www.jumia.com.eg/mobile-phones/
"Desire 10 Lifestyle - 5.5"" Dual SIM Mobile Phone - Polar White",2419,EGP,new,https://www.jumia.com.eg/mobile-phones/
Desire 830 - 5.5-inch 32GB Dual SIM 4G Mobile Phone - Black/Gold,2695,EGP,new,https://www.jumia.com.eg/mobile-phones/
Y9 (2019) - 6.5-inch 64GB Mobile Phone - Midnight Black,4025,EGP,new,https://www.jumia.com.eg/mobile-phones/
Y5 Lite 2018 - 5.0-inch 16GB 4G Mobile Phone - Blue,1650,EGP,new,https://www.jumia.com.eg/mobile-phones/
Y9 (2019) - 6.5-inch 64GB 4G Dual SIM Mobile Phone - Coral Red,4025,EGP,new,https://www.jumia.com.eg/mobile-phones/
Mate 20 - 6.53-inch 128GB Mobile Phone - Twilight,11499,EGP,new,https://www.jumia.com.eg/mobile-phones/
Y9 (2019) - 6.5-inch 64GB Mobile Phone - Sapphire Blue,4999,EGP,new,https://www.jumia.com.eg/mobile-phones/
Y7 Prime 2018 - 5.99-inch 32GB Dual SIM 4G Mobile Phone - Blue,4750,EGP,new,https://www.jumia.com.eg/mobile-phones/
Nova 3 - 6.3-inch 128GB Mobile Phone - Red,7859,EGP,new,https://www.jumia.com.eg/mobile-phones/
Y7 Prime 2018 - 5.99-inch 32GB Dual SIM 4G Mobile Phone - Gold,4750,EGP,new,https://www.jumia.com.eg/mobile-phones/
Y9 (2019) - 6.5-inch 64GB 4G Dual SIM Mobile Phone - Midnight Black,4993,EGP,new,https://www.jumia.com.eg/mobile-phones/
"Honor 5X - 5.5"" 16GB, 3GB RAM, 4G LTE Dual SIM Mobile Phone - Gold",2775,EGP,new,https://www.jumia.com.eg/mobile-phones/
"P10 Lite - 5.2"" Mobile Phone - Midnight Black",4039,EGP,new,https://www.jumia.com.eg/mobile-phones/
Mate 20 - 6.53-inch 128GB Mobile Phone - Midnight Blue,12328,EGP,new,https://www.jumia.com.eg/mobile-phones/
Y7 Prime 2018 - 5.99-inch 32GB Dual SIM 4G Mobile Phone - Black,3750,EGP,new,https://www.jumia.com.eg/mobile-phones/
Y5 Prime 2018 - 5.45-inch Dual SIM 16GB Mobile Phone - Blue,2650,EGP,new,https://www.jumia.com.eg/mobile-phones/
Y5 Prime 2018 - 5.45-inch Dual SIM 16GB Mobile Phone - Black,2650,EGP,new,https://www.jumia.com.eg/mobile-phones/
"Y3 II - 4.5"" - 3G Dual SIM 8GB Mobile Phone - Arctic White",1867,EGP,new,https://www.jumia.com.eg/mobile-phones/
"Honor 6X Dual SIM - 32 GB, 3GB RAM, 4G LTE, WiFi, Silver",3666,EGP,new,https://www.jumia.com.eg/mobile-phones/
Nova 3i - 6.3-inch 128GB Mobile Phone - Iris Purple,5200,EGP,new,https://www.jumia.com.eg/mobile-phones/
Y5 Lite 2018 - 5.0-inch 16GB 4G Mobile Phone - Blue,2000,EGP,new,https://www.jumia.com.eg/mobile-phones/
"Y3 2017 - 5.0"" - 8GB - 4G Mobile Phone - Gold",1999,EGP,new,https://www.jumia.com.eg/mobile-phones/
"G8 - 5.5"" Dual SIM 32GB Mobile Phone - Gold",3500,EGP,new,https://www.jumia.com.eg/mobile-phones/
Nova 3i - 6.3-inch 128GB Mobile Phone - Black,5673,EGP,new,https://www.jumia.com.eg/mobile-phones/
"Honor 6X Dual SIM - 32 GB, 3GB RAM, 4G LTE, WiFi, Gold",3666,EGP,new,https://www.jumia.com.eg/mobile-phones/
Y9 (2019) - 6.5-inch 64GB Mobile Phone - Red,4899,EGP,new,https://www.jumia.com.eg/mobile-phones/
Y9 (2019) - 6.5-inch 64GB 4G Dual SIM Mobile Phone - Midnight Black,4619,EGP,new,https://www.jumia.com.eg/mobile-phones/
"GR3 2017 - 5.2"" - 16GB 4G Mobile Phone - Gold",2222,EGP,new,https://www.jumia.com.eg/mobile-phones/
"Y5 2017 - 5.0"" - 16GB - 4G Mobile Phone - Gold",2166,EGP,new,https://www.jumia.com.eg/mobile-phones/
"P10 Lite - 5.2"" Mobile Phone - Sapphire Blue",4444,EGP,new,https://www.jumia.com.eg/mobile-phones/
Y9 (2019) - 6.5-inch 64GB 4G Dual SIM Mobile Phone - Midnight Black,5000,EGP,new,https://www.jumia.com.eg/mobile-phones/
Y9 (2019) - 6.5-inch 64GB Mobile Phone - Sapphire Blue,5000,EGP,new,https://www.jumia.com.eg/mobile-phones/
Y9 (2019) - 6.5-inch 64GB 4G Dual SIM Mobile Phone - Aurora Purple,5000,EGP,new,https://www.jumia.com.eg/mobile-phones/
Y7 Prime (2019) - 6.26-inch 32GB Mobile Phone - Midnight Black,4000,EGP,new,https://www.jumia.com.eg/mobile-phones/
Nova 3i - 6.3-inch 128GB Mobile Phone - Black,5500,EGP,new,https://www.jumia.com.eg/mobile-phones/
Y5 Prime 2018 - 5.45-inch Dual SIM 16GB Mobile Phone - Black,1899,EGP,new,https://www.jumia.com.eg/mobile-phones/
Y9 (2019) - 6.5-inch 64GB Mobile Phone - Sapphire Blue,4025,EGP,new,https://www.jumia.com.eg/mobile-phones/
"Y5 2017 - 5.0"" - 16GB - 4G Mobile Phone - Grey",1789,EGP,new,https://www.jumia.com.eg/mobile-phones/
Y5 Prime 2018 - 5.45-inch Dual SIM 16GB Mobile Phone - Blue,1899,EGP,new,https://www.jumia.com.eg/mobile-phones/
"Y5 II - 5.0"" - 4G Dual SIM Mobile Phone - Obsidian Black",1790,EGP,new,https://www.jumia.com.eg/mobile-phones/
"Y3 2017 - 5.0"" - 8GB - 4G Mobile Phone - Gold",1639,EGP,new,https://www.jumia.com.eg/mobile-phones/
Y5 Prime 2018 - 5.45-inch Dual SIM 16GB Mobile Phone - Gold,2650,EGP,new,https://www.jumia.com.eg/mobile-phones/
Spark 2 (KA7O) - 6.0-inch 16GB Dual SIM 3G Mobile Phone - Midnight Black,1799,EGP,new,https://www.jumia.com.eg/mobile-phones/
Pop 1 Pro - 5.5-inch 16GB Dual SIM 3G Mobile Phone - Midnight Black,1499,EGP,new,https://www.jumia.com.eg/mobile-phones/
Pop 1 Pro - 5.5-inch 16GB Dual SIM 3G Mobile Phone - Bordeaux Red,1499,EGP,new,https://www.jumia.com.eg/mobile-phones/
"T371 - 2.4"", Dual SIM Mobile Phone -Grey",310,EGP,new,https://www.jumia.com.eg/mobile-phones/
Pop 1 Pro - 5.5-inch 16GB Dual SIM 3G Mobile Phone - Sapphire Blue,1499,EGP,new,https://www.jumia.com.eg/mobile-phones/
"Spark (K7) - 5.5"" - 16GB - 3G Dual SIM Mobile Phone - Black",1666,EGP,new,https://www.jumia.com.eg/mobile-phones/
Pouvoir 2 (LA7) - 6.0-inch 16GB 4G Mobile Phone - City Blue,2399,EGP,new,https://www.jumia.com.eg/mobile-phones/
"T371 - 2.4"", Dual SIM Mobile Phone -Grey",350,EGP,new,https://www.jumia.com.eg/mobile-phones/
F1 - 5.0-inch 8GB Dual SIM Mobile Phone - Ice Blue,1250,EGP,new,https://www.jumia.com.eg/mobile-phones/
Spark 2 (KA7) - 6.0-inch 16GB Dual SIM 3G Mobile Phone - Black,1850,EGP,new,https://www.jumia.com.eg/mobile-phones/
Pouvoir 2 (LA7) - 6.0-inch 16GB 4G Mobile Phone - Midnight Black,2439,EGP,new,https://www.jumia.com.eg/mobile-phones/
"T371 - 2.4"" Dual SIM Mobile Phone - Black&Red",299,EGP,new,https://www.jumia.com.eg/mobile-phones/
Pop 1s Pro - 5.5-inch 16GB Dual SIM Mobile Phone - Midnight Black,1839,EGP,new,https://www.jumia.com.eg/mobile-phones/
"WX3 - 5.0"" - 8GB - 3G Dual SIM Mobile Phone - Anthracite Grey",1350,EGP,new,https://www.jumia.com.eg/mobile-phones/
"Camon CX Pro - 5.5"" - 32GB - 4G Dual SIM Mobile Phone - Champagne Gold",3200,EGP,new,https://www.jumia.com.eg/mobile-phones/
"Spark Plus K9 - 6.0"" - 16GB - 3G Dual SIM Mobile Phone - Elegant Blue",2222,EGP,new,https://www.jumia.com.eg/mobile-phones/
"Spark Plus K9 - 6.0"" - 16GB - 3G Dual SIM Mobile Phone - Anthracite Grey",2399,EGP,new,https://www.jumia.com.eg/mobile-phones/
Pop 1 Pro - 5.5-inch 16GB Dual SIM 3G Mobile Phone - Midnight Black,1539,EGP,new,https://www.jumia.com.eg/mobile-phones/
"Phantom 6 - 5.5"" - 4G Dual SIM Mobile Phone - Champagne Gold",2999,EGP,new,https://www.jumia.com.eg/mobile-phones/
"Camon CX - 5.5"" - 4G Dual SIM Mobile Phone - Sky Grey",2702,EGP,new,https://www.jumia.com.eg/mobile-phones/
Pop 1s - 5.5-inch 16GB Dual SIM Mobile Phone - Midnight Black,1629,EGP,new,https://www.jumia.com.eg/mobile-phones/
"W5 Lite - 5.5"" Dual SIM Mobile Phone - Space Grey",1650,EGP,new,https://www.jumia.com.eg/mobile-phones/
Spark 2 (KA7O) - 6.0-inch 16GB Dual SIM 3G Mobile Phone - Gold,2099,EGP,new,https://www.jumia.com.eg/mobile-phones/
Spark 2 (KA7) - 6.0-inch 16GB Dual SIM 3G Mobile Phone - Black,1825,EGP,new,https://www.jumia.com.eg/mobile-phones/
Pouvoir 1 (LA6) - 5.5-inch 16GB Mobile Phone - Ice Blue,1399,EGP,new,https://www.jumia.com.eg/mobile-phones/
Pouvoir 1 (LA6) - 5.5-inch 16GB Mobile Phone - Dark Black,1399,EGP,new,https://www.jumia.com.eg/mobile-phones/
Pop 1 Pro - 5.5-inch 16GB Dual SIM 3G Mobile Phone - Gold,1499,EGP,new,https://www.jumia.com.eg/mobile-phones/
F1 - 5.0-inch 8GB Dual SIM Mobile Phone - Ice Blue,1035,EGP,new,https://www.jumia.com.eg/mobile-phones/
Phantom 8 - 5.7-inch - 64GB Dual SIM 4G Mobile Phone - Black,3999,EGP,new,https://www.jumia.com.eg/mobile-phones/
"T349 - 1.77"" Dual SIM Mobile Phone - Dark Black",240,EGP,new,https://www.jumia.com.eg/mobile-phones/
"Spark (K7) - 5.5"" - 16GB - 3G Dual SIM Mobile Phone - Coral Blue",1666,EGP,new,https://www.jumia.com.eg/mobile-phones/
F1 - 5.0-inch 8GB Dual SIM Mobile Phone - Elegant Black,1039,EGP,new,https://www.jumia.com.eg/mobile-phones/
Pop 1 - 5.5-inch 8GB Dual SIM 3G Mobile Phone - Blue,1229,EGP,new,https://www.jumia.com.eg/mobile-phones/
Pop 1 Pro - 5.5-inch 16GB Dual SIM 3G Mobile Phone - Bordeaux Red,1529,EGP,new,https://www.jumia.com.eg/mobile-phones/
Pouvoir 2 (LA7) - 6.0-inch 16GB 4G Mobile Phone - Champagne Gold,2369,EGP,new,https://www.jumia.com.eg/mobile-phones/
Phantom 8 - 5.7-inch - 64GB Dual SIM 4G Mobile Phone - Champagne Gold,3999,EGP,new,https://www.jumia.com.eg/mobile-phones/
Pop 1s Pro - 5.5-inch 16GB Dual SIM Mobile Phone - Champagne Gold,1839,EGP,new,https://www.jumia.com.eg/mobile-phones/
Pouvoir 1 (LA6) - 5.5-inch 16GB Mobile Phone - Amber Gold,1639,EGP,new,https://www.jumia.com.eg/mobile-phones/
Pop 1 Pro - 5.5-inch 16GB Dual SIM 3G Mobile Phone - Sapphire Blue,1528,EGP,new,https://www.jumia.com.eg/mobile-phones/
Pop 1 - 5.5-inch 8GB Dual SIM 3G Mobile Phone - Red,1229,EGP,new,https://www.jumia.com.eg/mobile-phones/
KR18 - 1.8-inch Dual SIM Mobile Phone - Black ,189,EGP,new,https://www.jumia.com.eg/mobile-phones/
KR18 - 1.8 -inch Dual Camera & SIM Mobile Phone - Blue ,179,EGP,new,https://www.jumia.com.eg/mobile-phones/
KR8 - 1.8-inch Dual SIM Mobile Phone - Black,167,EGP,new,https://www.jumia.com.eg/mobile-phones/
T3 - 1.77-inch Dual SIM Mobile Phone - Black,149,EGP,new,https://www.jumia.com.eg/mobile-phones/
T3 - 1.77-inch Dual SIM Mobile Phone - Blue,149,EGP,new,https://www.jumia.com.eg/mobile-phones/
KR12 - 1.8 -inch Dual SIM Mobile Phone - Black,163,EGP,new,https://www.jumia.com.eg/mobile-phones/
KR11 - 1.8 -inch Dual SIM Mobile Phone - Black,169,EGP,new,https://www.jumia.com.eg/mobile-phones/
KR6 Dual Sim Mobile Phone 2.4  Inch - Yellow,200,EGP,new,https://www.jumia.com.eg/mobile-phones/
T3 - 1.77-inch Dual SIM Mobile Phone - Silver,149,EGP,new,https://www.jumia.com.eg/mobile-phones/
P10 - 5.5-inch 8GB Dual SIM 3G Mobile Phone - Gold,899,EGP,new,https://www.jumia.com.eg/mobile-phones/
T1 - 1.77-inch Dual SIM Mobile Phone - Blue,149,EGP,new,https://www.jumia.com.eg/mobile-phones/
KR6 Dual SIM 2.4-inch Mobile Phone - Orange,200,EGP,new,https://www.jumia.com.eg/mobile-phones/
KR12 - 1.8 -inch Dual SIM Mobile Phone- Red,163,EGP,new,https://www.jumia.com.eg/mobile-phones/
KR20 - 1.8-inch Dual SIM Mobile Phone - Black/Red,172,EGP,new,https://www.jumia.com.eg/mobile-phones/
"KR7 - 1.77"" Dual SIM Mobile Phone - Grey",178,EGP,new,https://www.jumia.com.eg/mobile-phones/
KR12 - 1.8 -inch Dual SIM Mobile Phone - Green,163,EGP,new,https://www.jumia.com.eg/mobile-phones/
"KR7 - 1.77"" Dual SIM Mobile Phone - Black",178,EGP,new,https://www.jumia.com.eg/mobile-phones/
KR10 - 1.8-inch Dual SIM Mobile Phone - White,167,EGP,new,https://www.jumia.com.eg/mobile-phones/
T1 - 1.77-inch Dual SIM Mobile Phone - Gold,149,EGP,new,https://www.jumia.com.eg/mobile-phones/
KR10 - 1.8-inch Dual SIM Mobile Phone - Blue,167,EGP,new,https://www.jumia.com.eg/mobile-phones/
P10 - 5.5-inch 8GB Dual SIM 3G Mobile Phone - White,899,EGP,new,https://www.jumia.com.eg/mobile-phones/
"KR7 - 1.77"" Dual SIM Mobile Phone - Blue",178,EGP,new,https://www.jumia.com.eg/mobile-phones/
P30 - 5.5-inch 8GB Dual SIM 3G Mobile Phone - Gold,999,EGP,new,https://www.jumia.com.eg/mobile-phones/
P20 - 5.5-inch 8GB Dual SIM 3G Mobile Phone - Gold,999,EGP,new,https://www.jumia.com.eg/mobile-phones/
P20 - 5.5-inch 8GB Dual SIM 3G Mobile Phone - Black,999,EGP,new,https://www.jumia.com.eg/mobile-phones/
P30 - 5.5-inch 8GB Dual SIM 3G Mobile Phone - Black,999,EGP,new,https://www.jumia.com.eg/mobile-phones/
KR19 1.8 Dual SIM Mobile Phone - Black,399,EGP,new,https://www.jumia.com.eg/mobile-phones/
KR18 - 1.8 Inch Dual Camera & SIM Mobile Phone - Yellow,179,EGP,new,https://www.jumia.com.eg/mobile-phones/
Redmi 6A - 5.45-inch 16GB - 4G Mobile Phone - Black,1729,EGP,new,https://www.jumia.com.eg/mobile-phones/
Redmi 5 - 5.7-inch 32GB - 4G Mobile Phone - Gold,2888,EGP,new,https://www.jumia.com.eg/mobile-phones/
Redmi Note 6 Pro - 6.26-inch 32GB Mobile Phone - Rose Gold,3719,EGP,new,https://www.jumia.com.eg/mobile-phones/
Redmi Note 5 - 5.99-inch 64GB Mobile Phone - Black,3650,EGP,new,https://www.jumia.com.eg/mobile-phones/
Redmi Note 5 - 5.99-inch 32GB Mobile Phone - Black,3225,EGP,new,https://www.jumia.com.eg/mobile-phones/
Redmi Note 6 Pro - 6.26-inch 32GB Mobile Phone - Blue,3560,EGP,new,https://www.jumia.com.eg/mobile-phones/
Pocophone F1 - 6.18-inch 64GB Mobile Phone - Graphite Black,6890,EGP,new,https://www.jumia.com.eg/mobile-phones/
Mi A2 - 5.99-inch 128GB Dual SIM Mobile Phone - Gold,6000,EGP,new,https://www.jumia.com.eg/mobile-phones/
Redmi 5 Plus - 5.99-inch 32GB - 4G Mobile Phone - Gold,3250,EGP,new,https://www.jumia.com.eg/mobile-phones/
Redmi 6 - 5.45-inch 32GB - 4G Mobile Phone - Gold,2535,EGP,new,https://www.jumia.com.eg/mobile-phones/
Redmi 6 - 5.45-inch 32GB - 4G Mobile Phone - Black,2750,EGP,new,https://www.jumia.com.eg/mobile-phones/
Redmi Note 6 Pro - 6.26-inch 32GB Mobile Phone - Black,3599,EGP,new,https://www.jumia.com.eg/mobile-phones/
Mi A2 - 5.99-inch 32GB Dual SIM Mobile Phone - Black,4230,EGP,new,https://www.jumia.com.eg/mobile-phones/
Mi A2 Lite - 5.84-inch 64GB Dual SIM Mobile Phone - Lite Black,3225,EGP,new,https://www.jumia.com.eg/mobile-phones/
Redmi Note 5 - 5.99-inch 64GB Mobile Phone - Gold,3699,EGP,new,https://www.jumia.com.eg/mobile-phones/
Mi 8 Lite - 6.26-inch 64GB 4G Mobile Phone - Aurora Blue,4579,EGP,new,https://www.jumia.com.eg/mobile-phones/
Redmi Note 6 Pro - 6.26-inch 32GB Mobile Phone - Black,3619,EGP,new,https://www.jumia.com.eg/mobile-phones/
Mi 8 Lite - 6.26-inch 128GB 4G Mobile Phone - Midnight Black,5333,EGP,new,https://www.jumia.com.eg/mobile-phones/
Mi 8 Lite - 6.26-inch 64GB 4G Mobile Phone - Midnight Black,4439,EGP,new,https://www.jumia.com.eg/mobile-phones/
Mi A2 Lite - 5.84-inch 64GB Dual SIM Mobile Phone - Gold,3248,EGP,new,https://www.jumia.com.eg/mobile-phones/
"Mi A1 - 5.5"" - 64GB - 4G Mobile Phone - Gold",3789,EGP,new,https://www.jumia.com.eg/mobile-phones/
Redmi Note 5 - 5.99-inch 64GB Mobile Phone - Blue,3779,EGP,new,https://www.jumia.com.eg/mobile-phones/
Redmi S2 - 5.99-inch 64GB Dual SIM Mobile Phone - Dark Grey,3428,EGP,new,https://www.jumia.com.eg/mobile-phones/
Mi A2 - 5.99-inch 32GB Dual SIM Mobile Phone - Gold,4230,EGP,new,https://www.jumia.com.eg/mobile-phones/
Mi Mix 2S - 5.99-inch 64GB Mobile Phone - Black,9865,EGP,new,https://www.jumia.com.eg/mobile-phones/
"Mi A1 - 5.5"" - 64GB - 4G Mobile Phone - Black",3789,EGP,new,https://www.jumia.com.eg/mobile-phones/
"Mi A1 - 5.5"" - 64GB - 4G Mobile Phone - Rose Gold",3789,EGP,new,https://www.jumia.com.eg/mobile-phones/
"3c - 6.0"" - 4G Dual SIM Mobile Phone - Metallic Blue",1555,EGP,new,https://www.jumia.com.eg/mobile-phones/
"Pop 4S - 5.5"" - 16GB - 4G Mobile Phone - Metallic Gold",1459,EGP,new,https://www.jumia.com.eg/mobile-phones/
3v (5099U) - 6.0-inch 16GB 4G Mobile Phone - Spectrum Gold,2220,EGP,new,https://www.jumia.com.eg/mobile-phones/
2051D - Dual SIM 2G Mobile Phone - Silver,599,EGP,new,https://www.jumia.com.eg/mobile-phones/
1066D - 1.8-inch Dual SIM Mobile Phone - White,333,EGP,new,https://www.jumia.com.eg/mobile-phones/
3C (5026D) - 6.0-inch - 16GB - 3G Mobile Phone - Metallic Black,1444,EGP,new,https://www.jumia.com.eg/mobile-phones/
"3c - 6.0"" - 4G Dual SIM Mobile Phone - Black",1974,EGP,new,https://www.jumia.com.eg/mobile-phones/
2051D - Dual SIM 2G Mobile Phone - White,499,EGP,new,https://www.jumia.com.eg/mobile-phones/
1X - 5.3-inch 16GB Mobile Phone - Gold,1554,EGP,new,https://www.jumia.com.eg/mobile-phones/
"Pixi 4 (6) - 6.0"" - 16GB - 4G Mobile Phone - Metallic Gold",2069,EGP,new,https://www.jumia.com.eg/mobile-phones/
"Pop 4 (6) - 6.0"" - 16GB - 4G Mobile Phone - Black",1849,EGP,new,https://www.jumia.com.eg/mobile-phones/
"Pixi 4 (6) - 6.0"" - 8GB - 3G Mobile Phone -  Volcano Black",1415,EGP,new,https://www.jumia.com.eg/mobile-phones/
3L 5034D - 5.5-inch 16GB 4G Mobile Phone - Metallic Black,1688,EGP,new,https://www.jumia.com.eg/mobile-phones/
"Pixi 4 (7) - 7.0"" - 16GB - 3G Tablet With Voice Calls -grey",1500,EGP,new,https://www.jumia.com.eg/mobile-phones/
"3 - 5.5"" 4G Mobile Phone - Black",2144,EGP,new,https://www.jumia.com.eg/mobile-phones/
3 5052D - 5.5-inch 16GB 4G Mobile Phone - Spectrum Gold,2144,EGP,new,https://www.jumia.com.eg/mobile-phones/
3C (5026D) - 6.0-inch - 16GB - 3G Mobile Phone - Metallic Gold,1444,EGP,new,https://www.jumia.com.eg/mobile-phones/
3C (5026D) - 6.0-inch - 16GB - 3G Mobile Phone - Metallic Blue,1444,EGP,new,https://www.jumia.com.eg/mobile-phones/
3C (5026D) - 6.0-inch - 16GB - 3G Mobile Phone - Metallic Blue,2000,EGP,new,https://www.jumia.com.eg/mobile-phones/
3X - 5.7-inch 32GB Mobile Phone - Metallic Gold,2644,EGP,new,https://www.jumia.com.eg/mobile-phones/
1X - 5.3-inch 16GB Mobile Phone - Blue,1554,EGP,new,https://www.jumia.com.eg/mobile-phones/
"A3 5046U - 5.0"" - 16GB - 4G Mobile Phone - Prime Black",1699,EGP,new,https://www.jumia.com.eg/mobile-phones/
1X - 5.3-inch 16GB Mobile Phone - Dark Grey,1554,EGP,new,https://www.jumia.com.eg/mobile-phones/
"Pop 4S - 5.5"" - 16GB - 4G Mobile Phone - Dark Grey",1459,EGP,new,https://www.jumia.com.eg/mobile-phones/
3v (5099U) - 6.0-inch 16GB 4G Mobile Phone - Spectrum Blue,2220,EGP,new,https://www.jumia.com.eg/mobile-phones/
1 (5033D) - 5.0-inch 8GB 4G Mobile Phone - Gold,925,EGP,new,https://www.jumia.com.eg/mobile-phones/
3v (5099U) - 6.0-inch 16GB 4G Mobile Phone - Spectrum Black,2220,EGP,new,https://www.jumia.com.eg/mobile-phones/
1 (5033D) - 5.0-inch 8GB 4G Mobile Phone - Blue,925,EGP,new,https://www.jumia.com.eg/mobile-phones/
2051D - 2.4-inch Dual SIM Mobile Phone - Pure White,480,EGP,new,https://www.jumia.com.eg/mobile-phones/
3L 5034D - 5.5-inch 16GB 4G Mobile Phone - Metallic Blue,1615,EGP,new,https://www.jumia.com.eg/mobile-phones/
1 (5033D) - 5.0-inch 8GB 4G Mobile Phone - Black,1028,EGP,new,https://www.jumia.com.eg/mobile-phones/
2051D - 2.4-inch Dual SIM Mobile Phone - Metal Silver,550,EGP,new,https://www.jumia.com.eg/mobile-phones/
3C (5026D) - 6.0-inch - 16GB - 3G Mobile Phone - Metallic Gold,1564,EGP,new,https://www.jumia.com.eg/mobile-phones/
3C (5026D) - 6.0-inch - 16GB - 3G Mobile Phone - Metallic Blue,1564,EGP,new,https://www.jumia.com.eg/mobile-phones/
A5 LED 5085D - 5.2-inch 32GB 4G Mobile Phone - Silver,1999,EGP,new,https://www.jumia.com.eg/mobile-phones/
"Pixi 4 (7) - 7.0"" - 16GB - 3G Tablet With Voice Calls - Volcano Black",1609,EGP,new,https://www.jumia.com.eg/mobile-phones/
3 5052D - 5.5-inch 16GB 4G Mobile Phone - Spectrum Black,2099,EGP,new,https://www.jumia.com.eg/mobile-phones/
"Xperia XA1 Ultra - 6.0"" - 32GB Dual SIM Mobile Phone - Gold",3550,EGP,new,https://www.jumia.com.eg/mobile-phones/
"Xperia XZ1 - 5.2"" - 64GB - 4G Dual SIM Mobile Phone - Venus Pink",5550,EGP,new,https://www.jumia.com.eg/mobile-phones/
"Xperia XZ Premium - 5.46"" - 64GB Dual SIM Mobile Phone - Luminous Chrome",6775,EGP,new,https://www.jumia.com.eg/mobile-phones/
"Xperia XA1 - 5.0"" - 32GB Dual SIM Mobile Phone - Pink",2799,EGP,new,https://www.jumia.com.eg/mobile-phones/
"Xperia XA2 - 5.2"" - 32GB Dual SIM Mobile Phone - Silver",3888,EGP,new,https://www.jumia.com.eg/mobile-phones/
"Xperia XZ1 - 5.2"" - 64GB - 4G Dual SIM Mobile Phone - Warm Silver",5550,EGP,new,https://www.jumia.com.eg/mobile-phones/
"Xperia XA Ultra Dual - 6.0"" - 4G Dual SIM Mobile Phone - White",3989,EGP,new,https://www.jumia.com.eg/mobile-phones/
"Xperia XA Dual - 5.0"" - 4G Dual SIM Mobile Phone - Graphite Black",2879,EGP,new,https://www.jumia.com.eg/mobile-phones/
"Xperia XA Ultra Dual - 6.0"" - 4G Dual SIM Mobile Phone - White",3299,EGP,new,https://www.jumia.com.eg/mobile-phones/
"Xperia XA1 Ultra - 6.0"" - 32GB Dual SIM Mobile Phone - Black",3440,EGP,new,https://www.jumia.com.eg/mobile-phones/
"Xperia XA1 Ultra - 6.0"" - 32GB Dual SIM Mobile Phone - Gold",3440,EGP,new,https://www.jumia.com.eg/mobile-phones/
Xperia XZ2 - 5.7-inch 64GB Dual SIM Mobile Phone - Deep Green,10499,EGP,new,https://www.jumia.com.eg/mobile-phones/
"Xperia XA2 Ultra - 6.0"" - 32GB Dual SIM Mobile Phone - Black",6570,EGP,new,https://www.jumia.com.eg/mobile-phones/
Xperia XA1 Plus - 5.5-inch - 32GB Dual SIM Mobile Phone - Gold,3445,EGP,new,https://www.jumia.com.eg/mobile-phones/
"Xperia XA Dual - 5.0"" - 4G Dual SIM Mobile Phone - White",2879,EGP,new,https://www.jumia.com.eg/mobile-phones/
"Xperia XA2 Ultra - 6.0"" - 32GB Dual SIM Mobile Phone - Gold",6299,EGP,new,https://www.jumia.com.eg/mobile-phones/
"Xperia XA2 Ultra - 6.0"" - 32GB Dual SIM Mobile Phone - Silver",6299,EGP,new,https://www.jumia.com.eg/mobile-phones/
"Xperia XA1 - 5.0"" - 32GB Dual SIM Mobile Phone - White",2799,EGP,new,https://www.jumia.com.eg/mobile-phones/
"Xperia XA Ultra - 6.0"" - 4G Mobile Phone - Graphite Black",5400,EGP,new,https://www.jumia.com.eg/mobile-phones/
"Xperia Z5 Premium - 5.5"" Dual SIM Mobile Phone - Black",6349,EGP,new,https://www.jumia.com.eg/mobile-phones/
"Xperia C4 - 5.5"" Dual SIM Mobile Phone - Black",2990,EGP,new,https://www.jumia.com.eg/mobile-phones/
"Xperia XZ1 - 5.2"" - 64GB - 4G Dual SIM Mobile Phone - Moonlit Blue",5550,EGP,new,https://www.jumia.com.eg/mobile-phones/
"Xperia XA1 Ultra - 6.0"" - 32GB Dual SIM Mobile Phone - Pink",3550,EGP,new,https://www.jumia.com.eg/mobile-phones/
"Xperia C4 - 5.5"" Dual SIM Mobile Phone - White",2522,EGP,new,https://www.jumia.com.eg/mobile-phones/
"Xperia XZ1 - 5.2"" - 64GB - 4G Dual SIM Mobile Phone - Black",5445,EGP,new,https://www.jumia.com.eg/mobile-phones/
Xperia XA1 Plus - 5.5-inch - 32GB Dual SIM Mobile Phone - Pink,3444,EGP,new,https://www.jumia.com.eg/mobile-phones/
"Xperia XA2 - 5.2"" - 32GB Dual SIM Mobile Phone - Black",3909,EGP,new,https://www.jumia.com.eg/mobile-phones/
"Xperia XA1 Ultra - 6.0"" - 32GB Dual SIM Mobile Phone - White",3659,EGP,new,https://www.jumia.com.eg/mobile-phones/
Xperia XA1 Plus - 5.5-inch - 32GB Dual SIM Mobile Phone - Blue,3445,EGP,new,https://www.jumia.com.eg/mobile-phones/
"Xperia XA1 - 5.0"" - 32GB Dual SIM Mobile Phone - Gold",2799,EGP,new,https://www.jumia.com.eg/mobile-phones/
"Xperia XA Ultra Dual - 6.0"" - 4G Dual SIM Mobile Phone - Graphite Black",3989,EGP,new,https://www.jumia.com.eg/mobile-phones/
"Xperia XZ Premium - 5.46"" - 64GB Dual SIM Mobile Phone - Deepsea Black",6775,EGP,new,https://www.jumia.com.eg/mobile-phones/
"Xperia L2 - 5.5"" - 32GB Dual SIM Mobile Phone - Pink",2999,EGP,new,https://www.jumia.com.eg/mobile-phones/
"Xperia M5 - 5"" Dual SIM Mobile Phone - Black",2823,EGP,new,https://www.jumia.com.eg/mobile-phones/
L8star BM50 Mini Wireless Dialer / 2 SIM Card Mini Phone,350,EGP,new,https://www.jumia.com.eg/mobile-phones/
Samsung Galaxy A7 2018 HD Tempered Glass Screen Protector 9H Hardness - 2pcs,60,EGP,new,https://www.jumia.com.eg/mobile-phones/
"9""-14'' Tablets 360o Rotating Car Headrest Seat Holder Mount For Phones IPad",716,EGP,new,https://www.jumia.com.eg/mobile-phones/
Multi-cable Universal Gray Usb 3 In 1Apple IPhone And Android,45,EGP,new,https://www.jumia.com.eg/mobile-phones/
Hope BM50 - 0.66 Mini Mobile Phone And Bluetooth Headset - White,398,EGP,new,https://www.jumia.com.eg/mobile-phones/
30M 98ft RJ11 6P4C Telephone Extension Cable Connector Off White,366,EGP,new,https://www.jumia.com.eg/mobile-phones/
18M 60ft RJ11 6P4C Telephone Extension Cable Connector White,117,EGP,new,https://www.jumia.com.eg/mobile-phones/
6P6C RJ11 Telephone Extension Fax Modem Cable Line 5M Length Black,65,EGP,new,https://www.jumia.com.eg/mobile-phones/
K3 Dual SIM Mobile Phone 2.4 Inch - Black,499,EGP,new,https://www.jumia.com.eg/mobile-phones/
Square Carrying Storage Bag Case For Earphone Cable,69,EGP,new,https://www.jumia.com.eg/mobile-phones/
"9""-14'' Tablets 360o Rotating Car Headrest Seat Holder Mount For Phones IPad",841,EGP,new,https://www.jumia.com.eg/mobile-phones/
2 X Leather Case Cover Sleeve Bag Holder For Apple Pencil IPad Pro 9.7'' 12.9'',110,EGP,new,https://www.jumia.com.eg/mobile-phones/
2 X Leather Case Cover Sleeve Bag Holder For Apple Pencil IPad Pro 9.7'' 12.9'',108,EGP,new,https://www.jumia.com.eg/mobile-phones/
RJ11 6P4C To 6P4C 4 Way Telephone Line Modular Splitter Adapter Beige,162,EGP,new,https://www.jumia.com.eg/mobile-phones/
2.5mm To Male PC Flash Sync Cable Screw Lock For Trigger Studio Light,39,EGP,new,https://www.jumia.com.eg/mobile-phones/
Square Carrying Storage Bag Case For Earphone Cable,69,EGP,new,https://www.jumia.com.eg/mobile-phones/
Phone Corded Telephone Analog Desk Wall Mount（black）,204,EGP,new,https://www.jumia.com.eg/mobile-phones/
Smartphone Grip Holder Filmmaker Handheld Stabilizer With Cold Shoe Mount Strap,213,EGP,new,https://www.jumia.com.eg/mobile-phones/
Samsung Galaxy S8 Plus Case - Transparent,75,EGP,new,https://www.jumia.com.eg/mobile-phones/
Nano Soft PET 0.18mm Screen Protector For Galaxy Note 9 Black,75,EGP,new,https://www.jumia.com.eg/mobile-phones/
Hope BM50 Mini Mobile Phone And Bluetooth Headset - 0.66 Inch - Black,320,EGP,new,https://www.jumia.com.eg/mobile-phones/
Find X - 6.42-inch 256GB Dual SIM Mobile Phone - Glacier Blue,14890,EGP,new,https://www.jumia.com.eg/mobile-phones/
F9 Pro - 6.3-inch 64GB Dual SIM Mobile Phone - Twilight Blue,5899,EGP,new,https://www.jumia.com.eg/mobile-phones/
A3s - 6.2-inch 16GB Dual SIM Mobile Phone - Purple,2849,EGP,new,https://www.jumia.com.eg/mobile-phones/
F9 - 6.3-inch 64GB Dual SIM Mobile Phone - Starry Purple,5125,EGP,new,https://www.jumia.com.eg/mobile-phones/
A3s - 6.2-inch 32GB Dual SIM Mobile Phone - Dark Purple,3845,EGP,new,https://www.jumia.com.eg/mobile-phones/
"A71 - 5.2"" - 16GB - 4G Mobile Phone - Black",3589,EGP,new,https://www.jumia.com.eg/mobile-phones/
F9 - 6.3-inch 64GB Dual SIM Mobile Phone - Starry Purple + 5000mAh Power Bank,5399,EGP,new,https://www.jumia.com.eg/mobile-phones/
A3s - 6.2-inch 16GB Dual SIM Mobile Phone - Red,2849,EGP,new,https://www.jumia.com.eg/mobile-phones/
A83 - 5.7-inch 32GB Dual SIM 4G Mobile Phone - Champagne,3500,EGP,new,https://www.jumia.com.eg/mobile-phones/
F9 Pro - 6.3-inch 64GB Dual SIM Mobile Phone - Twilight Blue,6199,EGP,new,https://www.jumia.com.eg/mobile-phones/
F9 - 6.3-inch 64GB Dual SIM Mobile Phone - Starry Purple,5333,EGP,new,https://www.jumia.com.eg/mobile-phones/
F9 - 6.3-inch 64GB Dual SIM Mobile Phone - Starry Purple,5270,EGP,new,https://www.jumia.com.eg/mobile-phones/
F9 - 6.3-inch 64GB Dual SIM Mobile Phone - Starry Purple,5450,EGP,new,https://www.jumia.com.eg/mobile-phones/
F9 - 6.3-inch 64GB Dual SIM Mobile Phone - Sunrise Red + Power Bank,5450,EGP,new,https://www.jumia.com.eg/mobile-phones/
F9 - 6.3-inch 64GB Dual SIM Mobile Phone - Twilight Blue + 5000mAh Power Bank,5490,EGP,new,https://www.jumia.com.eg/mobile-phones/
"A71 - 5.2"" - 16GB - Dual SIM - Mobile Phone - Gold",3400,EGP,new,https://www.jumia.com.eg/mobile-phones/
F9 - 6.3-inch 64GB Dual SIM Mobile Phone - Starry Purple,5198,EGP,new,https://www.jumia.com.eg/mobile-phones/
A3s - 6.2-inch 16GB Dual SIM Mobile Phone - Purple,2745,EGP,new,https://www.jumia.com.eg/mobile-phones/
Find X - 6.42-inch 256GB Dual SIM Mobile Phone - Glacier Blue,14895,EGP,new,https://www.jumia.com.eg/mobile-phones/
F9 Pro - 6.3-inch 64GB Dual SIM Mobile Phone - Twilight Blue,5699,EGP,new,https://www.jumia.com.eg/mobile-phones/
F9 - 6.3-inch 64GB Dual SIM Mobile Phone - Sunrise Red,5240,EGP,new,https://www.jumia.com.eg/mobile-phones/
A3s - 6.2-inch 16GB Dual SIM Mobile Phone - Red,2799,EGP,new,https://www.jumia.com.eg/mobile-phones/
A83 - 5.7-inch 32GB Dual SIM 4G Mobile Phone - Black,3690,EGP,new,https://www.jumia.com.eg/mobile-phones/
Find X - 6.42-inch 256GB Dual SIM Mobile Phone - Bordeaux Red,14745,EGP,new,https://www.jumia.com.eg/mobile-phones/
A3s - 6.2-inch 32GB Dual SIM Mobile Phone - Red,3699,EGP,new,https://www.jumia.com.eg/mobile-phones/
F9 - 6.3-inch 64GB Dual SIM Mobile Phone - Twilight Blue,5299,EGP,new,https://www.jumia.com.eg/mobile-phones/
Zero Dual SIM Mobile Phone - Green,240,EGP,new,https://www.jumia.com.eg/mobile-phones/
C4 4SIM Mobile Phone - Blue,399,EGP,new,https://www.jumia.com.eg/mobile-phones/
U6 Dual SIM Mobile Phone - Pink,389,EGP,new,https://www.jumia.com.eg/mobile-phones/
U6 Dual SIM Mobile Phone - Silver,389,EGP,new,https://www.jumia.com.eg/mobile-phones/
Zero One - 1.8-inch Dual SIM Mobile Phone - Black,265,EGP,new,https://www.jumia.com.eg/mobile-phones/
Zero Dual SIM Mobile Phone - Black,240,EGP,new,https://www.jumia.com.eg/mobile-phones/
Zero Dual SIM Mobile Phone -Blue,240,EGP,new,https://www.jumia.com.eg/mobile-phones/
X4 4SIM Mobile Phone - Orange,399,EGP,new,https://www.jumia.com.eg/mobile-phones/
Q2 Dual SIM Mobile Phone - Gold,399,EGP,new,https://www.jumia.com.eg/mobile-phones/
X4 SIM Mobile Phone -Grey,399,EGP,new,https://www.jumia.com.eg/mobile-phones/
Zero Dual SIM Mobile Phone - White,240,EGP,new,https://www.jumia.com.eg/mobile-phones/
U6 Dual SIM Mobile Phone - Gold,389,EGP,new,https://www.jumia.com.eg/mobile-phones/
X4 - 2.4-inch Quad SIM Mobile Phone - Orange,367,EGP,new,https://www.jumia.com.eg/mobile-phones/
U6 Dual SIM Mobile Phone - Gold,399,EGP,new,https://www.jumia.com.eg/mobile-phones/
C4 - 2.4-inch Quad SIM Mobile Phone - Black,367,EGP,new,https://www.jumia.com.eg/mobile-phones/
U6 - 2.4-inch Dual SIM Mobile Phone - Rose Gold,395,EGP,new,https://www.jumia.com.eg/mobile-phones/
U6 - 2.4-inch Dual SIM Mobile Phone - Silver,395,EGP,new,https://www.jumia.com.eg/mobile-phones/
C4 4SIM Mobile Phone - Black,425,EGP,new,https://www.jumia.com.eg/mobile-phones/
Zero Dual SIM Mobile Phone - Yellow,240,EGP,new,https://www.jumia.com.eg/mobile-phones/
U6 Dual SIM Mobile Phone - Gold,399,EGP,new,https://www.jumia.com.eg/mobile-phones/
C4 - 2.4-inch Quad SIM Mobile Phone - Blue,390,EGP,new,https://www.jumia.com.eg/mobile-phones/
C4 - 4-SIM Mobile Phone - Blue,398,EGP,new,https://www.jumia.com.eg/mobile-phones/
U6 Dual SIM Mobile Phone - Black,389,EGP,new,https://www.jumia.com.eg/mobile-phones/
P181 - 1.8-inch Dual SIM Mobile Phone - Black/Red,275,EGP,new,https://www.jumia.com.eg/mobile-phones/
Z61 - 5.45-inch 16GB 4G Mobile Phone - Black,1675,EGP,new,https://www.jumia.com.eg/mobile-phones/
Z61 - 5.45-inch 16GB 4G Mobile Phone - Gold,1580,EGP,new,https://www.jumia.com.eg/mobile-phones/
"Iris 41 - 4.5"" Dual SIM Mobile Phone - Gold",1009,EGP,new,https://www.jumia.com.eg/mobile-phones/
R1 Lite - 5.0-inch 16GB Dual SIM 4G Mobile Phone - Black,1375,EGP,new,https://www.jumia.com.eg/mobile-phones/
Iris 820 - 5.0-inch 8GB Dual SIM Mobile Phone - Black+Grey,1350,EGP,new,https://www.jumia.com.eg/mobile-phones/
R1 - 5.0-inch 16GB Dual SIM 4G Mobile Phone - Grey,2000,EGP,new,https://www.jumia.com.eg/mobile-phones/
Z81 - 5.7-inch 16GB Dual SIM 4G Mobile Phone - Black,1999,EGP,new,https://www.jumia.com.eg/mobile-phones/
A1 - 5.0-inch 16GB Dual SIM 4G Mobile Phone - Black,2100,EGP,new,https://www.jumia.com.eg/mobile-phones/
Z61 - 5.45-inch 16GB 4G Mobile Phone - Black,1675,EGP,new,https://www.jumia.com.eg/mobile-phones/
Z61 - 5.45-inch 16GB 4G Mobile Phone - Gold,1675,EGP,new,https://www.jumia.com.eg/mobile-phones/
Iris 51 - 5.0-inch 8GB Dual SIM Mobile Phone Gold,1115,EGP,new,https://www.jumia.com.eg/mobile-phones/
Prime X - 1.8-inch Dual SIM Mobile Phone - White/Gold,368,EGP,new,https://www.jumia.com.eg/mobile-phones/
Prime X - 1.8-inch Dual SIM Mobile Phone - Blue/Silver,365,EGP,new,https://www.jumia.com.eg/mobile-phones/
Prime X - 1.8-inch Dual SIM Mobile Phone - Blue/Silver,379,EGP,new,https://www.jumia.com.eg/mobile-phones/
Prime X - 1.8-inch Dual SIM Mobile Phone - White/Gold,379,EGP,new,https://www.jumia.com.eg/mobile-phones/
A3 - 5.5-inch 32GB Dual SIM 4G Mobile Phone - Gold,3699,EGP,new,https://www.jumia.com.eg/mobile-phones/
Iris 820 - 5.0-inch 8GB Dual SIM Mobile Phone - White+Gold,1490,EGP,new,https://www.jumia.com.eg/mobile-phones/
Iris 820 - 5.0-inch 8GB Dual SIM Mobile Phone - Black/Grey,1600,EGP,new,https://www.jumia.com.eg/mobile-phones/
R1 Lite - 5.0-inch 16GB Dual SIM 4G Mobile Phone - Gold,1350,EGP,new,https://www.jumia.com.eg/mobile-phones/
P240 - 2.4-inch Mobile Phone - Silver/Black,354,EGP,new,https://www.jumia.com.eg/mobile-phones/
"Z61 - 5.45"" Dual SIM 16GB 4G Mobile Phone - Gold",1699,EGP,new,https://www.jumia.com.eg/mobile-phones/
Iris 50 - 5.0-inch 8GB Dual SIM Mobile Phone - Black & Blue,1200,EGP,new,https://www.jumia.com.eg/mobile-phones/
P240+ - 2.4-inch Mobile Phone - Silver,340,EGP,new,https://www.jumia.com.eg/mobile-phones/
Iris 51 - 5.0-inch 8GB Dual SIM Mobile Phone - Black & Blue,1250,EGP,new,https://www.jumia.com.eg/mobile-phones/
A1 - 5.0-inch 16GB Dual SIM 4G Mobile Phone - Black,2100,EGP,new,https://www.jumia.com.eg/mobile-phones/
Prime - 2.4-inch Dual SIM Mobile Phone - Black,419,EGP,new,https://www.jumia.com.eg/mobile-phones/
"Iris 41 - 4.5"" Dual SIM Mobile Phone - Gold",995,EGP,new,https://www.jumia.com.eg/mobile-phones/
Z91 - 5.7-inch 32GB Dual SIM 4G Mobile Phone - Blue,2599,EGP,new,https://www.jumia.com.eg/mobile-phones/
"F2401 - 2.4"" Dual SIM Mobile Phone - Black/Blue",350,EGP,new,https://www.jumia.com.eg/mobile-phones/
"Light One - 5.2"" - 16GB - 3G Mobile Phone - Gold",1197,EGP,new,https://www.jumia.com.eg/mobile-phones/
P2410 - 2.4-inch Dual SIM Mobile Phone - Blue,365,EGP,new,https://www.jumia.com.eg/mobile-phones/
Q1730 - 1.77-inch Dual SIM Mobile Phone - Blue,333,EGP,new,https://www.jumia.com.eg/mobile-phones/
"W6 - 5.0"" - 3G Dual SIM Mobile Phone - Blue",1135,EGP,new,https://www.jumia.com.eg/mobile-phones/
"X1 - 5.5"" - 3G Dual SIM Mobile Phone - Black",1239,EGP,new,https://www.jumia.com.eg/mobile-phones/
F1707 - Dual SIM Mobile Phone - Blue,195,EGP,new,https://www.jumia.com.eg/mobile-phones/
"F1707 - 1.77"" Dual SIM Mobile Phone - Black",199,EGP,new,https://www.jumia.com.eg/mobile-phones/
Light One - 16GB Mobile Phone - Gray,1197,EGP,new,https://www.jumia.com.eg/mobile-phones/
"Pro F6 - 5.5"" - 4G Dual SIM 32GB Mobile Phone - Gold",2295,EGP,new,https://www.jumia.com.eg/mobile-phones/
"Power P1 - 5.0"" - 3G Dual SIM 8GB Mobile Phone - Blue",1035,EGP,new,https://www.jumia.com.eg/mobile-phones/
"Light One - 5.2"" - 16GB - 3G Mobile Phone - Red",1197,EGP,new,https://www.jumia.com.eg/mobile-phones/
"F1711 - 1.77"" Dual SIM Mobile Phone - Black/Blue",200,EGP,new,https://www.jumia.com.eg/mobile-phones/
"F1709 - 1.77"" Dual SIM Mobile Phone - Blue",209,EGP,new,https://www.jumia.com.eg/mobile-phones/
"Max 7 - 6.98"" - 8GB Dual SIM 3G Mobile Phone - White",1111,EGP,new,https://www.jumia.com.eg/mobile-phones/
3030 - 1.44-inch Dual SIM Mobile Phone - Red/Black,165,EGP,new,https://www.jumia.com.eg/mobile-phones/
"3030 - 1.44"" Dual SIM Mobile Phone – Gray/Black",188,EGP,new,https://www.jumia.com.eg/mobile-phones/
"3030 - 1.44"" Dual SIM Mobile Phone – Red/Black",188,EGP,new,https://www.jumia.com.eg/mobile-phones/
3060 - 2.4-inch Dual SIM Mobile Phone - Red/Black,255,EGP,new,https://www.jumia.com.eg/mobile-phones/
6300 - 1.77-inch Triple SIM Mobile Phone - Red/Black,195,EGP,new,https://www.jumia.com.eg/mobile-phones/
3010 - 1.77-inch Dual SIM Mobile Phone - Red/Black,190,EGP,new,https://www.jumia.com.eg/mobile-phones/
3050 - 1.77-inch Dual SIM Mobile Phone - Grey,225,EGP,new,https://www.jumia.com.eg/mobile-phones/
3050 - 1.77-inch Dual SIM Mobile Phone - Red/Black,225,EGP,new,https://www.jumia.com.eg/mobile-phones/
6100 - 1.77-inch Triple SIM Mobile Phone - Black,230,EGP,new,https://www.jumia.com.eg/mobile-phones/
8300 - 2.8-inch Dual SIM Mobile Phone - Red/Black,355,EGP,new,https://www.jumia.com.eg/mobile-phones/
6100 - 1.77-inch Triple SIM Mobile Phone – Red/Black,230,EGP,new,https://www.jumia.com.eg/mobile-phones/
3040 - 1.77-inch Dual SIM Mobile Phone - Red/Black,210,EGP,new,https://www.jumia.com.eg/mobile-phones/
8300 - 2.8-inch Dual SIM Mobile Phone - Gold,355,EGP,new,https://www.jumia.com.eg/mobile-phones/
3031 - 1.44-inch Dual SIM Mobile Phone - Gray,170,EGP,new,https://www.jumia.com.eg/mobile-phones/
8200 - 2.8-inch Triple SIM Mobile Phone - Red/Black,390,EGP,new,https://www.jumia.com.eg/mobile-phones/
3031 - 1.44-inch Dual SIM Mobile Phone - Red/Black,170,EGP,new,https://www.jumia.com.eg/mobile-phones/
8100 - 2.8-inch Triple SIM Mobile Phone - Gold,425,EGP,new,https://www.jumia.com.eg/mobile-phones/
3030 - 1.44-inch Dual SIM Mobile Phone - Grey,165,EGP,new,https://www.jumia.com.eg/mobile-phones/
8100 - 2.8-inch Triple SIM Mobile Phone - Red/Black,425,EGP,new,https://www.jumia.com.eg/mobile-phones/
"6300 - 1.77"" Tri SIM Mobile Phone - Black",225,EGP,new,https://www.jumia.com.eg/mobile-phones/
"3010 - 1.77"" Dual SIM Mobile Phone – Red/Black",222,EGP,new,https://www.jumia.com.eg/mobile-phones/
"3050 - 1.77"" Dual SIM Mobile Phone – Red/Black",275,EGP,new,https://www.jumia.com.eg/mobile-phones/
"3060 - 2.4"" Dual SIM Mobile Phone – Gray/Black",299,EGP,new,https://www.jumia.com.eg/mobile-phones/
"6300 - 1.77"" Tri SIM Mobile Phone – Red/Black",225,EGP,new,https://www.jumia.com.eg/mobile-phones/
"3060 - 2.4"" Dual SIM Mobile Phone – Red/Black",299,EGP,new,https://www.jumia.com.eg/mobile-phones/
"6100 - 1.77"" Tri SIM Mobile Phone – Red/Black",275,EGP,new,https://www.jumia.com.eg/mobile-phones/
"3031 - 1.44"" Dual SIM Mobile Phone – Red/Black",199,EGP,new,https://www.jumia.com.eg/mobile-phones/
"6100 - 1.77"" Tri SIM Mobile Phone – Gray/Black",275,EGP,new,https://www.jumia.com.eg/mobile-phones/
"3040 - 1.77"" Dual SIM Mobile Phone – Red/Black",225,EGP,new,https://www.jumia.com.eg/mobile-phones/
"C50i 5"" - 8 GB - 1 GB RAM -  Dual Sim Mobile Phone - Metal Black",899,EGP,new,https://www.jumia.com.eg/mobile-phones/
C50i - 5'' - 8 GB Dual Sim Mobile Phone,899,EGP,new,https://www.jumia.com.eg/mobile-phones/
C50L - 5'' - 8 GB Dual SIM Mobile Phone - Rose Gold,1110,EGP,new,https://www.jumia.com.eg/mobile-phones/
R222 - 2.4'' Dual SIM Mobile Phone - Black/Blue,235,EGP,new,https://www.jumia.com.eg/mobile-phones/
Fx 1.8'' Dual SIM Budget Phone - Black/Red,190,EGP,new,https://www.jumia.com.eg/mobile-phones/
I3 - 5.5-inch 16GB Dual SIM Mobile Phone - Black,1489,EGP,new,https://www.jumia.com.eg/mobile-phones/
C40i 3G - 4'' - 4 GB Rom Dual SIM Mobile Phone – Rose Gold,649,EGP,new,https://www.jumia.com.eg/mobile-phones/
"IKU K2, 5'' Dual Sim-4G,1GB RAM-16GB ROM",1650,EGP,new,https://www.jumia.com.eg/mobile-phones/
I3 - 5.5''- Dual Sim - 1GB RAM - 16GB ROM - Black,1499,EGP,new,https://www.jumia.com.eg/mobile-phones/
"IKU C50L Dual-SIM , 8GB 1GB Ram 4G , Black",1110,EGP,new,https://www.jumia.com.eg/mobile-phones/
"F4 2.4'' Dual Sim,Wireless FM Radio, Budget Phone",245,EGP,new,https://www.jumia.com.eg/mobile-phones/
U1 Dual-SIM - 16GB 4G Mobile Phone - Gold,2050,EGP,new,https://www.jumia.com.eg/mobile-phones/
"K2, 5'' Dual Sim-4G Mobile Phone + Stylus Pen+Anti-loss Smart Tag",1650,EGP,new,https://www.jumia.com.eg/mobile-phones/
"Zeus Z55I - 5.5"" Mobile Phone - Rose Gold",1650,EGP,new,https://www.jumia.com.eg/mobile-phones/
C40i 3G - 4'' - 4 GB Rom Dual SIM Mobile Phone – Grey,649,EGP,new,https://www.jumia.com.eg/mobile-phones/
"R110 - 1.77"" Dual SIM Mobile Phone -White/Pink",199,EGP,new,https://www.jumia.com.eg/mobile-phones/
R222 - 2.4'' Dual SIM Mobile Phone - Black,235,EGP,new,https://www.jumia.com.eg/mobile-phones/
Fx 1.8'' Dual Sim Budget Phone,190,EGP,new,https://www.jumia.com.eg/mobile-phones/
"IKU K2, 5'' Dual Sim-4G,1GB RAM-16GB ROM",1650,EGP,new,https://www.jumia.com.eg/mobile-phones/
I3 - 5.5''- Dual Sim Mobile Phone - 1GB RAM - 16GB ROM - Gold,1500,EGP,new,https://www.jumia.com.eg/mobile-phones/
I1-5''- 1GB RAM - 8GB - Dual SIM Mobile Phone  - Gold,1055,EGP,new,https://www.jumia.com.eg/mobile-phones/
"C50L - 5"" 4G Dual SIM Smart Phone - Blue",1110,EGP,new,https://www.jumia.com.eg/mobile-phones/
I3 - 5.5''- Dual Sim - 1GB RAM - 16GB ROM - Gold,1499,EGP,new,https://www.jumia.com.eg/mobile-phones/
Fx 1.8'' Dual Sim Budget Phone,190,EGP,new,https://www.jumia.com.eg/mobile-phones/
"IKU F4 2.4'' Dual Sim,Wireless FM Radio, Budget Phone",245,EGP,new,https://www.jumia.com.eg/mobile-phones/
I3 - 5.5''- Dual Sim - 1GB RAM - 16GB ROM - White,1499,EGP,new,https://www.jumia.com.eg/mobile-phones/
"K2, 5'' Dual Sim-4G Mobile Phone +Stylus Pen+Anti-loss Smart Tag",1650,EGP,new,https://www.jumia.com.eg/mobile-phones/
"U1 Dual-SIM , 16GB 4G Mobile Phone - Grey",2050,EGP,new,https://www.jumia.com.eg/mobile-phones/
"K1-5''- 4G,Dual Sim,1GB RAM-16GB ROM",1199,EGP,new,https://www.jumia.com.eg/mobile-phones/
"K1-5''- 4G,Dual Sim,1GB RAM-16GB ROM",1199,EGP,new,https://www.jumia.com.eg/mobile-phones/
"K1-5''- 4G,Dual Sim,1GB RAM-16GB ROM",1199,EGP,new,https://www.jumia.com.eg/mobile-phones/
I1-5''- 1GB RAM - 8GB - Dual SIM Mobile Phone  - White,1055,EGP,new,https://www.jumia.com.eg/mobile-phones/
"IKU K2, 5'' Dual Sim-4G,1GB RAM-16GB ROM",1650,EGP,new,https://www.jumia.com.eg/mobile-phones/
"F5 2.8'' Dual Sim,Wireless FM Radio, Budget Phone",425,EGP,new,https://www.jumia.com.eg/mobile-phones/
C50L - 5.0'' - 8GB Dual SIM 4G Mobile Phone – Grey,1250,EGP,new,https://www.jumia.com.eg/mobile-phones/
"K2, 5'' Dual Sim-4G,1GB RAM-16GB ROM",1650,EGP,new,https://www.jumia.com.eg/mobile-phones/
I1-5''- 1GB RAM - 8GB - Dual SIM Mobile Phone  - Black,1055,EGP,new,https://www.jumia.com.eg/mobile-phones/
"F5 2.8'' Dual Sim,Wireless FM Radio, Budget Phone",425,EGP,new,https://www.jumia.com.eg/mobile-phones/
"F5 2.8'' Dual Sim,Wireless FM Radio, Budget Phone",425,EGP,new,https://www.jumia.com.eg/mobile-phones/
C40i 3G - 4'' - 4 GB Rom Dual SIM Mobile Phone,649,EGP,new,https://www.jumia.com.eg/mobile-phones/
"Plus 2 - 4.5"" - 8GB - 3G Mobile Phone - Gold",850,EGP,new,https://www.jumia.com.eg/mobile-phones/
More 3 - 4.0-inch 4GB Dual SIM Mobile Phone - Blue,675,EGP,new,https://www.jumia.com.eg/mobile-phones/
"Plus 2 - 4.5"" - 8GB - 3G Mobile Phone - Grey",850,EGP,new,https://www.jumia.com.eg/mobile-phones/
More 3 - 4.0-inch 4GB Dual SIM Mobile Phone - Black,675,EGP,new,https://www.jumia.com.eg/mobile-phones/
Topaz - 5.2inch 16GB Dual SIM 4G Mobile Phone - Black,1475,EGP,new,https://www.jumia.com.eg/mobile-phones/
Mini 4 - 1.77-inch Dual SIM Mobile Phone - Black/Red,195,EGP,new,https://www.jumia.com.eg/mobile-phones/
Extra 2 - 2.4-inch Dual SIM Mobile Phone - Black/Red,240,EGP,new,https://www.jumia.com.eg/mobile-phones/
Mini 4 - 1.77-inch Dual SIM Mobile Phone - White/Blue,195,EGP,new,https://www.jumia.com.eg/mobile-phones/
Plus3 4G - 4.5-inch 8GB - 4G Mobile Phone - Grey,887,EGP,new,https://www.jumia.com.eg/mobile-phones/
Mini 4 - 1.77-inch Dual SIM Mobile Phone - Black,195,EGP,new,https://www.jumia.com.eg/mobile-phones/
Extra 2 - 2.4-inch Dual SIM Mobile Phone - Black,240,EGP,new,https://www.jumia.com.eg/mobile-phones/
"Nile X - 5.7"" - 64GB - 4G Mobile Phone - Blue",2799,EGP,new,https://www.jumia.com.eg/mobile-phones/
B2 - 2.4-inch Dual SIM Mobile Phone - Black,249,EGP,new,https://www.jumia.com.eg/mobile-phones/
B1 - 1.8-inch Dual SIM Mobile Phone - Red,199,EGP,new,https://www.jumia.com.eg/mobile-phones/
B1 - 1.8-inch Dual SIM Mobile Phone - Black,199,EGP,new,https://www.jumia.com.eg/mobile-phones/
B8 - 2.4 Inch Dual SIM Mobile Phone - Blue,279,EGP,new,https://www.jumia.com.eg/mobile-phones/
B8 - 2.4 Inch Dual SIM Mobile Phone - Black,279,EGP,new,https://www.jumia.com.eg/mobile-phones/
BX - 2.8-inch Dual SIM Mobile Phone - Black,329,EGP,new,https://www.jumia.com.eg/mobile-phones/
BX - 2.8-inch Dual SIM Mobile Phone - Red,329,EGP,new,https://www.jumia.com.eg/mobile-phones/
B2 - 2.4-inch Dual SIM Mobile Phone - Red,249,EGP,new,https://www.jumia.com.eg/mobile-phones/
Z2 5.5 Inch (18.9) - 16 GB Mobile Phone - Blue,1899,EGP,new,https://www.jumia.com.eg/mobile-phones/
"Z2 - 5.5""(18.9) - 16 GB Mobile Phone - Black",1899,EGP,new,https://www.jumia.com.eg/mobile-phones/
I5 - 5.5-inch 16GB Dual SIM 4G Mobile Phone - Black,1849,EGP,new,https://www.jumia.com.eg/mobile-phones/
I5 - 5.5-inch 16GB Dual SIM 4G Mobile Phone - Grey,1849,EGP,new,https://www.jumia.com.eg/mobile-phones/
Alpha - 5.0-inch 8GB Dual SIM 3G Mobile Phone - Black/Gold,989,EGP,new,https://www.jumia.com.eg/mobile-phones/
"M5c - 5.0"" - 16GB - 4G Mobile Phone - Black",1299,EGP,new,https://www.jumia.com.eg/mobile-phones/
"M5c - 5.0"" - 16GB - 4G Mobile Phone - Gold",1299,EGP,new,https://www.jumia.com.eg/mobile-phones/
"M5 - 5.2"" - 16GB Mobile Phone - Black",1525,EGP,new,https://www.jumia.com.eg/mobile-phones/
"M5 - 5.2"" - 16GB Mobile Phone - Matte Black",1549,EGP,new,https://www.jumia.com.eg/mobile-phones/
M6T - 5.7-inch 16GB 4G Mobile Phone - Blue,2220,EGP,new,https://www.jumia.com.eg/mobile-phones/
"M5 Note - 5.5"" - 16GB Mobile Phone - Gold",2395,EGP,new,https://www.jumia.com.eg/mobile-phones/
M6T - 5.7-inch 32GB 4G Mobile Phone - Blue,2720,EGP,new,https://www.jumia.com.eg/mobile-phones/
M6T - 5.7-inch 32GB 4G Mobile Phone - Black,2720,EGP,new,https://www.jumia.com.eg/mobile-phones/
M6T - 5.7-inch 32GB 4G Mobile Phone - Champagne Gold,2720,EGP,new,https://www.jumia.com.eg/mobile-phones/
M6T - 5.7-inch 16GB 4G Mobile Phone - Champagne Gold,2220,EGP,new,https://www.jumia.com.eg/mobile-phones/
M6T - 5.7-inch 16GB 4G Mobile Phone - Coral Red,2220,EGP,new,https://www.jumia.com.eg/mobile-phones/
M6T - 5.7-inch 32GB 4G Mobile Phone - Coral Red,2720,EGP,new,https://www.jumia.com.eg/mobile-phones/
M6T - 5.7-inch 32GB 4G Mobile Phone - Black,2599,EGP,new,https://www.jumia.com.eg/mobile-phones/
"IFoo H55 - 5.5"" Dual SIM 3G Mobile Phone - White",1285,EGP,new,https://www.jumia.com.eg/mobile-phones/
IFoo A101 Dual SIM - 16GB - 1GB RAM - 3G - Grey,1230,EGP,new,https://www.jumia.com.eg/mobile-phones/
IFoo A101 Dual SIM - 16GB - 1GB RAM - 3G - White,1230,EGP,new,https://www.jumia.com.eg/mobile-phones/
"IFoo U50 - 5.0"" Dual SIM 3G Mobile Phone - Black Gold",1439,EGP,new,https://www.jumia.com.eg/mobile-phones/
IFoo A101 Dual SIM - 16GB - 1GB RAM - 3G - Gold,1230,EGP,new,https://www.jumia.com.eg/mobile-phones/
"U200 - 5.0"" Dual SIM 4G Mobile Phone - Black/Silver",1966,EGP,new,https://www.jumia.com.eg/mobile-phones/
"N50 - 5.0"" Dual SIM Mobile Phone - Black/Gold",1460,EGP,new,https://www.jumia.com.eg/mobile-phones/
"N50 - 5.0"" Dual SIM Mobile Phone - White",1460,EGP,new,https://www.jumia.com.eg/mobile-phones/
"G4 - 5.5"" Dual SIM 4G Mobile Phone - Gold",1840,EGP,new,https://www.jumia.com.eg/mobile-phones/
"G4 - 5.5"" Dual SIM 4G Mobile Phone - Blue",1840,EGP,new,https://www.jumia.com.eg/mobile-phones/
"Blade L110 - 4.0"" - 4GB Dual SIM Mobile Phone - Black",625,EGP,new,https://www.jumia.com.eg/mobile-phones/
"Blade L5 - 5.0"" - 8GB Dual SIM Mobile Phone - Grey",879,EGP,new,https://www.jumia.com.eg/mobile-phones/
"Blade C342 - 4.0"" - 3G Dual SIM Mobile Phone - Black",699,EGP,new,https://www.jumia.com.eg/mobile-phones/
"Axon 7 mini - 5.2"" - 32GB Dual SIM 4G Mobile Phone - Ion Gold",2888,EGP,new,https://www.jumia.com.eg/mobile-phones/
"Blade V7 Max - 5.5"" - 32GB Dual SIM 4G Mobile Phone - Gold",2222,EGP,new,https://www.jumia.com.eg/mobile-phones/
"Blade V7 Lite - 5.0"" - 4G Dual SIM Mobile Phone - Gold",1689,EGP,new,https://www.jumia.com.eg/mobile-phones/
C2 Pro - 5.0-inch 8GB Dual SIM Mobile Phone - Silver,994,EGP,new,https://www.jumia.com.eg/mobile-phones/
C2 Pro - 5.0-inch 8GB Dual SIM Mobile Phone - Rose Gold,994,EGP,new,https://www.jumia.com.eg/mobile-phones/
"K360 - 2.4"" Dual SIM Mobile Phone - Yellow",233,EGP,new,https://www.jumia.com.eg/mobile-phones/
C2 Pro - 5.0-inch 8GB Dual SIM Mobile Phone - Blue,994,EGP,new,https://www.jumia.com.eg/mobile-phones/
"Q1 3.5"" Dual SIM Mobile Phone Smart Phone - 4 GB - Rose Gold",622,EGP,new,https://www.jumia.com.eg/mobile-phones/
E7 - 4.8-inch 4GB Dual SIM Mobile Phone - Black,777,EGP,new,https://www.jumia.com.eg/mobile-phones/
C2 Pro - 5.0-inch 8GB Dual SIM Mobile Phone - Gold,994,EGP,new,https://www.jumia.com.eg/mobile-phones/
C2 Pro - 5.0-inch 8GB Dual SIM Mobile Phone - Black,994,EGP,new,https://www.jumia.com.eg/mobile-phones/
"K360 - 2.4"" Dual SIM Mobile Phone - Black",333,EGP,new,https://www.jumia.com.eg/mobile-phones/
K112 Dual SIM Budget Phone - 0.3 MP - Black\Red,225,EGP,new,https://www.jumia.com.eg/mobile-phones/
"Vibe C2 (K10a40) - 5.0"" - 8GB Dual SIM 4G Mobile Phone - Black",1779,EGP,new,https://www.jumia.com.eg/mobile-phones/
"Vibe K4 Note - 5.5"" - 4G Dual SIM Mobile Phone - Black",2850,EGP,new,https://www.jumia.com.eg/mobile-phones/
"Vibe K4 Note - 5.5"" - 4G Dual SIM Mobile Phone - White",2850,EGP,new,https://www.jumia.com.eg/mobile-phones/
S5 - 5.7-inch 32GB 4G Mobile Phone - Midnight Black,3888,EGP,new,https://www.jumia.com.eg/mobile-phones/
"K6 (K33a48) - 5.0"" - 16GB - 4G Mobile Phone - Gold",2350,EGP,new,https://www.jumia.com.eg/mobile-phones/
"Vibe C2 Power (K10a40) - 5.0"" Dual SIM 4G Mobile Phone - Black",2124,EGP,new,https://www.jumia.com.eg/mobile-phones/
K8 Note - 5.5-inch Dual SIM 64GB Mobile Phone - Venom Black,2950,EGP,new,https://www.jumia.com.eg/mobile-phones/
K8 Note - 5.5-inch Dual SIM 64GB Mobile Phone - Gold,2899,EGP,new,https://www.jumia.com.eg/mobile-phones/
K5 Play - 5.7-inch 16GB 4G Mobile Phone - Black,2475,EGP,new,https://www.jumia.com.eg/mobile-phones/
K320t - 5.7-inch 16GB 4G Mobile Phone - Black,2019,EGP,new,https://www.jumia.com.eg/mobile-phones/
Twenty 1 - 5.2-inch 8GB Dual SIM 3G Mobile Phone - Gold,990,EGP,new,https://www.jumia.com.eg/mobile-phones/
"K7 - 1.77"" Dual SIM Mobile Phone - Black",399,EGP,new,https://www.jumia.com.eg/mobile-phones/
I666 - 2.8-inch Dual SIM Mobile Phone - White,296,EGP,new,https://www.jumia.com.eg/mobile-phones/
I222 - 2.4-inch Dual SIM Mobile Phone - White,270,EGP,new,https://www.jumia.com.eg/mobile-phones/
I222 - 2.4-inch Dual SIM Mobile Phone - Blue,270,EGP,new,https://www.jumia.com.eg/mobile-phones/
I222 - 2.4-inch Dual SIM Mobile Phone - Black,270,EGP,new,https://www.jumia.com.eg/mobile-phones/
"K6 (2017) - 1.77"" Dual SIM Mobile Phone - Black",399,EGP,new,https://www.jumia.com.eg/mobile-phones/
"Moto C - 5.0"" - 8GB - 3G Mobile Phone - Starry Black",1539,EGP,new,https://www.jumia.com.eg/mobile-phones/
"Moto Z - 5.5"" 32GB Mobile Phone - White",3999,EGP,new,https://www.jumia.com.eg/mobile-phones/
"Moto G6 - 5.7"" - 4G 64GB Smartphone - Deep Indigo",3899,EGP,new,https://www.jumia.com.eg/mobile-phones/
"Moto Z Play - 5.5"" 32GB Mobile Phone - White",5299,EGP,new,https://www.jumia.com.eg/mobile-phones/
Moto E5 Plus - 6.0-inch 32GB 4G Dual SIM Mobile Phone - Grey,2949,EGP,new,https://www.jumia.com.eg/mobile-phones/
Moto E5 Plus - 6.0-inch 32GB 4G Dual SIM Mobile Phone - Grey,2949,EGP,new,https://www.jumia.com.eg/mobile-phones/
"Moto Z Play - 5.5"" 32GB Mobile Phone - White",6000,EGP,new,https://www.jumia.com.eg/mobile-phones/
"Moto Z Play - 5.5"" 32GB Mobile Phone - Black",4999,EGP,new,https://www.jumia.com.eg/mobile-phones/
Moto E5 Plus - 6.0-inch 16GB 4G Mobile Phone - Black,2949,EGP,new,https://www.jumia.com.eg/mobile-phones/
Power 1 Dual SIM Mobile Phone - Black,199,EGP,new,https://www.jumia.com.eg/mobile-phones/
G1 - Dual SIM Mobile Phone - Black,209,EGP,new,https://www.jumia.com.eg/mobile-phones/
G2 - Dual SIM Mobile Phone - Black,259,EGP,new,https://www.jumia.com.eg/mobile-phones/
Power 1 Mobile Phone - Off White,199,EGP,new,https://www.jumia.com.eg/mobile-phones/
"V7s - 5"" Dual SIM Mobile Phone - Gold",888,EGP,new,https://www.jumia.com.eg/mobile-phones/
X1 - 5.67-inch 32GB 4G Mobile Phone - Blue,2499,EGP,new,https://www.jumia.com.eg/mobile-phones/
V2 - 2.4-inch Dual SIM Mobile Phone - Grey,230,EGP,new,https://www.jumia.com.eg/mobile-phones/
V1 - 1.77-inch Dual SIM Mobile Phone - Green,190,EGP,new,https://www.jumia.com.eg/mobile-phones/
C1 - 4.95-inch 8GB Dual SIM 3G Mobile Phone - Gold,1039,EGP,new,https://www.jumia.com.eg/mobile-phones/
C1 - 4.95-inch 8GB Dual SIM 3G Mobile Phone - Blue,1039,EGP,new,https://www.jumia.com.eg/mobile-phones/
X1 - 5.67-inch 32GB 4G Mobile Phone - Gold,2499,EGP,new,https://www.jumia.com.eg/mobile-phones/
G2 - 2.2-inch Dual SIM Mobile Phone - Orange,250,EGP,new,https://www.jumia.com.eg/mobile-phones/
G2 - 2.2-inch Dual SIM Mobile Phone - Red,250,EGP,new,https://www.jumia.com.eg/mobile-phones/
G30 - 2.4-inch Dual SIM Mobile Phone - Gold,250,EGP,new,https://www.jumia.com.eg/mobile-phones/
G2 - 2.2-inch Dual SIM Mobile Phone - Black,250,EGP,new,https://www.jumia.com.eg/mobile-phones/
G20 - 1.77-inch Dual SIM Mobile Phone - White/Grey,190,EGP,new,https://www.jumia.com.eg/mobile-phones/
G30 - 2.4-inch Dual SIM Mobile Phone - Red,250,EGP,new,https://www.jumia.com.eg/mobile-phones/
G30 - 2.4-inch Dual SIM Mobile Phone - Blue,250,EGP,new,https://www.jumia.com.eg/mobile-phones/
G30 - 2.4-inch Dual SIM Mobile Phone - Black,250,EGP,new,https://www.jumia.com.eg/mobile-phones/
Upulse - 5.5-inch 32GB Dual SIM 4G Mobile Phone - Red,2999,EGP,new,https://www.jumia.com.eg/mobile-phones/
Harry - 5.0-inch 16GB Dual SIM 4G Mobile Phone - Anthracite,1580,EGP,new,https://www.jumia.com.eg/mobile-phones/
Upulse - 5.5-inch Dual SIM 4G Mobile Phone - Black,2175,EGP,new,https://www.jumia.com.eg/mobile-phones/
U Feel Prime - 5'' - 32GB 4GB Ram - Dual Sim Mobile Phone - Gold,1799,EGP,new,https://www.jumia.com.eg/mobile-phones/
Lenny 3 Max Dual Sim - 16 GB - Gold,1320,EGP,new,https://www.jumia.com.eg/mobile-phones/
S8 - 5.7-inch 64GB 4G Mobile Phone - Coral Blue,3199,EGP,new,https://www.jumia.com.eg/mobile-phones/
S6 - 5.7-inch 16GB 4G Mobile Phone - Black,1999,EGP,new,https://www.jumia.com.eg/mobile-phones/
S6 - 5.7-inch 16GB 4G Mobile Phone - Gold,1999,EGP,new,https://www.jumia.com.eg/mobile-phones/
S8 - 5.7-inch 64GB 4G Mobile Phone - Magic Black,3199,EGP,new,https://www.jumia.com.eg/mobile-phones/
S6 - 5.7-inch 16GB 4G Mobile Phone - Silver,1999,EGP,new,https://www.jumia.com.eg/mobile-phones/
"A9 Pro - 5.0"" - 4G - Mobile Phone - pearl white",1900,EGP,new,https://www.jumia.com.eg/mobile-phones/
" S310 - 2.4"" - Mobile Phone - Dark Blue",350,EGP,new,https://www.jumia.com.eg/mobile-phones/
"S310 - 2.4"" - Mobile Phone - Gray",350,EGP,new,https://www.jumia.com.eg/mobile-phones/
"S310 - 2.4"" - Mobile Phone - Blue",350,EGP,new,https://www.jumia.com.eg/mobile-phones/
"S310 - 2.4"" - Mobile Phone - Black",350,EGP,new,https://www.jumia.com.eg/mobile-phones/
A7 Pro - 5.0-inch 16GB - 4G Dual SIM Mobile Phone - White,1450,EGP,new,https://www.jumia.com.eg/mobile-phones/
A7 Pro - 5.0-inch 16GB - 4G Dual SIM Mobile Phone - Black,1450,EGP,new,https://www.jumia.com.eg/mobile-phones/
Energy E10+ Mobile Phone - Black,199,EGP,new,https://www.jumia.com.eg/mobile-phones/
"H500S - 5.0"" Dual SIM SmartPhone - Black",3199,EGP,new,https://www.jumia.com.eg/mobile-phones/
"H550S - 5.5"" Dual SIM SmartPhone - Black",6999,EGP,new,https://www.jumia.com.eg/mobile-phones/
Power Max P20 - 2.8-inch Mobile Phone With Power Bank Function - Black,655,EGP,new,https://www.jumia.com.eg/mobile-phones/
Power Max P20 - 2.8-inch Mobile Phone With Power Bank Function - Black,609,EGP,new,https://www.jumia.com.eg/mobile-phones/
Energy E10+ - 1.8-inch Dual SIM Mobile Phone - Black,218,EGP,new,https://www.jumia.com.eg/mobile-phones/
PowerMax P20 - 4000mAh - Black,599,EGP,new,https://www.jumia.com.eg/mobile-phones/
Energy E11 - 1.8-inch Dual SIM Mobile Phone - Black,275,EGP,new,https://www.jumia.com.eg/mobile-phones/
8X - 6.5-inch 128GB Dual SIM 4G Mobile Phone - Red,4899,EGP,new,https://www.jumia.com.eg/mobile-phones/
7A - 5.7-inch 16GB Dual SIM Mobile Phone - Gold,2399,EGP,new,https://www.jumia.com.eg/mobile-phones/
10 Lite - 6.21-inch 64GB Mobile Phone - Sky Blue,3950,EGP,new,https://www.jumia.com.eg/mobile-phones/
7A - 5.7-inch 16GB Dual SIM Mobile Phone - Black,2389,EGP,new,https://www.jumia.com.eg/mobile-phones/
10 Lite - 6.21-inch 64GB Mobile Phone - Black,3799,EGP,new,https://www.jumia.com.eg/mobile-phones/
8C - 6.26-inch 32GB Dual SIM Mobile Phone - Blue,3673,EGP,new,https://www.jumia.com.eg/mobile-phones/
8X - 6.5-inch 128GB Dual SIM 4G Mobile Phone - Blue,5540,EGP,new,https://www.jumia.com.eg/mobile-phones/
8C - 6.26-inch 32GB Dual SIM Mobile Phone - Blue,3485,EGP,new,https://www.jumia.com.eg/mobile-phones/
7S - 5.45-inch 16GB Dual SIM 4G Mobile Phone - Blue,3500,EGP,new,https://www.jumia.com.eg/mobile-phones/
10 Lite - 6.21-inch 64GB Mobile Phone - Sapphire Blue,4090,EGP,new,https://www.jumia.com.eg/mobile-phones/
8X - 6.5-inch 128GB Dual SIM 4G Mobile Phone - Blue,5799,EGP,new,https://www.jumia.com.eg/mobile-phones/
10 Lite - 6.21-inch 64GB Mobile Phone - Sky Blue,3777,EGP,new,https://www.jumia.com.eg/mobile-phones/
10 Lite - 6.21-inch 64GB Mobile Phone - Shiny Red,3799,EGP,new,https://www.jumia.com.eg/mobile-phones/
10 Lite - 6.21-inch 64GB Mobile Phone - Sapphire Blue,3810,EGP,new,https://www.jumia.com.eg/mobile-phones/
10 - 5.84-inch 128GB Dual SIM Mobile Phone - Phantom Blue,6699,EGP,new,https://www.jumia.com.eg/mobile-phones/
2 Pro - 6.3-inch 128GB Mobile Phone - Black Sea,5999,EGP,new,https://www.jumia.com.eg/mobile-phones/
2 Pro - 6.3-inch 128GB Mobile Phone - Black Sea,4990,EGP,new,https://www.jumia.com.eg/mobile-phones/
2 Pro - 6.3-inch 64GB Mobile Phone - Ice Lake,3790,EGP,new,https://www.jumia.com.eg/mobile-phones/
2 Pro - 6.3-inch 64GB Mobile Phone - Black Sea,3790,EGP,new,https://www.jumia.com.eg/mobile-phones/
F205 Lite - 5.47-inch 16GB Dual SIM 4G Mobile Phone - Gold,1599,EGP,new,https://www.jumia.com.eg/mobile-phones/
A1 Lite Dual Sim - 32GB - 3GB RAM - 4G LTE - 4000mAh Battery - 20 MP Silfie - 13 MP Front Cam - Gold,2449,EGP,new,https://www.jumia.com.eg/mobile-phones/
F205 Lite - 5.47-inch 16GB Dual SIM 4G Mobile Phone - Black,1599,EGP,new,https://www.jumia.com.eg/mobile-phones/
S11 lite - 5.7-inch 32GB Mobile Phone - Gold,2499,EGP,new,https://www.jumia.com.eg/mobile-phones/
S11 lite - 5.7-inch 32GB Mobile Phone - Black,2499,EGP,new,https://www.jumia.com.eg/mobile-phones/
D1 - 1.77-inch Dual SIM Mobile Phone - Black/Blue,200,EGP,new,https://www.jumia.com.eg/mobile-phones/
ZIOX F9 PRO - 5-inch 16GB Dual SIM 4G Mobile Phone - Blue,1199,EGP,new,https://www.jumia.com.eg/mobile-phones/
ZIOX F9 PRO - 5-inch 16GB Dual SIM 4G Mobile Phone - Gold,1199,EGP,new,https://www.jumia.com.eg/mobile-phones/
ZIOX F9 PRO - 5-inch 16GB Dual SIM 4G Mobile Phone - Black,1199,EGP,new,https://www.jumia.com.eg/mobile-phones/
"U962 3G,Dual SIM Smartphone 8GB Rom,Camera 5MP",920,EGP,new,https://www.jumia.com.eg/mobile-phones/
"Pearl C1 - 5.5"" - 4G Mobile Phone - Gold",1850,EGP,new,https://www.jumia.com.eg/mobile-phones/
"King Kong 2 C20 - 5.0"" Dual SIM 4G Rugged Mobile Phone - Black",1999,EGP,new,https://www.jumia.com.eg/mobile-phones/
"U962 - 5""  3G Dual SIM Smartphone - Gold",920,EGP,new,https://www.jumia.com.eg/mobile-phones/
"U962 3G,Dual SIM Smartphone 8GB Rom,Camera 5MP",920,EGP,new,https://www.jumia.com.eg/mobile-phones/
"L675 - 5.0"" Dual SIM 4G Mobile Phone - White",1140,EGP,new,https://www.jumia.com.eg/mobile-phones/
"F22 - 5.5"" -1GB RAM,Dual SIM 4G Mobile Phone",1450,EGP,new,https://www.jumia.com.eg/mobile-phones/
"Infinity F31 - 5.0"" Dual SIM 4G Mobile Phone - Amber Gold",2999,EGP,new,https://www.jumia.com.eg/mobile-phones/
"F22 - 5.5"" -1GB RAM,Dual SIM 4G Mobile Phone + VR 3D- Virtual Reality Glasses 2",1599,EGP,new,https://www.jumia.com.eg/mobile-phones/
"F23 - 5.5"" -2GB RAM,Dual SIM 4G Mobile Phone",1950,EGP,new,https://www.jumia.com.eg/mobile-phones/
F23 Dual SIM Smartphone - 2GB RAM - 16GB - Grey,1950,EGP,new,https://www.jumia.com.eg/mobile-phones/
"F20 - 5.5"" Dual SIM 4G Mobile Phone - Black",1199,EGP,new,https://www.jumia.com.eg/mobile-phones/
Fire - 5.34-inch 8GB 4G Mobile Phone - Gold,1300,EGP,new,https://www.jumia.com.eg/mobile-phones/
S1 - 5.5-inch 32GB Dual SIM 4G Mobile Phone - Black,2220,EGP,new,https://www.jumia.com.eg/mobile-phones/
S61 - 5.2-Inch 64 GB Mobile Phone - Black,22222,EGP,new,https://www.jumia.com.eg/mobile-phones/
S61 Rugged Smartphone LTE - Black,22000,EGP,new,https://www.jumia.com.eg/mobile-phones/
It5613 - 2.4'' Dual SIM Mobile Phone - Calx,343,EGP,new,https://www.jumia.com.eg/mobile-phones/
"S31 - 5.5"" Dual SIM Mobile Phone - Champagne Gold",1694,EGP,new,https://www.jumia.com.eg/mobile-phones/
K10  - 6GB RAM - 64GB ROM - 4G Phablet - Black,10000,EGP,new,https://www.jumia.com.eg/mobile-phones/
K10 - 6.0-Inch 64GB Phablet - Black,10000,EGP,new,https://www.jumia.com.eg/mobile-phones/
"F9 - 1.8"" Dual SIM Car Shaped Mobile Phone - White",349,EGP,new,https://www.jumia.com.eg/mobile-phones/
"F9 - 1.8"" Dual SIM Car Shaped Mobile Phone - Black",443,EGP,new,https://www.jumia.com.eg/mobile-phones/
"Ice 3 - 5.0"" - 8GB Dual SIM 4G Mobile Phone - Black",1500,EGP,new,https://www.jumia.com.eg/mobile-phones/
CB443-2  Micro USB Cable ,130,EGP,new,https://www.jumia.com.eg/mobile-phones/
Z3 Dual Sim - 16 GB - 2 GB Ram - 4G - Grey,1415,EGP,new,https://www.jumia.com.eg/mobile-phones/
Z3 Dual Sim - 16 GB - 2 GB Ram - 4G - Gold,1415,EGP,new,https://www.jumia.com.eg/mobile-phones/
T3 Dual Sim - 16 GB - 1 GB Ram - 4G - Grey,1150,EGP,new,https://www.jumia.com.eg/mobile-phones/
T3 Dual Sim - 16 GB - 1 GB Ram - 4G - Gold,1150,EGP,new,https://www.jumia.com.eg/mobile-phones/
L1 - 2G Dual SIM Mobile Phone - Black,222,EGP,new,https://www.jumia.com.eg/mobile-phones/
Q77 Kids Tablet - White,622,EGP,new,https://www.jumia.com.eg/mobile-phones/
Triple Sim Mobile With 5000 MAh Battery,1760,EGP,new,https://www.jumia.com.eg/mobile-phones/
Power 5S - 6.0 Inch - 13000mAh Battery 4G Phablet  - Gray,9999,EGP,new,https://www.jumia.com.eg/mobile-phones/
