mobiles,prices,currency,new_used,web
honor mobile for sell,18000,Rs,used,https://www.bestmobile.pk/used-mobiles
Samsung S8 used,31000,Rs,used,https://www.bestmobile.pk/used-mobiles
Samsung c5 pro,25000,Rs,used,https://www.bestmobile.pk/used-mobiles
Samsung Galaxy S7 edge,30000,Rs,used,https://www.bestmobile.pk/used-mobiles
Iphone Apple xs Max,180000,Rs,used,https://www.bestmobile.pk/used-mobiles
"S10 plus with FREE Screen Card & save Rs 30,000",167000,Rs,used,https://www.bestmobile.pk/used-mobiles
iPhone X 64 gb Space Grey 3 months used 100% battery health,125000,Rs,used,https://www.bestmobile.pk/used-mobiles
Unlock zong and telenor Devices,200,Rs,used,https://www.bestmobile.pk/used-mobiles
Iphone xs mas,210000,Rs,used,https://www.bestmobile.pk/used-mobiles
NOKIA 6,16000,Rs,used,https://www.bestmobile.pk/used-mobiles
Best Replica N-230 Mobile Phone in Pakistan,3999,Rs,used,https://www.bestmobile.pk/used-mobiles
3310 mobile in Pakistan,2499,Rs,used,https://www.bestmobile.pk/used-mobiles
Buy Best Replica Galaxy S8+ Online in Pakistan,12999,Rs,used,https://www.bestmobile.pk/used-mobiles
Samsung galaxy S6 (10/10) Condition,16000,Rs,used,https://www.bestmobile.pk/used-mobiles
Huawei Y7 Prime 2018 (6 months Official warranty),21500,Rs,used,https://www.bestmobile.pk/used-mobiles
Honor 7S,15000,Rs,used,https://www.bestmobile.pk/used-mobiles
Xioami Redmi Note 5 Pro,25000,Rs,used,https://www.bestmobile.pk/used-mobiles
Huawei Nova 3i,36000,Rs,used,https://www.bestmobile.pk/used-mobiles
huawei honor 9 lite,24000,Rs,used,https://www.bestmobile.pk/used-mobiles
Samsung A5 2015 (With Complete Box),13500,Rs,used,https://www.bestmobile.pk/used-mobiles
huawei Mate s in good condition,20000,Rs,used,https://www.bestmobile.pk/used-mobiles
Iphone 6s plus,36000,Rs,used,https://www.bestmobile.pk/used-mobiles
Oppo F5 6GB Ram 64 Memory for Sale,30000,Rs,used,https://www.bestmobile.pk/used-mobiles
brand new Samsung Galaxy Note 8 64GB original unlocked,40000,Rs,used,https://www.bestmobile.pk/used-mobiles
Galaxy s8 G950FD,40000,Rs,used,https://www.bestmobile.pk/used-mobiles
vivo y95 11 month warranty complete box 4gb 64gb,30000,Rs,used,https://www.bestmobile.pk/used-mobiles
HONOR 6X SELL IN GOOD CONDITION,19000,Rs,used,https://www.bestmobile.pk/used-mobiles
Best tablet for kids in very reasonable price,14000,Rs,used,https://www.bestmobile.pk/used-mobiles
Samsung galaxy j1 6,7000,Rs,used,https://www.bestmobile.pk/used-mobiles
Iphone 7 plus with complete box,63000,Rs,used,https://www.bestmobile.pk/used-mobiles
Vivo v11 pro,46000,Rs,used,https://www.bestmobile.pk/used-mobiles
Nokia 6.1 plus,35000,Rs,used,https://www.bestmobile.pk/used-mobiles
Samsung galaxy j3 pro,15000,Rs,used,https://www.bestmobile.pk/used-mobiles
Nokia 150 Dual Sim,2600,Rs,used,https://www.bestmobile.pk/used-mobiles
Iphone 5s,7000,Rs,used,https://www.bestmobile.pk/used-mobiles
Iphone 6 for sale,17000,Rs,used,https://www.bestmobile.pk/used-mobiles
Amazon fire phone,12000,Rs,used,https://www.bestmobile.pk/used-mobiles
Buy Nokia-Asha 200 in vey good condition at very fair price,2500,Rs,used,https://www.bestmobile.pk/used-mobiles
LG G4 urgently,9500,Rs,used,https://www.bestmobile.pk/used-mobiles
Set ok 10 by 10,12000,Rs,used,https://www.bestmobile.pk/used-mobiles
Huawei honor 6x,23500,Rs,used,https://www.bestmobile.pk/used-mobiles
Qmobile i9i pro,9000,Rs,used,https://www.bestmobile.pk/used-mobiles
Google Huawei Nexus 6p(128GB),18500,Rs,used,https://www.bestmobile.pk/used-mobiles
Huawei y7 prime 2018 only one week used,23000,Rs,used,https://www.bestmobile.pk/used-mobiles
Samsung Galaxy S4 Mobile for Sale,7500,Rs,used,https://www.bestmobile.pk/used-mobiles
Honor 9 lite,25000,Rs,used,https://www.bestmobile.pk/used-mobiles
C9 pro,34500,Rs,used,https://www.bestmobile.pk/used-mobiles
Motorola Moto E4,14000,Rs,used,https://www.bestmobile.pk/used-mobiles
Selling Nokia 3,14000,Rs,used,https://www.bestmobile.pk/used-mobiles
NOIR A1 4GB RAM,14990,Rs,used,https://www.bestmobile.pk/used-mobiles
Iphone 7 jetblack 256gb,52000,Rs,used,https://www.bestmobile.pk/used-mobiles
A4,8000,Rs,used,https://www.bestmobile.pk/used-mobiles
Huawei g8 3/32gb,14500,Rs,used,https://www.bestmobile.pk/used-mobiles
Iphone 7 32 GB factory unlock,44000,Rs,used,https://www.bestmobile.pk/used-mobiles
huawei y5 2018,17000,Rs,used,https://www.bestmobile.pk/used-mobiles
Samsung S9 plus,100000,Rs,used,https://www.bestmobile.pk/used-mobiles
Samsung s7 edge dual sim,33000,Rs,used,https://www.bestmobile.pk/used-mobiles
Huwaei mobile P8 Lite Ale L21,11000,Rs,used,https://www.bestmobile.pk/used-mobiles
samsung note 4,16000,Rs,used,https://www.bestmobile.pk/used-mobiles
Iphone 6 64GB,16000,Rs,used,https://www.bestmobile.pk/used-mobiles
motorola 912 maxx,5000,Rs,used,https://www.bestmobile.pk/used-mobiles
Samsung J3 Pro for sale in Best Condition,14000,Rs,used,https://www.bestmobile.pk/used-mobiles
SAMSUNG GALAXY J6 plus,27000,Rs,used,https://www.bestmobile.pk/used-mobiles
iPhone 6 16GB,21000,Rs,used,https://www.bestmobile.pk/used-mobiles
Iphone xs max,220000,Rs,used,https://www.bestmobile.pk/used-mobiles
5s 32gb,9500,Rs,used,https://www.bestmobile.pk/used-mobiles
iphone xs 256gb,215000,Rs,used,https://www.bestmobile.pk/used-mobiles
Iphone 7 black,35000,Rs,used,https://www.bestmobile.pk/used-mobiles
Samsung Galaxy S9 Plus 6GB RAM 128GB Storage Mid Night Black,80000,Rs,used,https://www.bestmobile.pk/used-mobiles
huawei honor 6x 3gb ram 32gb rom,17000,Rs,used,https://www.bestmobile.pk/used-mobiles
Samsung Note 8,55000,Rs,used,https://www.bestmobile.pk/used-mobiles
Vivo v9 youth,21000,Rs,used,https://www.bestmobile.pk/used-mobiles
Iphone x,90000,Rs,used,https://www.bestmobile.pk/used-mobiles
Samsung note 9 dual sim black color,110000,Rs,used,https://www.bestmobile.pk/used-mobiles
Samsung Galaxy S7 edge,32500,Rs,used,https://www.bestmobile.pk/used-mobiles
No Any Fault,7500,Rs,used,https://www.bestmobile.pk/used-mobiles
Iphone X 64 GB Black Color,115000,Rs,used,https://www.bestmobile.pk/used-mobiles
Samsung Note 9 Midnight Black with all accessories and Box,115000,Rs,used,https://www.bestmobile.pk/used-mobiles
Samsung Galaxy A7 2018 Balck With Full Warranty,52000,Rs,used,https://www.bestmobile.pk/used-mobiles
Moto e4,10500,Rs,used,https://www.bestmobile.pk/used-mobiles
samsung galaxy note 8,35000,Rs,used,https://www.bestmobile.pk/used-mobiles
Huwawei y3 II for sale,5000,Rs,used,https://www.bestmobile.pk/used-mobiles
Docomo Sharp 04G,4000,Rs,used,https://www.bestmobile.pk/used-mobiles
tablet,3000,Rs,used,https://www.bestmobile.pk/used-mobiles
Infinity k,8000,Rs,used,https://www.bestmobile.pk/used-mobiles
Samsung Galaxy J7 Prime,16000,Rs,used,https://www.bestmobile.pk/used-mobiles
HONOR 10,52000,Rs,used,https://www.bestmobile.pk/used-mobiles
Huawei Y3II Good Condition for Sale,5700,Rs,used,https://www.bestmobile.pk/used-mobiles
SAMSUNG GALAXY J5 PRO,19000,Rs,used,https://www.bestmobile.pk/used-mobiles
samsung galaxy j6,26500,Rs,used,https://www.bestmobile.pk/used-mobiles
iPhone 8 plus 256 gb PTA registered factory unlocked,120000,Rs,used,https://www.bestmobile.pk/used-mobiles
Nova 3i 128gb and 4gb,40000,Rs,used,https://www.bestmobile.pk/used-mobiles
Sony Experia L1 is available for sale,14000,Rs,used,https://www.bestmobile.pk/used-mobiles
Samsung j4 for sell,16000,Rs,used,https://www.bestmobile.pk/used-mobiles
One plus 3T for sale in cheap price,17500,Rs,used,https://www.bestmobile.pk/used-mobiles
Iphone x 256gb,70000,Rs,used,https://www.bestmobile.pk/used-mobiles
iphone 5s 9/10 condition for sale,12000,Rs,used,https://www.bestmobile.pk/used-mobiles
Honor 7A With  months Warranty,16000,Rs,used,https://www.bestmobile.pk/used-mobiles
Iphone 6 Gold 64 GB,30000,Rs,used,https://www.bestmobile.pk/used-mobiles
I Phone (64GB) Silver,25000,Rs,used,https://www.bestmobile.pk/used-mobiles
Huawei y9 2018,27500,Rs,used,https://www.bestmobile.pk/used-mobiles
I am selling my phone vivo y53,12500,Rs,used,https://www.bestmobile.pk/used-mobiles
Samsung c9 pro,40000,Rs,used,https://www.bestmobile.pk/used-mobiles
Samsung C7 pro for sale,28000,Rs,used,https://www.bestmobile.pk/used-mobiles
Sony Xperia z,6000,Rs,used,https://www.bestmobile.pk/used-mobiles
Infinix Hot Note Grey 1.4 GHZ Octa-Core 4000 mAh Battery 1 GB Ram,7500,Rs,used,https://www.bestmobile.pk/used-mobiles
Samsung Note 5 Duos,23000,Rs,used,https://www.bestmobile.pk/used-mobiles
One hand use 11 mha wrnity,10000,Rs,used,https://www.bestmobile.pk/used-mobiles
Asus ZenFone 2 for sale,17500,Rs,used,https://www.bestmobile.pk/used-mobiles
Samsung Galaxy Note 8 - Black - 64gb,75000,Rs,used,https://www.bestmobile.pk/used-mobiles
Set 4 sale. Not a single fault,24000,Rs,used,https://www.bestmobile.pk/used-mobiles
Samsung Galaxy S7 edge,25000,Rs,used,https://www.bestmobile.pk/used-mobiles
O-7 Mobile 4 Sale,3250,Rs,used,https://www.bestmobile.pk/used-mobiles
i want amegently money so i want to sell my phone,8000,Rs,used,https://www.bestmobile.pk/used-mobiles
Selling Honor 7X,30500,Rs,used,https://www.bestmobile.pk/used-mobiles
One hand used in excellent condition,16500,Rs,used,https://www.bestmobile.pk/used-mobiles
Samsung S8 Plus 64 GB Unlocked Mint Condition,50000,Rs,used,https://www.bestmobile.pk/used-mobiles
Samsung S8,47500,Rs,used,https://www.bestmobile.pk/used-mobiles
J5 S-M J500F,7500,Rs,used,https://www.bestmobile.pk/used-mobiles
Oppo mobile,10000,Rs,used,https://www.bestmobile.pk/used-mobiles
Oppo F5,24500,Rs,used,https://www.bestmobile.pk/used-mobiles
Grand prime plus (free memory card),12000,Rs,used,https://www.bestmobile.pk/used-mobiles
Huawei mate 10 pro,65000,Rs,used,https://www.bestmobile.pk/used-mobiles
Oppo F7 Price in Pakistan 2018,30999,Rs,used,https://www.bestmobile.pk/used-mobiles
iphone 7 - 128gb jet black,45000,Rs,used,https://www.bestmobile.pk/used-mobiles
Huawei honor 5x,12000,Rs,used,https://www.bestmobile.pk/used-mobiles
Samsung A8 Model 2015,13000,Rs,used,https://www.bestmobile.pk/used-mobiles
Oppo f5 64gb,23000,Rs,used,https://www.bestmobile.pk/used-mobiles
Asenzo z5 loks like a iphone 7 plus,14000,Rs,used,https://www.bestmobile.pk/used-mobiles
Samsung galaxy prime,6500,Rs,used,https://www.bestmobile.pk/used-mobiles
I want sale my oppo A71 mobile,15500,Rs,used,https://www.bestmobile.pk/used-mobiles
Sale or exchange,6000,Rs,used,https://www.bestmobile.pk/used-mobiles
Samsung galaxy note 4,15000,Rs,used,https://www.bestmobile.pk/used-mobiles
Samsung C9 pro,31000,Rs,used,https://www.bestmobile.pk/used-mobiles
galaxy grand duos gt-I9082,3000,Rs,used,https://www.bestmobile.pk/used-mobiles
Motorolla Turbo (Mint Condition),4998,Rs,used,https://www.bestmobile.pk/used-mobiles
J7 max just in 26000 mint condition full accessories,26000,Rs,used,https://www.bestmobile.pk/used-mobiles
Motorola turbo 2,10000,Rs,used,https://www.bestmobile.pk/used-mobiles
LG V10 very good condition 9/10 + charger + free iphone hands free (orignal),14000,Rs,used,https://www.bestmobile.pk/used-mobiles
QTAB Q300 Urgent For Sale,7000,Rs,used,https://www.bestmobile.pk/used-mobiles
Xiaomi Mi Mix,42000,Rs,used,https://www.bestmobile.pk/used-mobiles
iphone 7 - 128gb jet black,49500,Rs,used,https://www.bestmobile.pk/used-mobiles
OnePlus 3T 6/64 Gunmetal in mint condition,28500,Rs,used,https://www.bestmobile.pk/used-mobiles
Samsung s8 with complete box 10/10 condition,45000,Rs,used,https://www.bestmobile.pk/used-mobiles
Vgotel Venture V8,6000,Rs,used,https://www.bestmobile.pk/used-mobiles
IPHONE X 64 GB UNBEATABLE PRICE- USED CONDITION,78000,Rs,used,https://www.bestmobile.pk/used-mobiles
Samsung Level On Wireless Headphones Original,22000,Rs,used,https://www.bestmobile.pk/used-mobiles
Huawei Nova 3i new,39500,Rs,used,https://www.bestmobile.pk/used-mobiles
Samsung galaxy J7 max,24500,Rs,used,https://www.bestmobile.pk/used-mobiles
q mobile i6 metal 2017,6500,Rs,used,https://www.bestmobile.pk/used-mobiles
S7 32gb 4g lte gold color,20500,Rs,used,https://www.bestmobile.pk/used-mobiles
Samsung j6 2018,27000,Rs,used,https://www.bestmobile.pk/used-mobiles
Opo A71,13000,Rs,used,https://www.bestmobile.pk/used-mobiles
Samsung A7,18000,Rs,used,https://www.bestmobile.pk/used-mobiles
samsung galaxy on7 2gb ram,9499,Rs,used,https://www.bestmobile.pk/used-mobiles
Huawei Honor 3C lite,5000,Rs,used,https://www.bestmobile.pk/used-mobiles
Nova 3i,34000,Rs,used,https://www.bestmobile.pk/used-mobiles
Samsung j3 2017,16000,Rs,used,https://www.bestmobile.pk/used-mobiles
Infinix Hot S,24000,Rs,used,https://www.bestmobile.pk/used-mobiles
OPPO F7,32000,Rs,used,https://www.bestmobile.pk/used-mobiles
LG v20 4Gb 63Gb exchange possible,18500,Rs,used,https://www.bestmobile.pk/used-mobiles
iPhone 8 plus 64gb space gray,85000,Rs,used,https://www.bestmobile.pk/used-mobiles
Samsung galaxy S6 gold,16000,Rs,used,https://www.bestmobile.pk/used-mobiles
Iphone x 64gb space gray,109000,Rs,used,https://www.bestmobile.pk/used-mobiles
HTC U PLAY,19500,Rs,used,https://www.bestmobile.pk/used-mobiles
OPPO F7 YOUTH,26000,Rs,used,https://www.bestmobile.pk/used-mobiles
Huawei p8 lite,9500,Rs,used,https://www.bestmobile.pk/used-mobiles
Galaxy Note 5,19000,Rs,used,https://www.bestmobile.pk/used-mobiles
Huawei G8,14500,Rs,used,https://www.bestmobile.pk/used-mobiles
samsung c7,24000,Rs,used,https://www.bestmobile.pk/used-mobiles
vivo v11 pro,45000,Rs,used,https://www.bestmobile.pk/used-mobiles
samsung galaxy note II(2) for sale,12000,Rs,used,https://www.bestmobile.pk/used-mobiles
Galaxy Note 9,130000,Rs,used,https://www.bestmobile.pk/used-mobiles
Huawei Y9 2018 Final Rate,19000,Rs,used,https://www.bestmobile.pk/used-mobiles
Samsung A8+ 64gb,53000,Rs,used,https://www.bestmobile.pk/used-mobiles
Iphone Xs Max 256GB pin packed  Rose Gold,200000,Rs,used,https://www.bestmobile.pk/used-mobiles
Samsung Galaxy J6,24000,Rs,used,https://www.bestmobile.pk/used-mobiles
Samsung C5,21000,Rs,used,https://www.bestmobile.pk/used-mobiles
S8 Plus,40000,Rs,used,https://www.bestmobile.pk/used-mobiles
iphone 7 plus,57500,Rs,used,https://www.bestmobile.pk/used-mobiles
iphone,42000,Rs,used,https://www.bestmobile.pk/used-mobiles
HTC One M9,13500,Rs,used,https://www.bestmobile.pk/used-mobiles
SAMSUNG A5 2017,25500,Rs,used,https://www.bestmobile.pk/used-mobiles
Nokia-112 available for sale.,2600,Rs,used,https://www.bestmobile.pk/used-mobiles
OnePlus 5T,60000,Rs,used,https://www.bestmobile.pk/used-mobiles
honor 6x gaurnteed non repaired condition 10/10,18000,Rs,used,https://www.bestmobile.pk/used-mobiles
Samsung galaxy grand prime plus,13000,Rs,used,https://www.bestmobile.pk/used-mobiles
iphone 6s,22000,Rs,used,https://www.bestmobile.pk/used-mobiles
Apple Iphone 5s,9000,Rs,used,https://www.bestmobile.pk/used-mobiles
Huawei p20 lite 64 gb,31500,Rs,used,https://www.bestmobile.pk/used-mobiles
Nokia 6.1 6 months used,17000,Rs,used,https://www.bestmobile.pk/used-mobiles
Samsung Galaxy S9 plus Brand New,80000,Rs,used,https://www.bestmobile.pk/used-mobiles
Qmobile Z12 lush,13000,Rs,used,https://www.bestmobile.pk/used-mobiles
iPhone 8 plus Vietnam,40000,Rs,used,https://www.bestmobile.pk/used-mobiles
Motorola E4,11000,Rs,used,https://www.bestmobile.pk/used-mobiles
New Samsung note 8 in golden colour,72000,Rs,used,https://www.bestmobile.pk/used-mobiles
Samsung Galaxy S7 Edge,29999,Rs,used,https://www.bestmobile.pk/used-mobiles
Samsung note 4,22000,Rs,used,https://www.bestmobile.pk/used-mobiles
S6 edge plus,25000,Rs,used,https://www.bestmobile.pk/used-mobiles
SAMSUNG GALAXY J7 PRIME 2K17 IN 10 BY 10 CONDITION,22000,Rs,used,https://www.bestmobile.pk/used-mobiles
huawei mate 10 lite,23000,Rs,used,https://www.bestmobile.pk/used-mobiles
Galaxy Note 8 (SM-N950F) (DUAL SIM) (ORCHID GREY),65000,Rs,used,https://www.bestmobile.pk/used-mobiles
Samsung J7 Pro,30000,Rs,used,https://www.bestmobile.pk/used-mobiles
HUAWEI P8 LITE DOCOMO F01H TABLET,11000,Rs,used,https://www.bestmobile.pk/used-mobiles
iPhone 6,19000,Rs,used,https://www.bestmobile.pk/used-mobiles
Motorola moto e4 available in excellent condition with an adjustable appropriate price,9500,Rs,used,https://www.bestmobile.pk/used-mobiles
Lg v30 plus,50000,Rs,used,https://www.bestmobile.pk/used-mobiles
J7 prime 32gb,19500,Rs,used,https://www.bestmobile.pk/used-mobiles
iPhone 5,6500,Rs,used,https://www.bestmobile.pk/used-mobiles
Sony xperia XZ1,55000,Rs,used,https://www.bestmobile.pk/used-mobiles
Huawei Mate 10 lite 10 month Warranty 4 GB 64 GB,23500,Rs,used,https://www.bestmobile.pk/used-mobiles
iphone 5 panel,2200,Rs,used,https://www.bestmobile.pk/used-mobiles
"Samsung Galaxy S6 100% Working. CRYSTAL CLEAR FRONT. No Fault, Never Repaired.",13999,Rs,used,https://www.bestmobile.pk/used-mobiles
Mi A2 lite one week used,21500,Rs,used,https://www.bestmobile.pk/used-mobiles
Samsung note 8 10.10,69000,Rs,used,https://www.bestmobile.pk/used-mobiles
OnePlus 5t,50000,Rs,used,https://www.bestmobile.pk/used-mobiles
Huawei p20 lite,32000,Rs,used,https://www.bestmobile.pk/used-mobiles
OnePlus 3t 6gb ram 64gb rom,25000,Rs,used,https://www.bestmobile.pk/used-mobiles
Samsung A7 2017 water proof scratch less condition 10/10,35000,Rs,used,https://www.bestmobile.pk/used-mobiles
Samsung Galaxy S8,48000,Rs,used,https://www.bestmobile.pk/used-mobiles
Sale my phone,10000,Rs,used,https://www.bestmobile.pk/used-mobiles
Iphone 6 gold 16 gb,15000,Rs,used,https://www.bestmobile.pk/used-mobiles
samsung galaxy tablet 7.7,22000,Rs,used,https://www.bestmobile.pk/used-mobiles
Xiaomi Redmi Note 5 Pro 3/32GB,22500,Rs,used,https://www.bestmobile.pk/used-mobiles
Samsung galaxy tab 4,12000,Rs,used,https://www.bestmobile.pk/used-mobiles
Galaxy note 3 duo,12000,Rs,used,https://www.bestmobile.pk/used-mobiles
SAMSUNG A8 2018,43000,Rs,used,https://www.bestmobile.pk/used-mobiles
Iphone 8 Plus 256 GB Black,40000,Rs,used,https://www.bestmobile.pk/used-mobiles
Xiaomi Mi 4A 32gb,12000,Rs,used,https://www.bestmobile.pk/used-mobiles
iPhone 5S perfectly new space grey,15000,Rs,used,https://www.bestmobile.pk/used-mobiles
Sony Xperia Z2,8000,Rs,used,https://www.bestmobile.pk/used-mobiles
Samsung Galaxy S4 32gb RS 7500,7500,Rs,used,https://www.bestmobile.pk/used-mobiles
Urgent sale S8 plus,50000,Rs,used,https://www.bestmobile.pk/used-mobiles
Huawei Honor Band 3 Smart Wristband Watch,6000,Rs,used,https://www.bestmobile.pk/used-mobiles
Sony Xperia Z2,10000,Rs,used,https://www.bestmobile.pk/used-mobiles
Oppo a37 fw,15000,Rs,used,https://www.bestmobile.pk/used-mobiles
Iphone 7 plus silver 32GB,57000,Rs,used,https://www.bestmobile.pk/used-mobiles
samsung s6 edge dot on left side,18500,Rs,used,https://www.bestmobile.pk/used-mobiles
Nokie 6.1 Plus 4/64 GB for Sale or Exchange,34000,Rs,used,https://www.bestmobile.pk/used-mobiles
Iphone6 64gb,24000,Rs,used,https://www.bestmobile.pk/used-mobiles
Samsung A6,44000,Rs,used,https://www.bestmobile.pk/used-mobiles
Xiaomi MI A1 (Golden),27000,Rs,used,https://www.bestmobile.pk/used-mobiles
Samsung Galaxy note 4,13000,Rs,used,https://www.bestmobile.pk/used-mobiles
Oppo f5,23500,Rs,used,https://www.bestmobile.pk/used-mobiles
Samsung note 5,19000,Rs,used,https://www.bestmobile.pk/used-mobiles
Samsung C9 pro,34980,Rs,used,https://www.bestmobile.pk/used-mobiles
OALE X4,12500,Rs,used,https://www.bestmobile.pk/used-mobiles
Samsung Galaxy s7 edge,25000,Rs,used,https://www.bestmobile.pk/used-mobiles
Iphone 7 mate black,44000,Rs,used,https://www.bestmobile.pk/used-mobiles
Honor 7s,14500,Rs,used,https://www.bestmobile.pk/used-mobiles
Iphone 5s in black 32gb,12500,Rs,used,https://www.bestmobile.pk/used-mobiles
SAMSUNG GALAXY NOTE 9,125000,Rs,used,https://www.bestmobile.pk/used-mobiles
Samsung Galaxy Note 8 Dual Sim,70000,Rs,used,https://www.bestmobile.pk/used-mobiles
Amazon Fire Phone,7499,Rs,used,https://www.bestmobile.pk/used-mobiles
Infinix hot 6 pro 3GB ram 32 gb rom,20000,Rs,used,https://www.bestmobile.pk/used-mobiles
Q mobile i6 metal,7000,Rs,used,https://www.bestmobile.pk/used-mobiles
One Plus 2,19000,Rs,used,https://www.bestmobile.pk/used-mobiles
Moto X Pure 16GB,14000,Rs,used,https://www.bestmobile.pk/used-mobiles
iPhone 6s 64 GB from Dubai,37000,Rs,used,https://www.bestmobile.pk/used-mobiles
Brand New Samsung J8 2018,37000,Rs,used,https://www.bestmobile.pk/used-mobiles
Iphone  6 S,32000,Rs,used,https://www.bestmobile.pk/used-mobiles
Glaxay J600F,20000,Rs,used,https://www.bestmobile.pk/used-mobiles
Honor 8 lite - 3 Months Used with Warranty - Full Box and Cover,18000,Rs,used,https://www.bestmobile.pk/used-mobiles
HONOR 4C,10000,Rs,used,https://www.bestmobile.pk/used-mobiles
Samsung Galaxy J6,21000,Rs,used,https://www.bestmobile.pk/used-mobiles
Samsung s2 good condition,3800,Rs,used,https://www.bestmobile.pk/used-mobiles
Samsung galaxy J7,19500,Rs,used,https://www.bestmobile.pk/used-mobiles
Huawei Honor 8,26000,Rs,used,https://www.bestmobile.pk/used-mobiles
Huawei mate 10 lite with full warranty,27000,Rs,used,https://www.bestmobile.pk/used-mobiles
Huwaei y6 pro for sell,11000,Rs,used,https://www.bestmobile.pk/used-mobiles
Samsung Galaxy Note 5 Duos,25000,Rs,used,https://www.bestmobile.pk/used-mobiles
Galaxy s7 edge,32000,Rs,used,https://www.bestmobile.pk/used-mobiles
Iphone 6 16 GB GOLD,24000,Rs,used,https://www.bestmobile.pk/used-mobiles
Huawei P9 Lite 2017 Version with 3GB Ram,14000,Rs,used,https://www.bestmobile.pk/used-mobiles
I went to sell samsung S7 edge dual sim,32000,Rs,used,https://www.bestmobile.pk/used-mobiles
Samsung Galaxy A7,29500,Rs,used,https://www.bestmobile.pk/used-mobiles
iPhone 6s 64 GB with box and accessories,45000,Rs,used,https://www.bestmobile.pk/used-mobiles
Infinix note 5 lastest andorid,25500,Rs,used,https://www.bestmobile.pk/used-mobiles
Samsung Galaxy A5,28000,Rs,used,https://www.bestmobile.pk/used-mobiles
Qmobile Blue 5,9000,Rs,used,https://www.bestmobile.pk/used-mobiles
Iphone 6 (64GB),27000,Rs,used,https://www.bestmobile.pk/used-mobiles
Custom Phone Cases and Skins,1000,Rs,used,https://www.bestmobile.pk/used-mobiles
Samsung j7 prime 2,25000,Rs,used,https://www.bestmobile.pk/used-mobiles
Samsung Galaxy c5,20000,Rs,used,https://www.bestmobile.pk/used-mobiles
Apple iphone 6,21000,Rs,used,https://www.bestmobile.pk/used-mobiles
HTC Desire 610,33000,Rs,used,https://www.bestmobile.pk/used-mobiles
Meizu MX6,31500,Rs,used,https://www.bestmobile.pk/used-mobiles
LG Nexus 5X,31799,Rs,used,https://www.bestmobile.pk/used-mobiles
OnePlus 6,70000,Rs,used,https://www.bestmobile.pk/used-mobiles
Iphone 6 128GB,27500,Rs,used,https://www.bestmobile.pk/used-mobiles
Samsung Galaxy Grand Prime Plus for sale,11000,Rs,used,https://www.bestmobile.pk/used-mobiles
Huawei Y6ii,14000,Rs,used,https://www.bestmobile.pk/used-mobiles
OnePlus 3 10/10 condition 64 GB,35000,Rs,used,https://www.bestmobile.pk/used-mobiles
IPHONE 7 PLUS 128GB JET BLACK,65000,Rs,used,https://www.bestmobile.pk/used-mobiles
Samsung Galaxy S7 edge,30000,Rs,used,https://www.bestmobile.pk/used-mobiles
Huawei p20 lite,32500,Rs,used,https://www.bestmobile.pk/used-mobiles
Grand prime plus,9500,Rs,used,https://www.bestmobile.pk/used-mobiles
vivo y81,21000,Rs,used,https://www.bestmobile.pk/used-mobiles
Lava iris fuel 60,7000,Rs,used,https://www.bestmobile.pk/used-mobiles
J5 2015,15000,Rs,used,https://www.bestmobile.pk/used-mobiles
Infinix Zero 3 in good condition,10500,Rs,used,https://www.bestmobile.pk/used-mobiles
Nokia asha 311,2000,Rs,used,https://www.bestmobile.pk/used-mobiles
SONY XPERIA,6000,Rs,used,https://www.bestmobile.pk/used-mobiles
SONY XPERIA SO-04E URGENT SALE,6000,Rs,used,https://www.bestmobile.pk/used-mobiles
Xiaomi Redmi 5 plus,18000,Rs,used,https://www.bestmobile.pk/used-mobiles
Samsung Galaxy Note 3 100% Clean And Orignal not Copy or Refurbish,12000,Rs,used,https://www.bestmobile.pk/used-mobiles
i phone 6s plus 64 gb,35000,Rs,used,https://www.bestmobile.pk/used-mobiles
Samsung J3 pro 2017 clean condition only 10000,10000,Rs,used,https://www.bestmobile.pk/used-mobiles
samsung s8 minor cracked screen,32000,Rs,used,https://www.bestmobile.pk/used-mobiles
Samsung s6 edge kit with warranty offer,25000,Rs,used,https://www.bestmobile.pk/used-mobiles
One plus 3T 128gb,35000,Rs,used,https://www.bestmobile.pk/used-mobiles
Huawei nexus 6p 32gb black,24000,Rs,used,https://www.bestmobile.pk/used-mobiles
LG Nexus 5 for Sale in Lahore,7000,Rs,used,https://www.bestmobile.pk/used-mobiles
Urgent sale LG g-2 mobile,5000,Rs,used,https://www.bestmobile.pk/used-mobiles
Sony Xperia xz 10/10,30000,Rs,used,https://www.bestmobile.pk/used-mobiles
Samsung J7 prime,23000,Rs,used,https://www.bestmobile.pk/used-mobiles
LENOVO VIBE K5 NOTE BUY FROM DUBAI RS 15000,15000,Rs,used,https://www.bestmobile.pk/used-mobiles
"New Apple Iphone X, 256GB",75000,Rs,used,https://www.bestmobile.pk/used-mobiles
Q mobile S6 edge,7800,Rs,used,https://www.bestmobile.pk/used-mobiles
Qmobile noir s6,8000,Rs,used,https://www.bestmobile.pk/used-mobiles
oppo f5 blue limited edition,30000,Rs,used,https://www.bestmobile.pk/used-mobiles
Iphone 6 128gb factory unlocked for sale,32000,Rs,used,https://www.bestmobile.pk/used-mobiles
iPhone 5s 16gb 1gb ram best candishan,15000,Rs,used,https://www.bestmobile.pk/used-mobiles
SAMSUNG GALAXY S6 (64GB),18500,Rs,used,https://www.bestmobile.pk/used-mobiles
Samsung Galaxy S7 edge with box,45000,Rs,used,https://www.bestmobile.pk/used-mobiles
iPhone 7,38000,Rs,used,https://www.bestmobile.pk/used-mobiles
I Phone 6 64GB,28000,Rs,used,https://www.bestmobile.pk/used-mobiles
iPhone 7 sale original,45000,Rs,used,https://www.bestmobile.pk/used-mobiles
QMobile z12 pro 3 gb ram 32 gb ROM,13000,Rs,used,https://www.bestmobile.pk/used-mobiles
iPhone 5s 32gb,18000,Rs,used,https://www.bestmobile.pk/used-mobiles
sony xperia z3 plus,19000,Rs,used,https://www.bestmobile.pk/used-mobiles
IPhone 5s gold 2 days battery,1850,Rs,used,https://www.bestmobile.pk/used-mobiles
Obi SF 1,10000,Rs,used,https://www.bestmobile.pk/used-mobiles
Samsung galaxy s7 edge,45000,Rs,used,https://www.bestmobile.pk/used-mobiles
Iphone 6s,45000,Rs,used,https://www.bestmobile.pk/used-mobiles
Samsung GLAXY S5,17000,Rs,used,https://www.bestmobile.pk/used-mobiles
iPhone 6s,40000,Rs,used,https://www.bestmobile.pk/used-mobiles
IPHONE 5S home used,17000,Rs,used,https://www.bestmobile.pk/used-mobiles
BlackBerry Bold 4,6500,Rs,used,https://www.bestmobile.pk/used-mobiles
Sony Z3 Compact,Call,Rs,used,https://www.bestmobile.pk/used-mobiles
Balckberry Bold 4,Call,Rs,used,https://www.bestmobile.pk/used-mobiles
Huawei honor 4c,12000,Rs,used,https://www.bestmobile.pk/used-mobiles
Huawei mobile,8000,Rs,used,https://www.bestmobile.pk/used-mobiles
Samsug Galaxy S6 edge 32 GB,22000,Rs,used,https://www.bestmobile.pk/used-mobiles
Iphone 5 16gb 8/10 condition,10000,Rs,used,https://www.bestmobile.pk/used-mobiles
Samsung c5,22000,Rs,used,https://www.bestmobile.pk/used-mobiles
iPhone 6 plus,37000,Rs,used,https://www.bestmobile.pk/used-mobiles
Samsung S6 edge 64gb sm-g925f,32000,Rs,used,https://www.bestmobile.pk/used-mobiles
Samsung galaxy grand prime,10000,Rs,used,https://www.bestmobile.pk/used-mobiles
Samsung galaxy note 3,15500,Rs,used,https://www.bestmobile.pk/used-mobiles
Sony Xperia Z3 3gb ram 32gb rom xchnga possible,17999,Rs,used,https://www.bestmobile.pk/used-mobiles
iphone 5 32gb,9000,Rs,used,https://www.bestmobile.pk/used-mobiles
