mobiles,prices,currency,new_used,web
"Apple iPhone 6Swith FaceTime- 32GB, 4G LTE, Space Gray",6720,EGP,new,https://egypt.souq.com/eg-en/mobile-phone/l/?section=2&page=1
"Apple iPhone 8 Plus with FaceTime - 64GB, 4G LTE, Space Grey",13849,EGP,new,https://egypt.souq.com/eg-en/mobile-phone/l/?section=2&page=1
"Apple iPhone 8 Plus with FaceTime - 64GB, 4G LTE, Gold",13949,EGP,new,https://egypt.souq.com/eg-en/mobile-phone/l/?section=2&page=1
"Apple iPhone 7 with FaceTime - 32GB, 4G LTE, Black",9989,EGP,new,https://egypt.souq.com/eg-en/mobile-phone/l/?section=2&page=1
"Apple iPhone X with FaceTime - 64GB, 4G LTE, Silver",16199,EGP,new,https://egypt.souq.com/eg-en/mobile-phone/l/?section=2&page=1
"Apple iPhone X with FaceTime - 256GB, 4G LTE, Space Grey",18994,EGP,new,https://egypt.souq.com/eg-en/mobile-phone/l/?section=2&page=1
"Apple iPhone Xs Max With FaceTime - 64GB, 4G LTE, Gold",22662,EGP,new,https://egypt.souq.com/eg-en/mobile-phone/l/?section=2&page=1
"Samsung Galaxy S8+ Dual Sim - 64GB, 4G LTE, Orchid Gray",9790,EGP,new,https://egypt.souq.com/eg-en/mobile-phone/l/?section=2&page=1
"Apple iPhone 6S Pluswith FaceTime- 32GB, 4G LTE, Space Gray",8549,EGP,new,https://egypt.souq.com/eg-en/mobile-phone/l/?section=2&page=1
"Samsung Galaxy S8+ Dual Sim - 64GB, 4G LTE, Midnight Black",9999,EGP,new,https://egypt.souq.com/eg-en/mobile-phone/l/?section=2&page=1
"Apple iPhone 6Swith FaceTime- 32GB, 4G LTE, Gold",6666,EGP,new,https://egypt.souq.com/eg-en/mobile-phone/l/?section=2&page=1
"Apple iPhone 6Swith FaceTime- 32GB, 4G LTE, Silver",6999,EGP,new,https://egypt.souq.com/eg-en/mobile-phone/l/?section=2&page=1
"Apple iPhone Xs With FaceTime - 64GB, 4G LTE, Space Gray",20399,EGP,new,https://egypt.souq.com/eg-en/mobile-phone/l/?section=2&page=1
"Apple iPhone 8 Plus with FaceTime - 64GB, 4G LTE, Silver",13849,EGP,new,https://egypt.souq.com/eg-en/mobile-phone/l/?section=2&page=1
"Lenovo K6 Note Dual Sim - 32GB, 3GB RAM, 4G LTE, Dark Grey",2399,EGP,new,https://egypt.souq.com/eg-en/mobile-phone/l/?section=2&page=1
"Apple iPhone Xs With FaceTime - 256GB, 4G LTE, Gold",23388,EGP,new,https://egypt.souq.com/eg-en/mobile-phone/l/?section=2&page=1
"Samsung Galaxy Note 9 Dual SIM - 128GB, 6GB RAM, 4G LTE, Midnight Black",13885,EGP,new,https://egypt.souq.com/eg-en/mobile-phone/l/?section=2&page=1
"Apple iPhone Xs Max With FaceTime - 256GB, 4G LTE, Space Gray",24992,EGP,new,https://egypt.souq.com/eg-en/mobile-phone/l/?section=2&page=1
"Samsung Galaxy S8+ Dual Sim - 64GB, 4G LTE, Maple Gold",9099,EGP,new,https://egypt.souq.com/eg-en/mobile-phone/l/?section=2&page=1
"Apple iPhone 6S Pluswith FaceTime- 32GB, 4G LTE, Gold",8899,EGP,new,https://egypt.souq.com/eg-en/mobile-phone/l/?section=2&page=1
Nokia 105 - Blue,370,,new,https://egypt.souq.com/eg-en/mobile-phone/l/?section=2&page=1
"Apple iPhone 7 Plus with FaceTime - 128GB, 4G LTE, Gold",12999,EGP,new,https://egypt.souq.com/eg-en/mobile-phone/l/?section=2&page=1
"Samsung Galaxy S8 Dual Sim - 64GB, 4G LTE, Orchid Gray",9999,EGP,new,https://egypt.souq.com/eg-en/mobile-phone/l/?section=2&page=1
"Apple iPhone 8 with FaceTime - 64GB, 4G LTE, Gold",12499,EGP,new,https://egypt.souq.com/eg-en/mobile-phone/l/?section=2&page=1
"Apple iPhone Xs With FaceTime - 64GB, 4G LTE, Silver",20399,,new,https://egypt.souq.com/eg-en/mobile-phone/l/?section=2&page=1
"Samsung Galaxy Note 8 Dual SIM - 64GB, 6GB RAM, 4G LTE, Orchid Grey",10395,EGP,new,https://egypt.souq.com/eg-en/mobile-phone/l/?section=2&page=1
"Apple iPhone 8 with FaceTime - 64GB, 4G LTE, Space Grey",12499,EGP,new,https://egypt.souq.com/eg-en/mobile-phone/l/?section=2&page=1
"Samsung Galaxy S7 Edge Dual Sim - 32GB, 4GB RAM, 4G LTE, Gold",7900,EGP,new,https://egypt.souq.com/eg-en/mobile-phone/l/?section=2&page=1
"Apple iPhone 6S Pluswith FaceTime- 64GB, 4G LTE, Rose Gold",9799,EGP,new,https://egypt.souq.com/eg-en/mobile-phone/l/?section=2&page=1
"Apple iPhone 7 with FaceTime - 256GB, 4G LTE, Gold",12769,EGP,new,https://egypt.souq.com/eg-en/mobile-phone/l/?section=2&page=1
"Samsung Galaxy S7 Edge Dual Sim - 32GB, 4GB RAM, 4G LTE, Black",10015,EGP,new,https://egypt.souq.com/eg-en/mobile-phone/l/?section=2&page=1
"Huawei Mate 10 Pro Dual SIM - 128GB, 6GB RAM, 4G LTE, Mocha Brown",9650,EGP,new,https://egypt.souq.com/eg-en/mobile-phone/l/?section=2&page=1
"Apple iPhone 7 with FaceTime - 32GB, 4G LTE, Rose Gold",10997,EGP,new,https://egypt.souq.com/eg-en/mobile-phone/l/?section=2&page=1
"Samsung Galaxy S8 Dual Sim - 64GB, 4G LTE, Midnight Black",8498,EGP,new,https://egypt.souq.com/eg-en/mobile-phone/l/?section=2&page=1
"Apple iPhone 8 Plus with FaceTime - 64GB, 4G LTE, Red",14900,EGP,new,https://egypt.souq.com/eg-en/mobile-phone/l/?section=2&page=1
"Huawei Mate 10 Pro Dual SIM - 128GB, 6GB RAM, 4G LTE, Titanium Gray",9699,EGP,new,https://egypt.souq.com/eg-en/mobile-phone/l/?section=2&page=1
"Motorola Moto Z Play - 32GB, 3GB RAM, 4G LTE, White",5905,EGP,new,https://egypt.souq.com/eg-en/mobile-phone/l/?section=2&page=1
"Samsung Galaxy S7 Edge - 32GB, 4GB RAM, 4G LTE, Gold",6999,EGP,new,https://egypt.souq.com/eg-en/mobile-phone/l/?section=2&page=1
"Apple iPhone 6S Pluswith FaceTime- 64GB, 4G LTE, Silver",11498,EGP,new,https://egypt.souq.com/eg-en/mobile-phone/l/?section=2&page=1
"Samsung Galaxy S8+ - 64GB, 4G LTE,Midnight Black",9999,EGP,new,https://egypt.souq.com/eg-en/mobile-phone/l/?section=2&page=1
"Samsung Galaxy S7 Edge Dual Sim - 32GB, 4GB RAM, 4G LTE, Silver",8748,EGP,new,https://egypt.souq.com/eg-en/mobile-phone/l/?section=2&page=1
"Apple iPhone 7 Plus with FaceTime - 128GB, 4G LTE, Black",12883,EGP,new,https://egypt.souq.com/eg-en/mobile-phone/l/?section=2&page=1
Nokia 1110I,299,EGP,new,https://egypt.souq.com/eg-en/mobile-phone/l/?section=2&page=1
"Apple iPhone 6 with FaceTime - 64GB, 4G LTE, Silver",7000,EGP,new,https://egypt.souq.com/eg-en/mobile-phone/l/?section=2&page=1
"Apple iPhone 7 Plus with FaceTime - 128GB, 4G LTE, Rose Gold",13998,EGP,new,https://egypt.souq.com/eg-en/mobile-phone/l/?section=2&page=1
"HUAWEI MATE 20 PRO Dual Sim - 128GB, 4G LTE, BLACK",21499,EGP,new,https://egypt.souq.com/eg-en/mobile-phone/l/?section=2&page=1
"Motorola Moto E4 Plus Dual SIM - 16GB, 3GB RAM, 4G LTE, Fine Gold",2299,EGP,new,https://egypt.souq.com/eg-en/mobile-phone/l/?section=2&page=1
"Lenovo K6 Note Dual Sim - 32GB, 3GB RAM, 4G LTE, Gold",4000,EGP,new,https://egypt.souq.com/eg-en/mobile-phone/l/?section=2&page=1
"Samsung Galaxy S8 Single Sim - 64GB, 4G LTE, Orchid Gray",7999,EGP,new,https://egypt.souq.com/eg-en/mobile-phone/l/?section=2&page=1
"Apple iPhone 6 with FaceTime - 64GB, 4G LTE, Gold",6999,EGP,new,https://egypt.souq.com/eg-en/mobile-phone/l/?section=2&page=1
"Samsung Galaxy S7 Edge - 32GB, 4GB RAM, 4G LTE, Silver",7999,EGP,new,https://egypt.souq.com/eg-en/mobile-phone/l/?section=2&page=1
"Apple iPhone X without FaceTime - 64GB, 4G LTE, Space Grey",16998,EGP,new,https://egypt.souq.com/eg-en/mobile-phone/l/?section=2&page=1
"Huawei Mate 10 Pro Dual SIM - 128GB, 6GB RAM, 4G LTE, Midnight Blue",20000,EGP,new,https://egypt.souq.com/eg-en/mobile-phone/l/?section=2&page=1
"Apple iPhone 7 with FaceTime - 256GB, 4G LTE, Silver",13500,EGP,new,https://egypt.souq.com/eg-en/mobile-phone/l/?section=2&page=1
"Samsung Galaxy S7 - 32GB, 4GB RAM, 4G LTE, Gold",7999,,new,https://egypt.souq.com/eg-en/mobile-phone/l/?section=2&page=1
"Apple iPhone 6Swith FaceTime- 64GB, 4G LTE, Rose Gold",7650,EGP,new,https://egypt.souq.com/eg-en/mobile-phone/l/?section=2&page=1
Nokia 1110,300,EGP,new,https://egypt.souq.com/eg-en/mobile-phone/l/?section=2&page=1
"Samsung Galaxy A5 2017 Dual Sim - 32GB, 4G LTE, Black",5200,EGP,new,https://egypt.souq.com/eg-en/mobile-phone/l/?section=2&page=1
"Samsung Galaxy S8 Single Sim - 64GB, 4G LTE, Midnight Black",8900,EGP,new,https://egypt.souq.com/eg-en/mobile-phone/l/?section=2&page=1
"HUAWEI MATE 20 PRO Dual Sim - 128GB, 4G LTE, TWILIGHT",19750,EGP,new,https://egypt.souq.com/eg-en/mobile-phone/l/?section=2&page=1
"HTC Desire 12+ Dual SIM - 32GB, 3GB RAM, 4G LTE, Warm Silver",2888,EGP,new,https://egypt.souq.com/eg-en/mobile-phone/l/?section=2&page=1
"Apple iPhone XR Dual SIM With Face Time - 64GB, 4G LTE, Black",18399,EGP,new,https://egypt.souq.com/eg-en/mobile-phone/l/?section=2&page=1
"Samsung Galaxy Note 9 Dual SIM - 128GB, 6GB RAM, 4G LTE, Ocean Blue",13799,EGP,new,https://egypt.souq.com/eg-en/mobile-phone/l/?section=2&page=1
"Samsung Galaxy A7 2018 Dual SIM - 128GB, 4GB RAM, 4G LTE, Blue",5777,EGP,new,https://egypt.souq.com/eg-en/mobile-phone/l/?section=2&page=1
"Sony Xperia XA1 Ultra Dual SIM - 32GB, 4GB RAM, 4G LTE, Gold",3550,EGP,new,https://egypt.souq.com/eg-en/mobile-phone/l/?section=2&page=1
"Apple iPhone XR Dual SIM With Face Time - 128GB, 4G LTE, White",20000,EGP,new,https://egypt.souq.com/eg-en/mobile-phone/l/?section=2&page=1
"Nokia 230 Dual Sim - 2.8 Inch, 16MB RAM, GSM, Dark Silver",1550,EGP,new,https://egypt.souq.com/eg-en/mobile-phone/l/?section=2&page=1
"Sony Xperia XZ1 Dual Sim - 64 GB, 4GB RAM, 4G LTE, Moonlight Blue",5550,EGP,new,https://egypt.souq.com/eg-en/mobile-phone/l/?section=2&page=1
"Samsung Galaxy J5 Prime Dual Sim - 16GB, 2GB, 4G LTE, Black",2650,EGP,new,https://egypt.souq.com/eg-en/mobile-phone/l/?section=2&page=1
"HTC U Play Dual SIM - 64GB, 4GB RAM, 4G LTE, Sapphire Blue",3199,EGP,new,https://egypt.souq.com/eg-en/mobile-phone/l/?section=2&page=1
"Samsung Galaxy J3 Pro Dual SIM - 16 GB, 4G LTE, Gold",2765,EGP,new,https://egypt.souq.com/eg-en/mobile-phone/l/?section=2&page=1
"Oppo A3S Dual SIM - 16GB, 2GB RAM, 4G LTE, Red",2799,EGP,new,https://egypt.souq.com/eg-en/mobile-phone/l/?section=2&page=1
"Samsung Galaxy A7 2018 Dual SIM - 128GB, 4GB RAM, 4G LTE, Gold",6599,EGP,new,https://egypt.souq.com/eg-en/mobile-phone/l/?section=2&page=1
"Philips S307 Dual Sim - 4GB, 3G, Wifi, Grey",899,EGP,new,https://egypt.souq.com/eg-en/mobile-phone/l/?section=2&page=1
"Oppo A3S Dual SIM - 16GB, 2GB RAM, 4G LTE, Purple",2849,EGP,new,https://egypt.souq.com/eg-en/mobile-phone/l/?section=2&page=1
"HUAWEI MATE 20 PRO Dual Sim - 128GB, 4G LTE, EMERALD GREEN",17750,EGP,new,https://egypt.souq.com/eg-en/mobile-phone/l/?section=2&page=1
"Huawei Mate 10 Lite Dual SIM - 64GB, 4GB RAM, 4G LTE, Black",4450,EGP,new,https://egypt.souq.com/eg-en/mobile-phone/l/?section=2&page=1
"Infinix Zero3 X552 Dual Sim - 16GB, 4G LTE, Anthracite Gray",2444,EGP,new,https://egypt.souq.com/eg-en/mobile-phone/l/?section=2&page=1
"Nokia 8 Dual SIM - 64GB, 4GB RAM, 4G LTE, Steel",5199,EGP,new,https://egypt.souq.com/eg-en/mobile-phone/l/?section=2&page=1
"Samsung Galaxy J5 Prime Dual Sim - 16GB, 2GB, 4G LTE, Gold",2845,,new,https://egypt.souq.com/eg-en/mobile-phone/l/?section=2&page=1
"Samsung Galaxy A7 2017 Dual Sim - 32GB, 4G LTE, Gold",5350,EGP,new,https://egypt.souq.com/eg-en/mobile-phone/l/?section=2&page=1
"Honor 8X Dual SIM - 128GB, 4GB RAM, 4G LTE, Black",5444,EGP,new,https://egypt.souq.com/eg-en/mobile-phone/l/?section=2&page=1
"Honor 8X Dual SIM - 128GB, 4GB RAM, 4G LTE, Blue",4999,EGP,new,https://egypt.souq.com/eg-en/mobile-phone/l/?section=2&page=1
"Motorola Moto G5 Dual Sim - 16GB, 3GB RAM, 4G LTE, Fine Gold",3000,EGP,new,https://egypt.souq.com/eg-en/mobile-phone/l/?section=2&page=1
"Xiaomi Redmi 6A Dual SIM - 16GB, 2GB RAM, 4G LTE, Gold - International Version",1850,EGP,new,https://egypt.souq.com/eg-en/mobile-phone/l/?section=2&page=1
"Huawei Mate 10 Dual SIM - 64GB, 4GB RAM, 4G LTE, Mocha Brown",7999,EGP,new,https://egypt.souq.com/eg-en/mobile-phone/l/?section=2&page=1
"Samsung Galaxy S8 Dual Sim - 64GB, 4G LTE, Maple Gold",9999,EGP,new,https://egypt.souq.com/eg-en/mobile-phone/l/?section=2&page=1
"BlackBerry Keyone Bronze Edition Dual SIM - 64GB, 4GB RAM, 4G LTE, En-Ar Keyboard, Bronze",7999,EGP,new,https://egypt.souq.com/eg-en/mobile-phone/l/?section=2&page=1
"Huawei Mate 10 Dual SIM - 64GB, 4GB RAM, 4G LTE, Black",7999,EGP,new,https://egypt.souq.com/eg-en/mobile-phone/l/?section=2&page=1
"Samsung Galaxy A7 2018 Dual SIM - 128GB, 4GB RAM, 4G LTE, Black",5800,EGP,new,https://egypt.souq.com/eg-en/mobile-phone/l/?section=2&page=1
"Xiaomi Redmi 6 Dual SIM - 64GB, 4GB RAM, 4G LTE, Blue - International Version",3399,,new,https://egypt.souq.com/eg-en/mobile-phone/l/?section=2&page=1
"Apple iPhone Xs Max Dual SIM With FaceTime - 64GB, 4G LTE, Silver",26800,EGP,new,https://egypt.souq.com/eg-en/mobile-phone/l/?section=2&page=1
"HTC U 11 Dual SIM - 128GB, 6GB RAM, 4G LTE, Amazing Silver",6799,EGP,new,https://egypt.souq.com/eg-en/mobile-phone/l/?section=2&page=1
"Sony Xperia XZ1 Dual Sim - 64 GB, 4GB RAM, 4G LTE, Black",5550,EGP,new,https://egypt.souq.com/eg-en/mobile-phone/l/?section=2&page=1
"Philips S307 Dual Sim - 4GB, 3G, Wifi, Yellow",899,EGP,new,https://egypt.souq.com/eg-en/mobile-phone/l/?section=2&page=1
"HTC Desire 10 Pro Dual Sim - 64GB, 4GB RAM, 4G LTE, Royal Blue",3349,EGP,new,https://egypt.souq.com/eg-en/mobile-phone/l/?section=2&page=1
"Huawei Mate 10 Lite Dual SIM - 64GB, 4GB RAM, 4G LTE, Gold",4450,EGP,new,https://egypt.souq.com/eg-en/mobile-phone/l/?section=2&page=1
"HTC Desire 10 Lifestyle Dual Sim - 32GB, 3GB RAM, 4G LTE, Polar White",2559,EGP,new,https://egypt.souq.com/eg-en/mobile-phone/l/?section=2&page=1
"HTC Desire 830 Dual Sim - 32GB, 3GB RAM, 4G LTE, Gold/Black",3499,EGP,new,https://egypt.souq.com/eg-en/mobile-phone/l/?section=2&page=1
"Samsung Galaxy S8+ Dual Sim - 64GB, 4G LTE, Coral Blue",9098,EGP,new,https://egypt.souq.com/eg-en/mobile-phone/l/?section=2&page=1
"Motorola Moto C Plus Dual SIM - 16GB, 2GB RAM, 4G LTE, Fine Gold",1750,EGP,new,https://egypt.souq.com/eg-en/mobile-phone/l/?section=2&page=1
"Nokia 2.1 Dual SIM - 8GB, 1GB RAM, 4G LTE, Blue/Silver",1529,EGP,new,https://egypt.souq.com/eg-en/mobile-phone/l/?section=2&page=1
"Samsung Galaxy S8+ - 64GB, 4G LTE, Maple Gold",10299,EGP,new,https://egypt.souq.com/eg-en/mobile-phone/l/?section=2&page=1
"HUAWEI MATE 20 Dual Sim - 128GB, 4G LTE, BLACK",12000,EGP,new,https://egypt.souq.com/eg-en/mobile-phone/l/?section=2&page=1
"Huawei Nova 3i Dual SIM - 128GB, 4GB RAM, 4G LTE, Iris Purple",5555,EGP,new,https://egypt.souq.com/eg-en/mobile-phone/l/?section=2&page=1
"Sony Xperia L2 Dual SIM - 32GB, 3GB RAM, 4G LTE, Black",2999,EGP,new,https://egypt.souq.com/eg-en/mobile-phone/l/?section=2&page=1
"Sony Xperia XA1 Ultra Dual SIM - 32GB, 4GB RAM, 4G LTE, Black",3550,EGP,new,https://egypt.souq.com/eg-en/mobile-phone/l/?section=2&page=1
"HTC10Evo- 32GB, 3GB RAM, 4G LTE, Gold",3355,EGP,new,https://egypt.souq.com/eg-en/mobile-phone/l/?section=2&page=1
"HTC One X9 Dual Sim - 32GB, 4G LTE, Opal Silver",5200,EGP,new,https://egypt.souq.com/eg-en/mobile-phone/l/?section=2&page=1
"LG V10 - 64GB, 4GB RAM, 4G LTE, Space Black",5500,EGP,new,https://egypt.souq.com/eg-en/mobile-phone/l/?section=2&page=1
"Sony Xperia XA1 Plus Dual Sim - 32GB, 4GB RAM, 4G LTE - Gold",3550,EGP,new,https://egypt.souq.com/eg-en/mobile-phone/l/?section=2&page=1
"Apple iPhone 6S Plus with FaceTime - 128GB, 4G LTE, Rose Gold",10900,EGP,new,https://egypt.souq.com/eg-en/mobile-phone/l/?section=2&page=1
"Apple iPhone 6 with FaceTime - 32GB, 4G LTE, Space Gray",6999,EGP,new,https://egypt.souq.com/eg-en/mobile-phone/l/?section=2&page=1
"OnePlus 6 Dual Sim - 128GB, 8GB RAM, 4G LTE, Midnight Black",10999,EGP,new,https://egypt.souq.com/eg-en/mobile-phone/l/?section=2&page=1
"Honor 7C Dual SIM – 32GB, 3GB RAM, 4G LTE, Blue",3333,EGP,new,https://egypt.souq.com/eg-en/mobile-phone/l/?section=2&page=1
"Xiaomi Mi A2 Dual SIM - 32GB, 4GB RAM, 4G LTE, Gold – International Version",4275,EGP,new,https://egypt.souq.com/eg-en/mobile-phone/l/?section=2&page=1
"Infinix Zero3 X552 Dual Sim - 16GB, 4G LTE, Luxurious Gold",2150,EGP,new,https://egypt.souq.com/eg-en/mobile-phone/l/?section=2&page=1
"Sony Xperia XZ Premium Dual SIM - 64GB, 4GB RAM, 4G LTE, Deepsea Black",6666,EGP,new,https://egypt.souq.com/eg-en/mobile-phone/l/?section=2&page=1
"HTC U Play Dual SIM - 64GB, 4GB RAM, 4G LTE, Brilliant Black",3199,EGP,new,https://egypt.souq.com/eg-en/mobile-phone/l/?section=2&page=1
"Nokia 3310 2017 Dual SIM - 16MB, 2G, 2 MP, Yellow",875,EGP,new,https://egypt.souq.com/eg-en/mobile-phone/l/?section=2&page=1
"Samsung Grand Prime Plus Dual Sim - 8GB, 1.5GB RAM, 4G LTE, Gold",1850,EGP,new,https://egypt.souq.com/eg-en/mobile-phone/l/?section=2&page=1
"Lenovo K320T Dual SIM - 16GB, 2GB RAM, 4G LTE, Black",1899,EGP,new,https://egypt.souq.com/eg-en/mobile-phone/l/?section=2&page=1
"Apple iPhone SE with FaceTime - 32GB, 4G LTE, Gold",5219,EGP,new,https://egypt.souq.com/eg-en/mobile-phone/l/?section=2&page=1
"Samsung Galaxy J7 Prime Dual Sim - 16GB, 3GB, 4G LTE, Black",3140,EGP,new,https://egypt.souq.com/eg-en/mobile-phone/l/?section=2&page=1
"Sony Xperia X Dual SIM - 64 GB, 3GB, 4G LTE, WiFi, White",3333,EGP,new,https://egypt.souq.com/eg-en/mobile-phone/l/?section=2&page=1
"HTC U12+ Dual SIM - 128GB, 6GB RAM, 4G LTE, Ceramic Black",10990,EGP,new,https://egypt.souq.com/eg-en/mobile-phone/l/?section=2&page=1
"Honor 8C Dual Sim - 32GB, 3G RAM, 4G LTE, Blue",3499,EGP,new,https://egypt.souq.com/eg-en/mobile-phone/l/?section=2&page=1
"LG K10 2017 Dual SIM - 16GB, 2GB RAM, 4G LTE, Gold",1777,EGP,new,https://egypt.souq.com/eg-en/mobile-phone/l/?section=2&page=1
"Samsung Galaxy J6 Plus Dual Sim - 32GB, 4G LTE, Black",2849,EGP,new,https://egypt.souq.com/eg-en/mobile-phone/l/?section=2&page=1
"Sony Xperia L1 Dual SIM - 16GB, 2GB RAM, 4G LTE, White",2399,EGP,new,https://egypt.souq.com/eg-en/mobile-phone/l/?section=2&page=1
Lava P181 Dual Sim GSM With Powerful Battery For non-Stop Action - Black,320,EGP,new,https://egypt.souq.com/eg-en/mobile-phone/l/?section=2&page=1
"Alcatel 3C 5026 Dual SIM - 16GB, 1GB RAM, 3G, Black",1505,EGP,new,https://egypt.souq.com/eg-en/mobile-phone/l/?section=2&page=1
"Huawei Y3 2017 Dual SIM -  8GB, 1GB RAM, 3G, Grey",1575,EGP,new,https://egypt.souq.com/eg-en/mobile-phone/l/?section=2&page=1
"OnePlus 6T Dual Sim - 128GB, 6GB RAM, 4G LTE, Mirror Black",11099,EGP,new,https://egypt.souq.com/eg-en/mobile-phone/l/?section=2&page=1
"Xiaomi Mi A2 Dual SIM - 32GB, 4GB RAM, 4G LTE, Black – International Version",4299,EGP,new,https://egypt.souq.com/eg-en/mobile-phone/l/?section=2&page=1
"Samsung Galaxy S8+ - 64GB, 4G LTE, Coral Blue",10599,EGP,new,https://egypt.souq.com/eg-en/mobile-phone/l/?section=2&page=1
"Samsung Galaxy S8 Dual Sim - 64GB, 4G LTE, Coral Blue",8555,EGP,new,https://egypt.souq.com/eg-en/mobile-phone/l/?section=2&page=1
"Lenovo K8 Note Dual Sim - 64GB, 4GB RAM, 4G LTE, Fine Gold",2899,EGP,new,https://egypt.souq.com/eg-en/mobile-phone/l/?section=2&page=1
"Apple iPhone XR with Face Time - 64GB, 4G LTE, Red",16499,EGP,new,https://egypt.souq.com/eg-en/mobile-phone/l/?section=2&page=1
"Nokia 8 Dual SIM - 64GB, 4GB RAM, 4G LTE, Tempered Blue",5999,EGP,new,https://egypt.souq.com/eg-en/mobile-phone/l/?section=2&page=1
"Sony Xperia XZ Premium Dual SIM - 64GB, 4GB RAM, 4G LTE, Luminous Chrome",6666,EGP,new,https://egypt.souq.com/eg-en/mobile-phone/l/?section=2&page=1
"Xiaomi Mi Mix 2 Dual SIM - 64GB, 6GB RAM, 4G LTE, Black - International Version",7999,EGP,new,https://egypt.souq.com/eg-en/mobile-phone/l/?section=2&page=1
"Samsung Galaxy Note 9 Dual SIM - 128GB, 6GB RAM, 4G LTE, Lavender Purple",13998,EGP,new,https://egypt.souq.com/eg-en/mobile-phone/l/?section=2&page=1
"HUAWEI Mate 20 Dual Sim - 128GB, 4G LTE, MIDNIGHT BLUE",11787,EGP,new,https://egypt.souq.com/eg-en/mobile-phone/l/?section=2&page=1
"Apple iPhone 6S Pluswithout FaceTime- 32GB, 4G LTE, Space Gray",8899,EGP,new,https://egypt.souq.com/eg-en/mobile-phone/l/?section=2&page=1
"Samsung Grand Prime Plus Dual Sim - 8GB, 1.5GB RAM, 4G LTE, Silver",1850,EGP,new,https://egypt.souq.com/eg-en/mobile-phone/l/?section=2&page=1
"Xiaomi Redmi 6A Dual SIM - 16GB, 2GB RAM, 4G LTE, Black - International Version",1798,EGP,new,https://egypt.souq.com/eg-en/mobile-phone/l/?section=2&page=1
"Samsung Galaxy Grand Prime Pro Dual SIM - 16GB, 1.5GB RAM, 4G LTE, Black",1999,EGP,new,https://egypt.souq.com/eg-en/mobile-phone/l/?section=2&page=1
"HTC Desire 630 Dual SIM - 16 GB, 2 GB, 3G, WiFi, Stratus White",3129,EGP,new,https://egypt.souq.com/eg-en/mobile-phone/l/?section=2&page=1
"Apple iPhone 6Swithout FaceTime- 32GB, 4G LTE, Space Gray",7299,EGP,new,https://egypt.souq.com/eg-en/mobile-phone/l/?section=2&page=1
"Huawei P10 Lite Dual Sim - 32GB, 4GB RAM, 4G LTE, Sapphire Blue",4249,EGP,new,https://egypt.souq.com/eg-en/mobile-phone/l/?section=2&page=1
"Nokia 230 Dual Sim - 2.8 Inch, 16MB RAM, GSM, Silver",1499,EGP,new,https://egypt.souq.com/eg-en/mobile-phone/l/?section=2&page=1
"Huawei P20 Lite Dual SIM - 64GB, 4GB RAM, 4G LTE, Klein Blue",4444,EGP,new,https://egypt.souq.com/eg-en/mobile-phone/l/?section=2&page=1
"Apple iPhone XR with Face Time - 64GB, 4G LTE, Yellow",17399,EGP,new,https://egypt.souq.com/eg-en/mobile-phone/l/?section=2&page=1
"Samsung Galaxy J6 Plus Dual Sim - 32GB, 4G LTE, Grey",2888,EGP,new,https://egypt.souq.com/eg-en/mobile-phone/l/?section=2&page=1
"Apple iPhone 6 Plus With FaceTime - 128GB, 1GB, 4G LTE, Space Gray",9000,EGP,new,https://egypt.souq.com/eg-en/mobile-phone/l/?section=2&page=1
"Huawei P10 Lite Dual Sim - 32GB, 4GB RAM, 4G LTE, Platinum Gold",4325,EGP,new,https://egypt.souq.com/eg-en/mobile-phone/l/?section=2&page=1
"Sony Xperia XZ1 Dual Sim - 64 GB, 4GB RAM, 4G LTE, Warm Silver",5550,EGP,new,https://egypt.souq.com/eg-en/mobile-phone/l/?section=2&page=1
"Apple iPhone 7 Plus with FaceTime - 128GB, 4G LTE, Silver",14429,EGP,new,https://egypt.souq.com/eg-en/mobile-phone/l/?section=2&page=1
"Motorola Moto Z - 32GB, 4GB RAM, 4G LTE, White/Fine Gold",4999,EGP,new,https://egypt.souq.com/eg-en/mobile-phone/l/?section=2&page=1
"Samsung Galaxy J4 Plus Dual Sim - 32GB, 4G LTE, Black",2498,EGP,new,https://egypt.souq.com/eg-en/mobile-phone/l/?section=2&page=1
"Nokia 3 Dual Sim - 16GB, 2GB RAM, 4G LTE, Matte Black",2375,EGP,new,https://egypt.souq.com/eg-en/mobile-phone/l/?section=2&page=1
"Huawei Honor 6X Dual SIM - 32 GB, 3GB RAM, 4G LTE, WiFi, Gold",3555,EGP,new,https://egypt.souq.com/eg-en/mobile-phone/l/?section=2&page=1
"Sony Xperia Z5 Dual Sim - 32GB, 3GB RAM, 4G LTE, Gold",2999,EGP,new,https://egypt.souq.com/eg-en/mobile-phone/l/?section=2&page=1
"Huawei Y6 II Dual Sim , 16GB , 2GB RAM, 4G LTE ,  Gold",2500,EGP,new,https://egypt.souq.com/eg-en/mobile-phone/l/?section=2&page=1
"Infinix Hot S3 X573 Dual SIM - 32GB, 3GB RAM, 4G LTE, Sandstone Black",2777,EGP,new,https://egypt.souq.com/eg-en/mobile-phone/l/?section=2&page=1
"Sony Xperia XA1 Ultra Dual SIM - 32GB, 4GB RAM, 4G LTE, Pink",3444,EGP,new,https://egypt.souq.com/eg-en/mobile-phone/l/?section=2&page=1
"Samsung Galaxy S9+ Dual Sim - 128GB, 6GB Ram, 4G LTE, Midnight Black - Middle East Version",12455,EGP,new,https://egypt.souq.com/eg-en/mobile-phone/l/?section=2&page=1
"Samsung Galaxy J4 Plus Dual Sim - 32GB, 4G LTE, Gold",2448,EGP,new,https://egypt.souq.com/eg-en/mobile-phone/l/?section=2&page=1
"Sony Xperia Z5 Dual Sim - 32GB, 3GB RAM, 4G LTE, Black",2999,EGP,new,https://egypt.souq.com/eg-en/mobile-phone/l/?section=2&page=1
"Huawei Honor 5X Dual Sim - 16GB, 3GB RAM, 4G LTE, Gold",2770,EGP,new,https://egypt.souq.com/eg-en/mobile-phone/l/?section=2&page=1
"Samsung Galaxy A7 2017 Dual Sim - 32GB, 4G LTE, Blue",5200,EGP,new,https://egypt.souq.com/eg-en/mobile-phone/l/?section=2&page=1
"LG Stylus 2 K520DY Dual Sim - 16GB, 2GB, 4G LTE, White",2222,EGP,new,https://egypt.souq.com/eg-en/mobile-phone/l/?section=2&page=1
"Samsung Galaxy Note 8 Single SIM - 64GB, 6GB RAM, 4G LTE, Maple Gold",11700,EGP,new,https://egypt.souq.com/eg-en/mobile-phone/l/?section=2&page=1
"LG Stylus 2 K520DY Dual Sim - 16GB, 2GB, 4G LTE, Brown",2222,EGP,new,https://egypt.souq.com/eg-en/mobile-phone/l/?section=2&page=1
Nokia 5030 Xpressradio,575,EGP,new,https://egypt.souq.com/eg-en/mobile-phone/l/?section=2&page=1
"Xiaomi Redmi 6 Dual SIM - 64GB, 4GB RAM, 4G LTE, Gold - International Version",3170,EGP,new,https://egypt.souq.com/eg-en/mobile-phone/l/?section=2&page=1
"Motorola Moto Z Dual SIM - 32GB, 4GB RAM, 4G LTE, White/Fine Gold",3999,EGP,new,https://egypt.souq.com/eg-en/mobile-phone/l/?section=2&page=1
"Motorola Moto E4 Dual SIM - 16GB, 2GB RAM, 4G LTE, Iron Gray",2135,EGP,new,https://egypt.souq.com/eg-en/mobile-phone/l/?section=2&page=1
"Apple iPhone XR with Face Time - 128GB, 4G LTE, White",18249,EGP,new,https://egypt.souq.com/eg-en/mobile-phone/l/?section=2&page=1
"Samsung Galaxy S10 Plus Dual Sim - 128GB, 8GB RAM, 4G LTE, Prism Green",18179,EGP,new,https://egypt.souq.com/eg-en/mobile-phone/l/?section=2&page=1
"Sony Xperia XZ1 Dual Sim - 64 GB, 4GB RAM, 4G LTE, Venus Pink",5550,EGP,new,https://egypt.souq.com/eg-en/mobile-phone/l/?section=2&page=1
"Huawei Honor 6X Dual SIM - 32 GB, 3GB RAM, 4G LTE, WiFi, Silver",3555,EGP,new,https://egypt.souq.com/eg-en/mobile-phone/l/?section=2&page=1
"Huawei Y6 Prime 2018 Dual SIM - 16GB, 2GB RAM, 4G LTE, Black",2999,EGP,new,https://egypt.souq.com/eg-en/mobile-phone/l/?section=2&page=1
NOKIA 150 DUAL SIM COLOR White,629,,new,https://egypt.souq.com/eg-en/mobile-phone/l/?section=2&page=1
"Samsung Galaxy S10 Dual Sim - 128GB, 8GB, 4G LTE, Prism Black",16419,EGP,new,https://egypt.souq.com/eg-en/mobile-phone/l/?section=2&page=1
"Xiaomi Mi A2 Lite Dual SIM - 64GB, 4GB RAM, 4G LTE, Gold – International Version",3699,EGP,new,https://egypt.souq.com/eg-en/mobile-phone/l/?section=2&page=1
"Xiaomi Redmi Note 6 Pro Dual SIM - 64GB, 4GB RAM, 4G LTE, Black – International Version",4599,EGP,new,https://egypt.souq.com/eg-en/mobile-phone/l/?section=2&page=1
"Nokia 6 - 32GB, 3GB RAM, 4G LTE, Matte Black",3469,EGP,new,https://egypt.souq.com/eg-en/mobile-phone/l/?section=2&page=1
"Sony Xperia XA1 Ultra Dual SIM - 32GB, 4GB RAM, 4G LTE, White",3659,EGP,new,https://egypt.souq.com/eg-en/mobile-phone/l/?section=2&page=1
"Infinix Note 4B X572B Dual SIM - 32GB, 3GB RAM, 4G LTE, Champagne Gold",3263,EGP,new,https://egypt.souq.com/eg-en/mobile-phone/l/?section=2&page=1
"Google Pixel 2 XL - 128GB, 4GB RAM, 4G LTE, Just Black",15999,EGP,new,https://egypt.souq.com/eg-en/mobile-phone/l/?section=2&page=1
"Xiaomi Mi A2 Lite Dual SIM - 64GB, 4GB RAM, 4G LTE, Black – International Version",3777,EGP,new,https://egypt.souq.com/eg-en/mobile-phone/l/?section=2&page=1
"Apple iPhone 6 without FaceTime - 32GB, 4G LTE, Space Gray",7299,EGP,new,https://egypt.souq.com/eg-en/mobile-phone/l/?section=2&page=1
"Xiaomi Mi A2 Lite Dual SIM - 64GB, 4GB RAM, 4G LTE, Blue – International Version",3699,EGP,new,https://egypt.souq.com/eg-en/mobile-phone/l/?section=2&page=1
"Nokia 6.1 TA-1043 Dual SIM - 32GB, 3GB RAM, 4G LTE, Black",2999,EGP,new,https://egypt.souq.com/eg-en/mobile-phone/l/?section=2&page=1
"Nokia 105  4MB , 2G , White",399,EGP,new,https://egypt.souq.com/eg-en/mobile-phone/l/?section=2&page=1
"Samsung Galaxy J4 Plus Dual Sim - 32GB, 4G LTE, Pink",2479,EGP,new,https://egypt.souq.com/eg-en/mobile-phone/l/?section=2&page=1
"Sony Xperia XA2 Dual SIM - 32GB, 3GB RAM, 4G LTE, Black",4500,EGP,new,https://egypt.souq.com/eg-en/mobile-phone/l/?section=2&page=1
"Apple iPhone X without FaceTime - 256GB, 4G LTE, Silver",20998,EGP,new,https://egypt.souq.com/eg-en/mobile-phone/l/?section=2&page=1
"Google Pixel 3 XL - 128GB, 4GB RAM, 4G LTE, Just Black",19000,EGP,new,https://egypt.souq.com/eg-en/mobile-phone/l/?section=2&page=1
"Honor 7S Dual SIM - 16GB, 2GB RAM, 4G LTE, Gold",2040,EGP,new,https://egypt.souq.com/eg-en/mobile-phone/l/?section=2&page=1
"Honor 7S Dual SIM - 16GB, 2GB RAM, 4G LTE, Black",2040,EGP,new,https://egypt.souq.com/eg-en/mobile-phone/l/?section=2&page=1
"Meizu M6 Note Dual SIM - 32GB, 3GB RAM, 4G LTE, Black",2499,EGP,new,https://egypt.souq.com/eg-en/mobile-phone/l/?section=2&page=1
"Sony Xperia XA Dual SIM - 16 GB, 2 GB, 4G LTE, WiFi, Rose Gold",2199,EGP,new,https://egypt.souq.com/eg-en/mobile-phone/l/?section=2&page=1
"Alcatel 1 - 8GB, 1GB RAM, 4G LTE, Metallic Blue",1025,EGP,new,https://egypt.souq.com/eg-en/mobile-phone/l/?section=2&page=1
"NOKIA 105 (2017) , 4MB, Single SIM, Black",385,EGP,new,https://egypt.souq.com/eg-en/mobile-phone/l/?section=2&page=1
"Samsung Galaxy J7 Core Single SIM - 16GB, 2GB RAM, 4G LTE, Black",3050,EGP,new,https://egypt.souq.com/eg-en/mobile-phone/l/?section=2&page=1
"Infinix Smart 2 Pro Dual SIM - 16GB, 2GB RAM, 4G LTE, Black",2150,EGP,new,https://egypt.souq.com/eg-en/mobile-phone/l/?section=2&page=1
"Samsung Galaxy Note FE Dual SIM - 64GB, 4GB RAM, 4G LTE, Blue Coral",9200,EGP,new,https://egypt.souq.com/eg-en/mobile-phone/l/?section=2&page=1
"Xiaomi Redmi Note 5AI EditionDual SIM - 64GB, 4GB RAM, 4G LTE,Black",4149,EGP,new,https://egypt.souq.com/eg-en/mobile-phone/l/?section=2&page=1
"Gionee F103 Pro Dual SIM - 16 GB, 3 GB RAM, 4G LTE, Gold",1611,EGP,new,https://egypt.souq.com/eg-en/mobile-phone/l/?section=2&page=1
"Huawei P20 Pro - 128GB, 6GB RAM, 4G LTE, Black",16500,EGP,new,https://egypt.souq.com/eg-en/mobile-phone/l/?section=2&page=1
"Alcatel 3L Dual SIM - 16GB, 2GB RAM, 4G LTE, Metallic Blue",1799,EGP,new,https://egypt.souq.com/eg-en/mobile-phone/l/?section=2&page=1
"Xiaomi Mi 6 Dual SIM - 64GB, 6GB RAM, 4G LTE, Black - International Version",6569,EGP,new,https://egypt.souq.com/eg-en/mobile-phone/l/?section=2&page=1
"Honor 8X Dual SIM - 128GB, 4GB RAM, 4G LTE, Phantom Blue",5555,EGP,new,https://egypt.souq.com/eg-en/mobile-phone/l/?section=2&page=1
"Huawei Mate 20 X Dual Sim - 128GB, 6GB RAM, 4G LTE, Midnight Blue",15550,EGP,new,https://egypt.souq.com/eg-en/mobile-phone/l/?section=2&page=1
"Infinix Smart 2 Dual SIM - 16GB, 1GB RAM, 4G LTE, Red",2000,EGP,new,https://egypt.souq.com/eg-en/mobile-phone/l/?section=2&page=1
"Blackview A7 Pro Dual SIM - 16GB, 2GB RAM, 4G LTE, Chocolate Black",1499,EGP,new,https://egypt.souq.com/eg-en/mobile-phone/l/?section=2&page=1
"Alcatel 3C 5026 Dual SIM - 16GB, 1GB RAM, 3G, Blue",1499,EGP,new,https://egypt.souq.com/eg-en/mobile-phone/l/?section=2&page=1
NOKIA 150 DUAL SIM COLOR BLACK,625,EGP,new,https://egypt.souq.com/eg-en/mobile-phone/l/?section=2&page=1
"Samsung Galaxy S9 Dual Sim - 64GB, 4GB Ram,4G LTE, Lilac Purple - Middle East Version",12799,EGP,new,https://egypt.souq.com/eg-en/mobile-phone/l/?section=2&page=1
"Alcatel 3C 5026 Dual SIM - 16GB, 1GB RAM, 3G, Gold",1625,EGP,new,https://egypt.souq.com/eg-en/mobile-phone/l/?section=2&page=1
HTC U11 Plus - 128GB 6GB RAM 4G LTE Translucent Black,7999,EGP,new,https://egypt.souq.com/eg-en/mobile-phone/l/?section=2&page=1
"Samsung Galaxy S7 Edge - 32GB, 4GB RAM, 4G LTE, Black",7999,EGP,new,https://egypt.souq.com/eg-en/mobile-phone/l/?section=2&page=1
"Samsung Galaxy Note 8 SM-N9500 Dual SIM - 128GB, 6GB RAM, 4G LTE, Deep Sea Blue",12899,EGP,new,https://egypt.souq.com/eg-en/mobile-phone/l/?section=2&page=1
"Nokia 5.1 Plus Dual SIM - 32GB, 3GB RAM, 4G LTE, Midnight Gloss Blue",3177,EGP,new,https://egypt.souq.com/eg-en/mobile-phone/l/?section=2&page=1
"Nokia 5.1 Plus Dual SIM - 32GB, 3GB RAM, 4G LTE, Gloss Black",3299,EGP,new,https://egypt.souq.com/eg-en/mobile-phone/l/?section=2&page=1
"Samsung Galaxy S6 Edge - 32GB, 4G LTE, Gold",6999,EGP,new,https://egypt.souq.com/eg-en/mobile-phone/l/?section=2&page=1
"Alcatel 3V 5099D Dual SIM - 16GB, 2GB RAM, 4G LTE, Spectrum Gold",2222,EGP,new,https://egypt.souq.com/eg-en/mobile-phone/l/?section=2&page=1
"Sony Xperia XA2 Ultra Dual SIM - 32GB, 4GB RAM, 4G LTE, Gold",6119,EGP,new,https://egypt.souq.com/eg-en/mobile-phone/l/?section=2&page=1
"Apple iPhone XR Dual SIM With Face Time - 128GB, 4G LTE, Coral",19300,EGP,new,https://egypt.souq.com/eg-en/mobile-phone/l/?section=2&page=1
"Nokia 2 Dual SIM - 8GB, 1GB RAM, 4G LTE, Pewter/Black",1498,EGP,new,https://egypt.souq.com/eg-en/mobile-phone/l/?section=2&page=1
"Samsung Galaxy Note 5 N920 - 32GB, 4G LTE, Black",7998,,new,https://egypt.souq.com/eg-en/mobile-phone/l/?section=2&page=1
"Wiko Lenny3 Max Dual Sim - 16 GB,2 GB RAM,3G,Space Grey",1399,EGP,new,https://egypt.souq.com/eg-en/mobile-phone/l/?section=2&page=1
"Nokia 3.1 Plus Dual SIM - 32GB, 3GB RAM, 4G LTE, Blue - TA1104",2740,EGP,new,https://egypt.souq.com/eg-en/mobile-phone/l/?section=2&page=1
"AlcatelA3 5046U Dual SIM - 16GB, 2GB RAM, 4G LTE, Pure White",1459,EGP,new,https://egypt.souq.com/eg-en/mobile-phone/l/?section=2&page=1
"Alcatel 2008D , Dual SIM , 16MB , 2G , Black",555,EGP,new,https://egypt.souq.com/eg-en/mobile-phone/l/?section=2&page=1
"Samsung Galaxy A5 2017 Dual Sim - 32GB, 4G LTE, Blue",4999,EGP,new,https://egypt.souq.com/eg-en/mobile-phone/l/?section=2&page=1
NOKIA 130 2017 model,458,EGP,new,https://egypt.souq.com/eg-en/mobile-phone/l/?section=2&page=1
"i3-5.5''- Dual Sim,1GB RAM-16GBROM-Black",1445,EGP,new,https://egypt.souq.com/eg-en/mobile-phone/l/?section=2&page=1
"Samsung Galaxy S9 Dual Sim - 64GB,4GB Ram,4G LTE, Midnight Black - Middle East Version",12139,EGP,new,https://egypt.souq.com/eg-en/mobile-phone/l/?section=2&page=1
"Nokia 6.1 Plus Dual Sim - 64GB, 4GB RAM, 4G LTE, White",3944,EGP,new,https://egypt.souq.com/eg-en/mobile-phone/l/?section=2&page=1
"Nokia 105 -2017 , 4MB , Dual Sim , 2G , White",358,EGP,new,https://egypt.souq.com/eg-en/mobile-phone/l/?section=2&page=1
"Huawei Y9 2019 Dual SIM - 64GB, 4GB RAM, 4G LTE, Red",4777,EGP,new,https://egypt.souq.com/eg-en/mobile-phone/l/?section=2&page=1
"Honor 10 Lite Dual Sim - 64GB, 3GB RAM, 4G LTE, Sapphire Blue",3848,EGP,new,https://egypt.souq.com/eg-en/mobile-phone/l/?section=2&page=1
"Xiaomi Redmi Note 4X Dual SIM - 32GB, 3GB RAM, 4G LTE, Pink - International Version",2899,EGP,new,https://egypt.souq.com/eg-en/mobile-phone/l/?section=2&page=1
"Huawei Y5 lite Dual SIM - 16GB, 1GB RAM, 4G LTE, Blue",1890,EGP,new,https://egypt.souq.com/eg-en/mobile-phone/l/?section=2&page=1
"Honor 10 Lite Dual Sim - 64GB, 3GB RAM, 4G LTE, Sky Blue",4199,EGP,new,https://egypt.souq.com/eg-en/mobile-phone/l/?section=2&page=1
Nokia 130 Dual Sim Red Dual SIM,498,EGP,new,https://egypt.souq.com/eg-en/mobile-phone/l/?section=2&page=1
Mtouch C4 Dual SIM Mobile Phone - Mocha,399,EGP,new,https://egypt.souq.com/eg-en/mobile-phone/l/?section=2&page=1
Alcatel 1066D Dual SIM - Black,259,EGP,new,https://egypt.souq.com/eg-en/mobile-phone/l/?section=2&page=1
"Nokia 1 TA-1056 Dual SIM - 8GB, 1GB RAM, 4G LTE, Warm Red",940,EGP,new,https://egypt.souq.com/eg-en/mobile-phone/l/?section=2&page=1
"Tecno Spark Dual SIM - 16GB, 3G, Gold",1699,EGP,new,https://egypt.souq.com/eg-en/mobile-phone/l/?section=2&page=1
"Huawei Y5 lite Dual SIM - 16GB, 1GB RAM, 4G LTE, Black",1999,EGP,new,https://egypt.souq.com/eg-en/mobile-phone/l/?section=2&page=1
"Honor 10 Lite Dual Sim - 64GB, 3GB RAM, 4G LTE, Midnight Black",4195,EGP,new,https://egypt.souq.com/eg-en/mobile-phone/l/?section=2&page=1
Alcatel model 2051D Dual sim 2.4 inch out memory up to 32 GB back cam 2 MP - silver,497,EGP,new,https://egypt.souq.com/eg-en/mobile-phone/l/?section=2&page=1
Mtouch U6 Dual SIM Mobile Phone - Black,389,EGP,new,https://egypt.souq.com/eg-en/mobile-phone/l/?section=2&page=1
"Nokia 3.1 Dual SIM - 16GB, 2GB RAM, 4G LTE, Blue",1988,EGP,new,https://egypt.souq.com/eg-en/mobile-phone/l/?section=2&page=1
"Nokia 3.1 Dual SIM - 16GB, 2GB RAM, 4G LTE, Black",2299,EGP,new,https://egypt.souq.com/eg-en/mobile-phone/l/?section=2&page=1
Nokia 216 Dual SIM - Blue,750,EGP,new,https://egypt.souq.com/eg-en/mobile-phone/l/?section=2&page=1
"Nokia 105 -2017 , 4MB , 2G , Blue",395,EGP,new,https://egypt.souq.com/eg-en/mobile-phone/l/?section=2&page=1
"Alcatel 1054D , Dual SIM , 4MB , 2G , Black/ Pure White",299,EGP,new,https://egypt.souq.com/eg-en/mobile-phone/l/?section=2&page=1
"Alcatel A5 LED 5085Q Dual SIM - 32GB, 3GB RAM, 4G LTE, Metal Silver",1999,EGP,new,https://egypt.souq.com/eg-en/mobile-phone/l/?section=2&page=1
"Motorola Moto C Dual Sim - 5 Inch, 8GB, 1GB RAM, 3G, Black",1222,EGP,new,https://egypt.souq.com/eg-en/mobile-phone/l/?section=2&page=1
"Meizu M6T Dual Sim - 16GB, 2GB RAM, 4G LTE, Blue",2155,EGP,new,https://egypt.souq.com/eg-en/mobile-phone/l/?section=2&page=1
"Meizu M6T Dual Sim - 16GB, 2GB RAM, 4G LTE, Gold",2155,EGP,new,https://egypt.souq.com/eg-en/mobile-phone/l/?section=2&page=1
"R222 Red,Dual SIM - Wireless FM Radio - Flash Light",235,EGP,new,https://egypt.souq.com/eg-en/mobile-phone/l/?section=2&page=1
"IKU R222 - 32MB, Dual SIM Wirless FM Radio - Black",235,EGP,new,https://egypt.souq.com/eg-en/mobile-phone/l/?section=2&page=1
"Sico Nile X Dual Sim - 64GB, 4GB RAM, 4G LTE, Blue",2299,EGP,new,https://egypt.souq.com/eg-en/mobile-phone/l/?section=2&page=1
"Meizu M5 Dual Sim - 16GB, 2GB RAM, 4G LTE, Champagne Gold",1599,EGP,new,https://egypt.souq.com/eg-en/mobile-phone/l/?section=2&page=1
"Soda Fire Dual Sim - 8GB, 1GB RAM, 4G LTE, Gold",1310,EGP,new,https://egypt.souq.com/eg-en/mobile-phone/l/?section=2&page=1
"Samsung Galaxy Note 8 Single SIM - 64GB, 6GB RAM, 4G LTE, Midnight Black",11650,EGP,new,https://egypt.souq.com/eg-en/mobile-phone/l/?section=2&page=1
LAVA Z61 DAUL SIM 4G BLACK,1675,EGP,new,https://egypt.souq.com/eg-en/mobile-phone/l/?section=2&page=1
"Samsung Galaxy J2 Core Dual Sim - 8GB, 1GB RAM, 4G LTE, Black",1539,EGP,new,https://egypt.souq.com/eg-en/mobile-phone/l/?section=2&page=1
L8star BM50 Mini Wireless Dialer / 2 SIM Card Mini phone - black,444,EGP,new,https://egypt.souq.com/eg-en/mobile-phone/l/?section=2&page=1
"Motorola Moto E5 Plus Dual SIM - 32GB, 3GB RAM, 4G LTE, Grey",2849,EGP,new,https://egypt.souq.com/eg-en/mobile-phone/l/?section=2&page=1
"IKU F4 Dual-SIM , 32MB 2G , Black",225,EGP,new,https://egypt.souq.com/eg-en/mobile-phone/l/?section=2&page=1
"VIWA I6 - 4.0"" Dual SIM Mobile Phone - blue",635,EGP,new,https://egypt.souq.com/eg-en/mobile-phone/l/?section=2&page=1
"Samsung Galaxy J2 Core Dual Sim - 8GB, 1GB RAM, 4G LTE, Gold",1539,EGP,new,https://egypt.souq.com/eg-en/mobile-phone/l/?section=2&page=1
"Samsung Galaxy J2 Core Dual Sim - 8GB, 1GB RAM, 4G LTE, Lavender Violet",1539,EGP,new,https://egypt.souq.com/eg-en/mobile-phone/l/?section=2&page=1
"Oppo F9 Dual SIM - 64GB, 6GB, 4G LTE, Blue",6990,EGP,new,https://egypt.souq.com/eg-en/mobile-phone/l/?section=2&page=1
HUAWEI Mate 10 Pro - 128 GB - Blue,11500,EGP,new,https://egypt.souq.com/eg-en/mobile-phone/l/?section=2&page=1
Nokia 1110I Mobile Phone,295,EGP,new,https://egypt.souq.com/eg-en/mobile-phone/l/?section=2&page=1
"Nokia 2 Dual SIM - 8GB, 1GB RAM,4G LTE, Pewter/Black",1399,EGP,new,https://egypt.souq.com/eg-en/mobile-phone/l/?section=2&page=1
"Oppo FIND X Dual SIM - 256GB, 8GB RAM, 4G LTE, Blue",14895,EGP,new,https://egypt.souq.com/eg-en/mobile-phone/l/?section=2&page=1
"Tecno Camon CM Dual SIM, 3GB RAM - 32GB, 4G LTE, Black",2275,EGP,new,https://egypt.souq.com/eg-en/mobile-phone/l/?section=2&page=1
Mtouch C4 Dual SIM Mobile Phone - Blue,399,EGP,new,https://egypt.souq.com/eg-en/mobile-phone/l/?section=2&page=1
"Alcatel 2008D Dual Sim With Charging Dock, White/Metal Silver",475,EGP,new,https://egypt.souq.com/eg-en/mobile-phone/l/?section=2&page=1
"Sony Xperia X Dual SIM - 32 GB, 3 GB, 4G LTE, WiFi, Graphite Black",5129,EGP,new,https://egypt.souq.com/eg-en/mobile-phone/l/?section=2&page=1
Nokia 130 Black,485,EGP,new,https://egypt.souq.com/eg-en/mobile-phone/l/?section=2&page=1
"Tecno Camon CM Dual SIM, 3GB RAM - 32GB, 4G LTE, Blue",2235,EGP,new,https://egypt.souq.com/eg-en/mobile-phone/l/?section=2&page=1
"Realme C1 Dual SIM - 16GB, 2GB RAM, 4G LTE, Navy Blue - International Version",2699,EGP,new,https://egypt.souq.com/eg-en/mobile-phone/l/?section=2&page=1
x4 4SIM Mobile Phone - Orange,399,EGP,new,https://egypt.souq.com/eg-en/mobile-phone/l/?section=2&page=1
X4 4SIM Mobile Phone - Black,399,EGP,new,https://egypt.souq.com/eg-en/mobile-phone/l/?section=2&page=1
"Lenovo K5 Play Dual SIM - 32GB, 3GB RAM, 4G LTE, Blue",2600,EGP,new,https://egypt.souq.com/eg-en/mobile-phone/l/?section=2&page=1
"IKU i1 Dual-SIM , 8GB , 1GB RAM , 3G , White",889,EGP,new,https://egypt.souq.com/eg-en/mobile-phone/l/?section=2&page=1
"Nokia 105 Dual SIM - 8 MB, 2G, Black",375,EGP,new,https://egypt.souq.com/eg-en/mobile-phone/l/?section=2&page=1
"LG Stylus 3 Dual SIM - 16GB, 2GB RAM, 4G LTE, Gold",2666,EGP,new,https://egypt.souq.com/eg-en/mobile-phone/l/?section=2&page=1
"LG K10 Dual Sim - 16GB, 2GB RAM, 4G LTE, Black/Blue",1777,EGP,new,https://egypt.souq.com/eg-en/mobile-phone/l/?section=2&page=1
"Realme C1 Dual SIM - 16GB, 2GB RAM, 4G LTE, Mirror Black - International Version",2699,EGP,new,https://egypt.souq.com/eg-en/mobile-phone/l/?section=2&page=1
"Huawei Y3 2017 Dual Sim - 8 GB, 1 GB RAM, 3G, Gold",1750,EGP,new,https://egypt.souq.com/eg-en/mobile-phone/l/?section=2&page=1
"Alcatel 2051D , Dual SIM , 8MB , 2G , Black / White",449,EGP,new,https://egypt.souq.com/eg-en/mobile-phone/l/?section=2&page=1
Mtouch C4 With 4 SIM Mobile Phone -Gold,399,EGP,new,https://egypt.souq.com/eg-en/mobile-phone/l/?section=2&page=1
"Infinix Smart 2 Dual SIM - 16GB, 1GB RAM, 4G LTE, Black",1999,EGP,new,https://egypt.souq.com/eg-en/mobile-phone/l/?section=2&page=1
"IKU U1 Dual-SIM , 16GB 3GB Ram 4G , Grey",1575,EGP,new,https://egypt.souq.com/eg-en/mobile-phone/l/?section=2&page=1
X4 4SIM Mobile Phone - Blue,399,EGP,new,https://egypt.souq.com/eg-en/mobile-phone/l/?section=2&page=1
Mtouch U6 Dual SIM Mobile Phone - Gold,370,EGP,new,https://egypt.souq.com/eg-en/mobile-phone/l/?section=2&page=1
"OneClick C1 Dual Sim- 4GB, 512MB RAM, 3G, Rose Gold",749,EGP,new,https://egypt.souq.com/eg-en/mobile-phone/l/?section=2&page=1
"Samsung Galaxy A9 2018 Dual SIM - 128GB, 6GB RAM, 4G LTE, Black",8199,EGP,new,https://egypt.souq.com/eg-en/mobile-phone/l/?section=2&page=1
"Huawei Y7 Prime 2019 Dual Sim - 32GB, 3GB RAM, 4G LTE, Arabic Midnight Black",3999,EGP,new,https://egypt.souq.com/eg-en/mobile-phone/l/?section=2&page=1
"Honor 10 Lite Dual Sim - 64GB, 3GB RAM, 4G LTE, Shiny Red",4195,EGP,new,https://egypt.souq.com/eg-en/mobile-phone/l/?section=2&page=1
"Blackview A7 Dual SIM - 8GB, 1GB RAM, 3G, Wifi, Champagne Gold",999,EGP,new,https://egypt.souq.com/eg-en/mobile-phone/l/?section=2&page=1
"Infinix Note 4 X572 Dual SIM - 16GB, 2GB RAM, 4G LTE, Ice Blue",2385,EGP,new,https://egypt.souq.com/eg-en/mobile-phone/l/?section=2&page=1
Mtouch U6 Dual SIM Mobile Phone - Silver,375,EGP,new,https://egypt.souq.com/eg-en/mobile-phone/l/?section=2&page=1
Mtouch Zero Dual SIM Mobile Phone - Black,225,EGP,new,https://egypt.souq.com/eg-en/mobile-phone/l/?section=2&page=1
Mtouch Q2 Dual SIM Mobile Phone - Gold,399,EGP,new,https://egypt.souq.com/eg-en/mobile-phone/l/?section=2&page=1
"Infinix Hot 6 X606 Dual SIM - 16GB, 2GB RAM, 3G, Wifi, Blue",2350,EGP,new,https://egypt.souq.com/eg-en/mobile-phone/l/?section=2&page=1
"Alcatel U5 4047F Dual SIM - 16GB, 1GB RAM, 3G, Black",1499,EGP,new,https://egypt.souq.com/eg-en/mobile-phone/l/?section=2&page=1
iTel it2160 - 1.77-inch Dual SIM Mobile Phone - Dark Blue,200,EGP,new,https://egypt.souq.com/eg-en/mobile-phone/l/?section=2&page=1
Mtouch Zero Dual SIM Mobile Phone -  White,240,EGP,new,https://egypt.souq.com/eg-en/mobile-phone/l/?section=2&page=1
"Alcatel 2051D , Dual SIM , 8MB , 2G , Black / Silver",550,EGP,new,https://egypt.souq.com/eg-en/mobile-phone/l/?section=2&page=1
"LG G4 H815 - 32GB, 4G LTE, WiFi, Leatherback, Black",3999,EGP,new,https://egypt.souq.com/eg-en/mobile-phone/l/?section=2&page=1
"Infinix Zero 5 Pro Dual SIM - 128GB, 6GB RAM, 4G LTE, Black",5050,EGP,new,https://egypt.souq.com/eg-en/mobile-phone/l/?section=2&page=1
"Huawei Y7 Prime 2019 Dual Sim - 32GB, 3GB RAM, 4G LTE, Arabic Aurora Blue",4700,EGP,new,https://egypt.souq.com/eg-en/mobile-phone/l/?section=2&page=1
"Honor View 20 Dual SIM 256GB 8GB RAM 4G LTE , Phantom Red",12222,EGP,new,https://egypt.souq.com/eg-en/mobile-phone/l/?section=2&page=1
Mtouch M01 Dual SIM Mobile Phone - Blue,240,EGP,new,https://egypt.souq.com/eg-en/mobile-phone/l/?section=2&page=1
Huawei Y7 Prime 2019 32GB 3GB RAM 4G LTE Coral Red,4750,EGP,new,https://egypt.souq.com/eg-en/mobile-phone/l/?section=2&page=1
"HTC Desire 10 Compact Dual SIM - 32GB, 3GB RAM, 4G LTE, Stone Black",3175,EGP,new,https://egypt.souq.com/eg-en/mobile-phone/l/?section=2&page=1
"ZTE A320 Dual Sim - 8 GB,1GB RAM, Black",948,EGP,new,https://egypt.souq.com/eg-en/mobile-phone/l/?section=2&page=1
"One Click K112 Daul Sim, Black Lime",200,EGP,new,https://egypt.souq.com/eg-en/mobile-phone/l/?section=2&page=1
"Huawei GR5 Dual Sim - 16GB, 2GB RAM, 4G LTE, Gold",2639,EGP,new,https://egypt.souq.com/eg-en/mobile-phone/l/?section=2&page=1
L8star BM50 Mini Wireless Dialer / 2 SIM Card Mini phone -White,399,EGP,new,https://egypt.souq.com/eg-en/mobile-phone/l/?section=2&page=1
"Realme 2 Pro 2 SIM - 128 GB, 8 GB Ram, 4G 4th Edition, Black - Universal Edition",6000,EGP,new,https://egypt.souq.com/eg-en/mobile-phone/l/?section=2&page=1
"HuaweiY5 Prime 2018 Dual SIM - 16GB, 2GB RAM, 4G LTE, Gold",4000,EGP,new,https://egypt.souq.com/eg-en/mobile-phone/l/?section=2&page=1
"Xiaomi Mi Mix 3 Dual SIM - 128GB, 6GB RAM, 4G LTE, Onyx Black - International Version",10450,EGP,new,https://egypt.souq.com/eg-en/mobile-phone/l/?section=2&page=1
Mini black Wireless Handsfree Bluetooth Phone Headset Music Dialer Keys Caller ID LCD,340,EGP,new,https://egypt.souq.com/eg-en/mobile-phone/l/?section=2&page=1
"Motorola Moto C Dual Sim - 5 Inch, 8GB, 1GB RAM, 3G, White",1670,EGP,new,https://egypt.souq.com/eg-en/mobile-phone/l/?section=2&page=1
"Sico Mini 2 Dual Sim - 32MB, 1.77 Inch, 2G, White",300,EGP,new,https://egypt.souq.com/eg-en/mobile-phone/l/?section=2&page=1
"Apple iPhone 6 With FaceTime - 64GB, 4G LTE, Gold – Certified Pre Owned",5999,EGP,new,https://egypt.souq.com/eg-en/mobile-phone/l/?section=2&page=1
"Lava Z91 Dual SIM - 32GB, 3GB RAM, 4G LTE, Blue",2350,EGP,new,https://egypt.souq.com/eg-en/mobile-phone/l/?section=2&page=1
"Zte Axon 7 Mini Dual SIM - 32GB, 3GB, 4G LTE, Gold",2888,EGP,new,https://egypt.souq.com/eg-en/mobile-phone/l/?section=2&page=1
"Lava R1 Lite Dual Sim, 16 GB, 4G, LTE - Gold",1405,EGP,new,https://egypt.souq.com/eg-en/mobile-phone/l/?section=2&page=1
"Viwa Light Plus Dual SIM - 16GB, 1GB RAM, 4G LTE, Blue",1222,EGP,new,https://egypt.souq.com/eg-en/mobile-phone/l/?section=2&page=1
"Viwa Light Plus Dual SIM - 16GB, 1GB RAM, 4G LTE, Grey",1222,EGP,new,https://egypt.souq.com/eg-en/mobile-phone/l/?section=2&page=1
Alcatel 2008D Dual Sim With Charging Dock Black,497,EGP,new,https://egypt.souq.com/eg-en/mobile-phone/l/?section=2&page=1
Sico Mini 3 Dual Sim - 1.77 Inch - 2G - Black,240,EGP,new,https://egypt.souq.com/eg-en/mobile-phone/l/?section=2&page=1
"Meizu M6T Dual Sim - 32GB,3GB RAM, 4G LTE, Gold",2669,EGP,new,https://egypt.souq.com/eg-en/mobile-phone/l/?section=2&page=1
"Viwa P1 Mini Dual SIM - 8GB, 512MB RAM ,3G, Wifi, Gold",699,EGP,new,https://egypt.souq.com/eg-en/mobile-phone/l/?section=2&page=1
"Meizu M6T Dual Sim - 32GB,3GB RAM, 4G LTE, Red",2669,EGP,new,https://egypt.souq.com/eg-en/mobile-phone/l/?section=2&page=1
جوال الكاتيل 2051D  ذاكرة 8 جيجابايت  2.4 انش  أبيض,495,EGP,new,https://egypt.souq.com/eg-en/mobile-phone/l/?section=2&page=1
"HTC Desire 12+ Dual SIM - 32GB, 3GB RAM, 4G LTE, Gold",2799,EGP,new,https://egypt.souq.com/eg-en/mobile-phone/l/?section=2&page=1
"Meizu M6 Note Dual Sim - 64GB, 4GB RAM, 4G LTE, Gold",3399,EGP,new,https://egypt.souq.com/eg-en/mobile-phone/l/?section=2&page=1
"Lenovo C2 Power Dual SIM - 16GB, 2GB RAM, 4G LTE, White",1888,EGP,new,https://egypt.souq.com/eg-en/mobile-phone/l/?section=2&page=1
nokia 105 mobile phone (black),399,EGP,new,https://egypt.souq.com/eg-en/mobile-phone/l/?section=2&page=1
Infinix X605 Note5 Stylus - 6.0-inch 64GB Mobile Phone - Bordeaux Red,3499,EGP,new,https://egypt.souq.com/eg-en/mobile-phone/l/?section=2&page=1
"IKU R105 Dual-SIM , 32MB , 2G , Black",225,EGP,new,https://egypt.souq.com/eg-en/mobile-phone/l/?section=2&page=1
"Lava A3 Dual SIM - 32GB, 3GB RAM, 4G LTE, Grey",3859,EGP,new,https://egypt.souq.com/eg-en/mobile-phone/l/?section=2&page=1
"Xiaomi Mi MIX 2S Dual SIM - 64GB, 6GB RAM, 4G LTE, Black",9500,EGP,new,https://egypt.souq.com/eg-en/mobile-phone/l/?section=2&page=1
"IKU R105 Dual-SIM , 32MB , 2G , White",198,EGP,new,https://egypt.souq.com/eg-en/mobile-phone/l/?section=2&page=1
"iMobily K8 Dual SIM -  1.7 Inch, 2G, Black",179,EGP,new,https://egypt.souq.com/eg-en/mobile-phone/l/?section=2&page=1
"Tecno Phantom 8 , Dual Sim , 64GB , 6GB RAM , 4G LTE , Blue",4845,EGP,new,https://egypt.souq.com/eg-en/mobile-phone/l/?section=2&page=1
"Alcatel Pop 4S Dual Sim - 16GB, 4G LTE, Grey",1895,EGP,new,https://egypt.souq.com/eg-en/mobile-phone/l/?section=2&page=1
"One Click K112 Dual sim, 0.3 MP - Red",260,EGP,new,https://egypt.souq.com/eg-en/mobile-phone/l/?section=2&page=1
"Hisense U601 Dual Sim - 4GB, 512MB RAM, 3G, Black",625,EGP,new,https://egypt.souq.com/eg-en/mobile-phone/l/?section=2&page=1
"VIWA X5 - 5"" - 4G Dual SIM Mobile Phone Fingerprint - Gold",1449,EGP,new,https://egypt.souq.com/eg-en/mobile-phone/l/?section=2&page=1
"ZTE Blade A320, 8GB, 1GB RAM, 4G, DUAL SIM",949,EGP,new,https://egypt.souq.com/eg-en/mobile-phone/l/?section=2&page=1
Tecno CM Dual Sim - 32 GB - Gold,2599,EGP,new,https://egypt.souq.com/eg-en/mobile-phone/l/?section=2&page=1
"One Click Tank Dual Sim 2.4 Inch Mobile- 2 Camera, Black",293,EGP,new,https://egypt.souq.com/eg-en/mobile-phone/l/?section=2&page=1
"Tecno Phontom 8 Dual SIM - 64GB, 6GB RAM, 4G LTE, Blue",4999,EGP,new,https://egypt.souq.com/eg-en/mobile-phone/l/?section=2&page=1
"Nokia 3.1 Plus has a smooth operating system The Nokia 3.1 Plus smartphone works with the powerful Media Tic, which ensures smooth and efficient performance. 3 GB RAM makes multitasking so easy. Android OS gives you access to an application",2700,EGP,new,https://egypt.souq.com/eg-en/mobile-phone/l/?section=2&page=1
"Oppo F7 Youth Dual Sim - 64GB, 4GB Ram, 4G LTE, Red",4595,EGP,new,https://egypt.souq.com/eg-en/mobile-phone/l/?section=2&page=1
"HTC U 11 Dual SIM - 128GB, 6GB RAM, 4G LTE, Sapphire Blue",6949,EGP,new,https://egypt.souq.com/eg-en/mobile-phone/l/?section=2&page=1
"Apple iPhone 5S with FaceTime - 16GB, 4G LTE, Gold",4500,EGP,new,https://egypt.souq.com/eg-en/mobile-phone/l/?section=2&page=1
"Tecno Phantom 8 , Dual Sim , 64GB , 6GB RAM , 4G LTE , Black",4715,EGP,new,https://egypt.souq.com/eg-en/mobile-phone/l/?section=2&page=1
"Samsung Galaxy S7 - 32GB, 4GB RAM, 4G LTE, Silver",5900,EGP,new,https://egypt.souq.com/eg-en/mobile-phone/l/?section=2&page=1
"Samsung Galaxy S7 Edge Dual Sim - 32GB, 4GB RAM, 4G LTE, Silver with Samsung Gear VR2 Glasses",11000,EGP,new,https://egypt.souq.com/eg-en/mobile-phone/l/?section=2&page=1
BM 50 Mini Wireless Mobile Phone - Handsfree Bluetooth Mini Phone,340,EGP,new,https://egypt.souq.com/eg-en/mobile-phone/l/?section=2&page=1
"Samsung Galaxy S8+ - 64GB, 4G LTE, Orchid Gray",10499,EGP,new,https://egypt.souq.com/eg-en/mobile-phone/l/?section=2&page=1
"Samsung Galaxy S9 64GB Smartphone LTE, Gray",11800,EGP,new,https://egypt.souq.com/eg-en/mobile-phone/l/?section=2&page=1
"Tecno Phantom 8 , Dual Sim , 64GB , 6GB RAM , 4G LTE , Gold",4385,EGP,new,https://egypt.souq.com/eg-en/mobile-phone/l/?section=2&page=1
"Viwa F1715A Dual SIM - 32MB, 32MB RAM, 2G, Black/Blue",165,EGP,new,https://egypt.souq.com/eg-en/mobile-phone/l/?section=2&page=1
"C2 Pro Dual SIM Mobile Phone - 8GB, 1GRAM, 3G",970,EGP,new,https://egypt.souq.com/eg-en/mobile-phone/l/?section=2&page=1
"Samsung Galaxy Note 5 Dual Sim - 32GB, 4G LTE, Black Sapphire",8999,EGP,new,https://egypt.souq.com/eg-en/mobile-phone/l/?section=2&page=1
"iTel A31 Dual SIM Mobile Phone- 8 GB, 1 GB RAM, 3G, Piano Black",1075,EGP,new,https://egypt.souq.com/eg-en/mobile-phone/l/?section=2&page=1
"HTC Desire 650 - Dual SIM , 32 GB , 4G LTE , Lime Light",2935,EGP,new,https://egypt.souq.com/eg-en/mobile-phone/l/?section=2&page=1
"HTC U Play - 64 GB, 4G LTE, Rose Gold",3199,EGP,new,https://egypt.souq.com/eg-en/mobile-phone/l/?section=2&page=1
"SMTEL T3 Dual SIM Mobile Phone- 8 MB, Black",290,EGP,new,https://egypt.souq.com/eg-en/mobile-phone/l/?section=2&page=1
"Hisense F20 Dual Sim - 8GB, 4G LTE, Black",1199,EGP,new,https://egypt.souq.com/eg-en/mobile-phone/l/?section=2&page=1
"Energizer E10 Plus Mobile Phone, 2G, 1.8 Inch, VGA Dual Sim - Black",215,EGP,new,https://egypt.souq.com/eg-en/mobile-phone/l/?section=2&page=1
"IKU C50L, Dual Sim, 5inch,4G",1001,EGP,new,https://egypt.souq.com/eg-en/mobile-phone/l/?section=2&page=1
"Xiaomi Mi 8 Lite Dual SIM - 64GB, 4GB RAM, 4G LTE, Black",4439,EGP,new,https://egypt.souq.com/eg-en/mobile-phone/l/?section=2&page=1
"Lenovo LENOVO K5 PLAY Dual SIM - 32 GB, 4G LTE, Black",2600,EGP,new,https://egypt.souq.com/eg-en/mobile-phone/l/?section=2&page=1
"Hisense L675 , 8GB , Dual Sim , 4G , Black",999,EGP,new,https://egypt.souq.com/eg-en/mobile-phone/l/?section=2&page=1
"Xiaomi Redmi Note 5 Dual SIM - 64GB, 4GB RAM, 4G LTE, Black - Egypt Version",3999,EGP,new,https://egypt.souq.com/eg-en/mobile-phone/l/?section=2&page=1
"Lava A3 Dual SIM - 32GB, 3GB RAM, 4G LTE, Gold",3799,EGP,new,https://egypt.souq.com/eg-en/mobile-phone/l/?section=2&page=1
"iMobily i10 Pro Dual SIM - 4GB, 512GB RAM, 3G, Black",759,EGP,new,https://egypt.souq.com/eg-en/mobile-phone/l/?section=2&page=1
"iMobily i30 Pro Dual SIM -  4GB, 512MB RAM, 3G, Grey/White",769,EGP,new,https://egypt.souq.com/eg-en/mobile-phone/l/?section=2&page=1
"Zte Blade V7 Max - 32 GB , 4G LTE , Gold",2222,EGP,new,https://egypt.souq.com/eg-en/mobile-phone/l/?section=2&page=1
"Blackview S6 Dual SIM - 16GB, 2GB RAM, 4G LTE, Fingerprint , Gold",1799,EGP,new,https://egypt.souq.com/eg-en/mobile-phone/l/?section=2&page=1
"NOKIA 6 .1 Dual SIM Card, 32 GB, 3 GB RAM - Black",2999,EGP,new,https://egypt.souq.com/eg-en/mobile-phone/l/?section=2&page=1
iBRIT 2.4 inch Dual SIM Mobile Phone - Red,349,EGP,new,https://egypt.souq.com/eg-en/mobile-phone/l/?section=2&page=1
"iTel S11 Plus Dual SIM- 8 GB, 2 GB RAM, 3G, Rose Gold",1123,EGP,new,https://egypt.souq.com/eg-en/mobile-phone/l/?section=2&page=1
"Alcatel 3L Dual SIM - 16GB, 2GB RAM, 4G LTE, Metallic Black",1799,EGP,new,https://egypt.souq.com/eg-en/mobile-phone/l/?section=2&page=1
Lava A1 - 5.0-inch 16GB Dual SIM 4G Mobile Phone - Black,2099,EGP,new,https://egypt.souq.com/eg-en/mobile-phone/l/?section=2&page=1
"OneClick C2 Pro Dual Sim - 8GB , 1GB Ram , 3G , Silver",899,EGP,new,https://egypt.souq.com/eg-en/mobile-phone/l/?section=2&page=1
"Hisense L675 - 8GB, 1GB Ram, 4G , white",960,EGP,new,https://egypt.souq.com/eg-en/mobile-phone/l/?section=2&page=1
"Apple iPhone 5S with FaceTime - 16GB, 4G LTE, Space Gray",4650,EGP,new,https://egypt.souq.com/eg-en/mobile-phone/l/?section=2&page=1
Infinix Note 5 X604 Dual Sim - 32GB - 3GB RAM - 4G LTE - Milan Black,2971,EGP,new,https://egypt.souq.com/eg-en/mobile-phone/l/?section=2&page=1
Sico Topaz - Dual Sim - 5.2 inch - 16G - 2G Ram - 4G - Black,1475,EGP,new,https://egypt.souq.com/eg-en/mobile-phone/l/?section=2&page=1
Sico More 3 - Dual Sim - 4.0 inch - 4G - 512M Ram - 3G - Blue,675,EGP,new,https://egypt.souq.com/eg-en/mobile-phone/l/?section=2&page=1
"Samsung Galaxy J3 Pro 2017 SM-J330 Dual SIM - 16 GB, 2 GB RAM, 4G LTE, Gold",2999,EGP,new,https://egypt.souq.com/eg-en/mobile-phone/l/?section=2&page=1
C40i 3G - 4'' - 4 GB Rom Dual SIM Mobile Phone,690,EGP,new,https://egypt.souq.com/eg-en/mobile-phone/l/?section=2&page=1
Mini Mobile Phone 0.66inch OLED Cellphone Multi-Languages Black,666,EGP,new,https://egypt.souq.com/eg-en/mobile-phone/l/?section=2&page=1
"Hisense-U601s,Dual Sim,1GBRAM-8GBROM,Camera 2MP",599,EGP,new,https://egypt.souq.com/eg-en/mobile-phone/l/?section=2&page=1
"Oppo A83 Pro Dual SIM - 64 GB, 4GB  RAM, 4G LTE, Blue",3888,EGP,new,https://egypt.souq.com/eg-en/mobile-phone/l/?section=2&page=1
"Doogee Y6 Dual SIM - 16GB, 2GB RAM, 4G LTE, Shimmer Gold",1859,EGP,new,https://egypt.souq.com/eg-en/mobile-phone/l/?section=2&page=1
"Ibrit B2 , Dual Sim , 32Mb , 2G - Black - B2-Blk",249,EGP,new,https://egypt.souq.com/eg-en/mobile-phone/l/?section=2&page=1
iBRIT 1.8 inch Dual SIM Mobile Phone - Red,199,EGP,new,https://egypt.souq.com/eg-en/mobile-phone/l/?section=2&page=1
iBRIT 2.4 inch Dual SIM Mobile Phone - Red,245,EGP,new,https://egypt.souq.com/eg-en/mobile-phone/l/?section=2&page=1
"iMobily K2 Dual SIM -  1.7 Inch, 2G, White",240,EGP,new,https://egypt.souq.com/eg-en/mobile-phone/l/?section=2&page=1
"iKU F5-2.8' Dual Sim,FM Radio-Torch-Call Records",385,EGP,new,https://egypt.souq.com/eg-en/mobile-phone/l/?section=2&page=1
"iKU F5-2.8'' Dual Sim,FM Radio-Torch-Call Records",415,EGP,new,https://egypt.souq.com/eg-en/mobile-phone/l/?section=2&page=1
"ZTE Blade L110 - 4 GB, 512 mb Ram, 3G , Black",649,EGP,new,https://egypt.souq.com/eg-en/mobile-phone/l/?section=2&page=1
"Samsung Galaxy S7 - 32GB, 4GB RAM, 4G LTE, Pink Gold",5999,EGP,new,https://egypt.souq.com/eg-en/mobile-phone/l/?section=2&page=1
هاتف أي كيه يو  سي50 ال،مزدوج الشريحه، الجيل الرابع  ، شاشه 5أنش,999,EGP,new,https://egypt.souq.com/eg-en/mobile-phone/l/?section=2&page=1
"iKU-K1,5inch- 4G,Dual Sim,1GB RAM-16GB ROM",1099,EGP,new,https://egypt.souq.com/eg-en/mobile-phone/l/?section=2&page=1
"iKU Fx-1.8'' Dual Sim,FM Radio-Torch-Black/Blue",190,EGP,new,https://egypt.souq.com/eg-en/mobile-phone/l/?section=2&page=1
"Xiaomi Redmi Note 5 Dual SIM - 64GB, 4GB RAM, 4G LTE, Black - Global Version",3999,EGP,new,https://egypt.souq.com/eg-en/mobile-phone/l/?section=2&page=1
"IKU FX Plus Dual SIM - 32MB, 32MB RAM, 2G, Black/Yellow",195,EGP,new,https://egypt.souq.com/eg-en/mobile-phone/l/?section=2&page=1
"IKU FX Plus Dual SIM - 32MB, 32MB RAM, 2G, Black/Blue",195,EGP,new,https://egypt.souq.com/eg-en/mobile-phone/l/?section=2&page=1
LAVA P240 Dual SIM,581,EGP,new,https://egypt.souq.com/eg-en/mobile-phone/l/?section=2&page=1
"Viwa Vision Dual SIM - 16GB, 1GB RAM, 3G, Wifi, Black",1269,EGP,new,https://egypt.souq.com/eg-en/mobile-phone/l/?section=2&page=1
"Alcatel U5 4047D - Dual SIM , 8GB , RAM 1 GB , 3G , Black Cocoa",1222,EGP,new,https://egypt.souq.com/eg-en/mobile-phone/l/?section=2&page=1
"Freetel ICE 2 Plus Dual SIM - 8GB, 1GB RAM, 3G, Black",1250,EGP,new,https://egypt.souq.com/eg-en/mobile-phone/l/?section=2&page=1
"IKU F2 Dual-SIM , 32MB 2G , White",205,EGP,new,https://egypt.souq.com/eg-en/mobile-phone/l/?section=2&page=1
"IKU F1 Plus Dual-SIM , 32MB 2G , Black",165,EGP,new,https://egypt.souq.com/eg-en/mobile-phone/l/?section=2&page=1
"IKU F2 Dual-SIM , 32MB , 2G , Black",219,EGP,new,https://egypt.souq.com/eg-en/mobile-phone/l/?section=2&page=1
"OneClick E7 Dual Sim-4GB -512MB-3G,Gold",693,EGP,new,https://egypt.souq.com/eg-en/mobile-phone/l/?section=2&page=1
"Hisense-U962,Dual Sim-5''-1GB-RAM",829,EGP,new,https://egypt.souq.com/eg-en/mobile-phone/l/?section=2&page=1
"Viwa Light One, Dual sim - 16 GB,1 GB RAM, 3G, Grey",1299,EGP,new,https://egypt.souq.com/eg-en/mobile-phone/l/?section=2&page=1
"IKU F5 Dual-SIM , 32MB , 2G , Mocha Brown",425,EGP,new,https://egypt.souq.com/eg-en/mobile-phone/l/?section=2&page=1
"iKU Fx-1.8'' Dual Sim,FM Radio-Torch-Black/Red",190,EGP,new,https://egypt.souq.com/eg-en/mobile-phone/l/?section=2&page=1
"iTel A12 Dual SIM Mobile Phone – 8GB, 512 MB RAM, 3G, Clax",899,EGP,new,https://egypt.souq.com/eg-en/mobile-phone/l/?section=2&page=1
"ITel S12 Dual SIM Mobile Phone- 8 GB, 1 GB RAM, 3G, Champagne Gold",1300,EGP,new,https://egypt.souq.com/eg-en/mobile-phone/l/?section=2&page=1
"iTel P51 Dual SIM Mobile Phone- 16 GB, 1 GB RAM, 3G, Champagne Gold",1399,EGP,new,https://egypt.souq.com/eg-en/mobile-phone/l/?section=2&page=1
"Hisense E76 - 32GB, 3GB Ram, 4G , Gold",2699,EGP,new,https://egypt.souq.com/eg-en/mobile-phone/l/?section=2&page=1
"Itel it5613 Dual SIM- 2G,2.4 Inch, Clax",300,EGP,new,https://egypt.souq.com/eg-en/mobile-phone/l/?section=2&page=1
"iKU F5,2.8''Dual Sim,FM Radio-Torch-Call Records-Brown",425,EGP,new,https://egypt.souq.com/eg-en/mobile-phone/l/?section=2&page=1
"Zte Blade V7 Lite , 5.0 inch , Dual SIM , 4G LTE , 16 GB , Gold",1699,EGP,new,https://egypt.souq.com/eg-en/mobile-phone/l/?section=2&page=1
"Nokia 3 Smartphone LTE, Black",1699,EGP,new,https://egypt.souq.com/eg-en/mobile-phone/l/?section=2&page=1
"Hisense U601 Dual Sim - 4GB, 512MB RAM, 3G, White",625,EGP,new,https://egypt.souq.com/eg-en/mobile-phone/l/?section=2&page=1
"IKU FX Plus Dual SIM - 32MB, 32MB RAM, 2G, Black/Grey",195,EGP,new,https://egypt.souq.com/eg-en/mobile-phone/l/?section=2&page=1
"iMobily K7 Dual SIM -  1.7 Inch, 2G, White",179,EGP,new,https://egypt.souq.com/eg-en/mobile-phone/l/?section=2&page=1
"iMobily K7 Dual SIM -  1.7 Inch, 2G, Blue",179,EGP,new,https://egypt.souq.com/eg-en/mobile-phone/l/?section=2&page=1
"iMobily K8 Dual SIM -  1.7 Inch, 2G, White",179,EGP,new,https://egypt.souq.com/eg-en/mobile-phone/l/?section=2&page=1
"iMobily K7 Dual SIM -  1.7 Inch, 2G, Black",179,EGP,new,https://egypt.souq.com/eg-en/mobile-phone/l/?section=2&page=1
"S2Tel 3330 Dual SIM, Blue",195,EGP,new,https://egypt.souq.com/eg-en/mobile-phone/l/?section=2&page=1
iku c40L Dual Sim - Storage 8G - Ram 1G - 4G - Gold,749,EGP,new,https://egypt.souq.com/eg-en/mobile-phone/l/?section=2&page=1
"iMobily K6 Dual SIM -  1.7 Inch, 2G, Red",179,EGP,new,https://egypt.souq.com/eg-en/mobile-phone/l/?section=2&page=1
imobily K3 Dual Sim 2.4 inch - Black,499,EGP,new,https://egypt.souq.com/eg-en/mobile-phone/l/?section=2&page=1
"iMobily K7 Dual SIM -  1.7 Inch, 2G, Red",179,EGP,new,https://egypt.souq.com/eg-en/mobile-phone/l/?section=2&page=1
"IKU C50i  Dual Sim, 5 inch-8MP Camera",899,EGP,new,https://egypt.souq.com/eg-en/mobile-phone/l/?section=2&page=1
"Apple iPhone 5S with FaceTime - 16GB, 4G LTE, Silver",4499,EGP,new,https://egypt.souq.com/eg-en/mobile-phone/l/?section=2&page=1
Nokia 106 - Black,382,EGP,new,https://egypt.souq.com/eg-en/mobile-phone/l/?section=2&page=1
"OneClick K350 Dual SIM - 32MB, 32MB RAM, 2G, Red",195,EGP,new,https://egypt.souq.com/eg-en/mobile-phone/l/?section=2&page=1
"One Click K112 Dual Sim– 0.3 Mega Pixel, Black/ Green",230,EGP,new,https://egypt.souq.com/eg-en/mobile-phone/l/?section=2&page=1
"ILA R1 Dual SIM - 16GB, 2GB RAM, 4G LTE, Red",1649,EGP,new,https://egypt.souq.com/eg-en/mobile-phone/l/?section=2&page=1
"Huawei Mate 9 Dual Sim - 64 GB, 4 GB RAM, 4G LTE , Black",8700,EGP,new,https://egypt.souq.com/eg-en/mobile-phone/l/?section=2&page=1
"Samsung Galaxy S7 - 32GB, 4GB RAM, 4G LTE, Black",7250,EGP,new,https://egypt.souq.com/eg-en/mobile-phone/l/?section=2&page=1
"OneClick E7 Dual Sim-4GB -512MB-3G,Red",693,EGP,new,https://egypt.souq.com/eg-en/mobile-phone/l/?section=2&page=1
"HTC U 11 Dual SIM - 64GB, 4GB RAM, 4G LTE, Amazing Silver",11925,EGP,new,https://egypt.souq.com/eg-en/mobile-phone/l/?section=2&page=1
"Nokia 108 RM-944 (4 MB, Cyan)",749,EGP,new,https://egypt.souq.com/eg-en/mobile-phone/l/?section=2&page=1
"HTC Desire 728 Ultra Dual SIM - 32GB, 3GB RAM, 4G LTE, Cappuccino Brown",2777,EGP,new,https://egypt.souq.com/eg-en/mobile-phone/l/?section=2&page=1
"iQ&T iFoo H55 Dual SIM - 8GB, 1GB RAM, 3G, White",1299,EGP,new,https://egypt.souq.com/eg-en/mobile-phone/l/?section=2&page=1
"IKU-C50L-Dual Sim- 4G, 5 inch Screen",975,EGP,new,https://egypt.souq.com/eg-en/mobile-phone/l/?section=2&page=1
Smtel T2 - 1.8 -inch Dual SIM Mobile Phone - Blue,175,EGP,new,https://egypt.souq.com/eg-en/mobile-phone/l/?section=2&page=1
Xiaomi Mi A1 Dual Sim 4G LTE - 5.5 inch - 64 GB - 4GB RAM - Rose Gold,3599,EGP,new,https://egypt.souq.com/eg-en/mobile-phone/l/?section=2&page=1
"IKU R105 Dual-SIM , 32MB , 2G , Blue",205,EGP,new,https://egypt.souq.com/eg-en/mobile-phone/l/?section=2&page=1
"SMTEL T1 Dual SIM Mobile Phone- 8 MB, Blue",170,EGP,new,https://egypt.souq.com/eg-en/mobile-phone/l/?section=2&page=1
"Samsung Galaxy J2 Dual Sim - 8GB, 1GB RAM, 3G, Wifi, Black",1650,EGP,new,https://egypt.souq.com/eg-en/mobile-phone/l/?section=2&page=1
ZTE BLADE A610 PLUS 32GB 4GB RAM GOLD,2299,EGP,new,https://egypt.souq.com/eg-en/mobile-phone/l/?section=2&page=1
"iMobily K6 Dual SIM -  1.7 Inch, 2G, Green",179,EGP,new,https://egypt.souq.com/eg-en/mobile-phone/l/?section=2&page=1
"Hisense F31 - 16GB, 2GB Ram, 4G , Gold",1699,EGP,new,https://egypt.souq.com/eg-en/mobile-phone/l/?section=2&page=1
HUAWEI Mate 10 Pro - 128 GB - Gray,9499,EGP,new,https://egypt.souq.com/eg-en/mobile-phone/l/?section=2&page=1
"Hisense Pearl C1 Dual Sim - 16GB, 4G LTE, Gold",1895,EGP,new,https://egypt.souq.com/eg-en/mobile-phone/l/?section=2&page=1
"Ibrit Bx , Dual Sim , 32Mb , 2G - Black - BX-Blk",345,EGP,new,https://egypt.souq.com/eg-en/mobile-phone/l/?section=2&page=1
"Xtouch K3 - 16GB, 1GB Ram, 3G , Grey",1500,EGP,new,https://egypt.souq.com/eg-en/mobile-phone/l/?section=2&page=1
"Samsung Galaxy S9+ Dual Sim - 64GB, 6GB Ram, 4G LTE, Sunrise Gold - Middle East Version",13349,EGP,new,https://egypt.souq.com/eg-en/mobile-phone/l/?section=2&page=1
"Sony Xperia XA1 Plus  - 32GB, 3GB RAM, 4G LTE - Blue",3699,EGP,new,https://egypt.souq.com/eg-en/mobile-phone/l/?section=2&page=1
Alcatel Pixi 4 8050D - 3G - 8 Gb - black,1449,EGP,new,https://egypt.souq.com/eg-en/mobile-phone/l/?section=2&page=1
"Sico Smartphone Diamond Dual Sim - 16GB, 2GB RAM, 4G LTE, Silver",1875,EGP,new,https://egypt.souq.com/eg-en/mobile-phone/l/?section=2&page=1
iTel it2160 - 1.77-inch Dual SIM Mobile Phone - Black,200,EGP,new,https://egypt.souq.com/eg-en/mobile-phone/l/?section=2&page=1
"Wiko U Feel Prime - 32 GB, 4 GB RAM,4G LTE,Gold",1999,EGP,new,https://egypt.souq.com/eg-en/mobile-phone/l/?section=2&page=1
"IKU C50L Dual-SIM , 8GB 1GB Ram 4G , Black",1049,EGP,new,https://egypt.souq.com/eg-en/mobile-phone/l/?section=2&page=1
iBRIT 5 inch Dual SIM Mobile Phone - Black,989,EGP,new,https://egypt.souq.com/eg-en/mobile-phone/l/?section=2&page=1
"HTC Desire 12 Dual SIM - 32GB, 3GB RAM, 4G LTE, Gold",2399,EGP,new,https://egypt.souq.com/eg-en/mobile-phone/l/?section=2&page=1
"OnePlus 6T Dual Sim - 256GB, 10GB RAM, 4G LTE, Black, McLaren Edition",18500,EGP,new,https://egypt.souq.com/eg-en/mobile-phone/l/?section=2&page=1
جوال هوب للرحلات بشريحتين وبطارية بقوة 18 ألف أمبير ، s18mini,1850,EGP,new,https://egypt.souq.com/eg-en/mobile-phone/l/?section=2&page=1
"iKU F5-2.8'' Dual Sim,FM Radio-Torch-Call Records",425,EGP,new,https://egypt.souq.com/eg-en/mobile-phone/l/?section=2&page=1
"IKU C50i Dual-SIM , 8GB 1GB Ram 3G,Matte Black",1055,EGP,new,https://egypt.souq.com/eg-en/mobile-phone/l/?section=2&page=1
"Huawei P8 - 16GB, 4G LTE, WiFi, Titanium Gray",3815,EGP,new,https://egypt.souq.com/eg-en/mobile-phone/l/?section=2&page=1
"HTC Desire 628 Dual Sim - 32GB, 3GB, 4G LTE, Cobalt White",3200,EGP,new,https://egypt.souq.com/eg-en/mobile-phone/l/?section=2&page=1
"Samsung Galaxy S9Plus 128GB Smartphone LTE, Black",15800,EGP,new,https://egypt.souq.com/eg-en/mobile-phone/l/?section=2&page=1
"S2Tel 3330 Dual SIM, White",195,EGP,new,https://egypt.souq.com/eg-en/mobile-phone/l/?section=2&page=1
"Huawei GR3 2017 Dual Sim - 16 GB, 3GB RAM, 4G LTE, Gold",3289,EGP,new,https://egypt.souq.com/eg-en/mobile-phone/l/?section=2&page=1
"Sico Mini 2 Dual Sim - 32MB, 1.77 Inch, 2G, Black",219,EGP,new,https://egypt.souq.com/eg-en/mobile-phone/l/?section=2&page=1
"Huawei P9 Dual Sim - 32GB, 3GB RAM, 4G LTE, Prestige Gold",7255,EGP,new,https://egypt.souq.com/eg-en/mobile-phone/l/?section=2&page=1
"Doogee Shoot 1 Dual SIM - 16GB, 2GB RAM, 4G LTE, Galaxy Grey",1689,EGP,new,https://egypt.souq.com/eg-en/mobile-phone/l/?section=2&page=1
"HTC U 11 Dual SIM - 64GB, 4GB RAM, 4G LTE, Brilliant Black",11925,EGP,new,https://egypt.souq.com/eg-en/mobile-phone/l/?section=2&page=1
Mtouch E20 Dual SIM Mobile Phone -Blue,260,EGP,new,https://egypt.souq.com/eg-en/mobile-phone/l/?section=2&page=1
"HTC Desire 526G Dual SIM - 8GB, 3G, WiFi, Lacquer Black",1850,EGP,new,https://egypt.souq.com/eg-en/mobile-phone/l/?section=2&page=1
"iKU-i3-5.5''- Dual Sim,1GB RAM-16GBROM-Gold",1449,EGP,new,https://egypt.souq.com/eg-en/mobile-phone/l/?section=2&page=1
"OPPO Neo 5 Dual Sim - 16GB, 3G, WiFi, White",1985,EGP,new,https://egypt.souq.com/eg-en/mobile-phone/l/?section=2&page=1
"Infinix S2 X522 Dual Sim - 16GB, 2GB RAM, 4G LTE, Champagne Gold",2775,EGP,new,https://egypt.souq.com/eg-en/mobile-phone/l/?section=2&page=1
"S2Tel easy i350 Dual SIM, White",179,EGP,new,https://egypt.souq.com/eg-en/mobile-phone/l/?section=2&page=1
"Huawei P9 Plus Dual Sim - 64GB, 4GB RAM, 4G LTE, Haze Gold",8000,EGP,new,https://egypt.souq.com/eg-en/mobile-phone/l/?section=2&page=1
"Sony Xperia XA Ultra F3212 - 16 GB, 4G LTE, Lime Gold",3865,EGP,new,https://egypt.souq.com/eg-en/mobile-phone/l/?section=2&page=1
"LG V10 - 32GB, 4G LTE, Modern Beige",5350,EGP,new,https://egypt.souq.com/eg-en/mobile-phone/l/?section=2&page=1
"Nokia 6.1 Dual Sim 4G LTE - 64GB , RAM 4GB , Blue",3699,EGP,new,https://egypt.souq.com/eg-en/mobile-phone/l/?section=2&page=1
"Sony Xperia L2 - 32GB, 3GB RAM, 4G LTE, Pink",3399,EGP,new,https://egypt.souq.com/eg-en/mobile-phone/l/?section=2&page=1
"Viwa i6-smart Dual Sim, 3G, 4GB, 4 Inch, Grey",635,EGP,new,https://egypt.souq.com/eg-en/mobile-phone/l/?section=2&page=1
VIWA F1711  red/black,240,EGP,new,https://egypt.souq.com/eg-en/mobile-phone/l/?section=2&page=1
"Nokia 108 RM-945 - 4 MB, Red",749,EGP,new,https://egypt.souq.com/eg-en/mobile-phone/l/?section=2&page=1
"Samsung Galaxy Note 5 Dual Sim - 32GB, 4G LTE, Pearl White",8899,EGP,new,https://egypt.souq.com/eg-en/mobile-phone/l/?section=2&page=1
SONY XPERIA XA1 - 3GB RAM -32GB MEMORY 5 INCH BLACK,3750,EGP,new,https://egypt.souq.com/eg-en/mobile-phone/l/?section=2&page=1
"Nokia 108 RM-945 - 4 MB, White",749,EGP,new,https://egypt.souq.com/eg-en/mobile-phone/l/?section=2&page=1
"Huawei Nova 2 Plus Dual SIM - 64GB, 4GB RAM, 4G LTE, Prestige Gold",6600,EGP,new,https://egypt.souq.com/eg-en/mobile-phone/l/?section=2&page=1
"OneClick K350 Dual SIM - 32MB, 32MB RAM, 2G, Yellow",240,EGP,new,https://egypt.souq.com/eg-en/mobile-phone/l/?section=2&page=1
"Blackberry Key2 LE Dual SIM - 64GB, 4GB RAM, 4G LTE, Champange",10999,EGP,new,https://egypt.souq.com/eg-en/mobile-phone/l/?section=2&page=1
"Samsung Galaxy J3 2016 - 8GB, 3G, WiFi, White",1969,EGP,new,https://egypt.souq.com/eg-en/mobile-phone/l/?section=2&page=1
"Alcatel A5, 32 GB, Silver, 4G LTE",2200,EGP,new,https://egypt.souq.com/eg-en/mobile-phone/l/?section=2&page=1
"NOKIA 7 Plus Dual SIM, 64 GB, 4 GB RAM - Black",5200,EGP,new,https://egypt.souq.com/eg-en/mobile-phone/l/?section=2&page=1
"HTC U 11 Dual SIM - 128GB, 6GB RAM, 4G LTE, Ice White",6999,EGP,new,https://egypt.souq.com/eg-en/mobile-phone/l/?section=2&page=1
"Nokia 230 - 2.8 Inch, 2G, 16MB RAM, Silver",1550,EGP,new,https://egypt.souq.com/eg-en/mobile-phone/l/?section=2&page=1
"Sony Xperia XA1 Ultra - 32GB, 4GB RAM, 4G LTE, Pink",3999,EGP,new,https://egypt.souq.com/eg-en/mobile-phone/l/?section=2&page=1
"Nokia 108 RM-945 - 4 MB, Yellow",749,EGP,new,https://egypt.souq.com/eg-en/mobile-phone/l/?section=2&page=1
"IKU i1 Dual-SIM , 8GB , 1GB RAM , 3G , Gold",889,EGP,new,https://egypt.souq.com/eg-en/mobile-phone/l/?section=2&page=1
"Huawei P9 - 32GB, 4G LTE, Mystic Silver",7255,EGP,new,https://egypt.souq.com/eg-en/mobile-phone/l/?section=2&page=1
"Meizu M3 Note Dual SIM - 16 GB, 4G LTE, Gold",2515,EGP,new,https://egypt.souq.com/eg-en/mobile-phone/l/?section=2&page=1
Hope Mobile - Dual Sim - 15000 mAh - Black - S31,1950,EGP,new,https://egypt.souq.com/eg-en/mobile-phone/l/?section=2&page=1
R105 - 1.77'' Dual SIM Mobile Phone-Grey,205,EGP,new,https://egypt.souq.com/eg-en/mobile-phone/l/?section=2&page=1
"Nokia 108 RM-944 (4 MB, Black)",749,EGP,new,https://egypt.souq.com/eg-en/mobile-phone/l/?section=2&page=1
"Meizu M6T Dual Sim - 16GB, 2GB RAM, 4G LTE, Red",2115,EGP,new,https://egypt.souq.com/eg-en/mobile-phone/l/?section=2&page=1
"Xtouch K3 - 16GB, 1GB Ram, 3G , Gold",1059,EGP,new,https://egypt.souq.com/eg-en/mobile-phone/l/?section=2&page=1
"HTC Desire 650 Dual SIM - 32GB, 3GB RAM, 4G LTE, Blue",2935,EGP,new,https://egypt.souq.com/eg-en/mobile-phone/l/?section=2&page=1
BM 50 Mini Wireless Mobile Phone - Handsfree Bluetooth Mini Phone,360,EGP,new,https://egypt.souq.com/eg-en/mobile-phone/l/?section=2&page=1
"Motorola Moto Z2 Force XT1789 Smartphone, Black",6999,EGP,new,https://egypt.souq.com/eg-en/mobile-phone/l/?section=2&page=1
"Sony Xperia XA - 16 GB, 2 GB, 4G LTE, WiFi, Graphite Black",2655,EGP,new,https://egypt.souq.com/eg-en/mobile-phone/l/?section=2&page=1
"HuaweiY5 Prime 2018 Dual SIM - 16GB, 2GB RAM, 4G LTE, Blue",2350,EGP,new,https://egypt.souq.com/eg-en/mobile-phone/l/?section=2&page=1
"Oppo F5 Dual Sim - 64GB, 6GB RAM,  4G , Red",5949,EGP,new,https://egypt.souq.com/eg-en/mobile-phone/l/?section=2&page=1
iku  R180 dual-chip phone operates on the second generation network,169,EGP,new,https://egypt.souq.com/eg-en/mobile-phone/l/?section=2&page=1
"Wiko Freddy Dual SIM - 8GB, 1GB RAM, 4G LTE, Bleen",1028,EGP,new,https://egypt.souq.com/eg-en/mobile-phone/l/?section=2&page=1
"Sony Xperia XZ Dual Sim - 64 GB, Ram 3 GB, 4G LTE, Platinum",6750,EGP,new,https://egypt.souq.com/eg-en/mobile-phone/l/?section=2&page=1
"Motorola C  - 16 GB, Red",1333,EGP,new,https://egypt.souq.com/eg-en/mobile-phone/l/?section=2&page=1
"Wiko Robby Dual Sim - 16 GB,1GB RAM,3G, Space Grey",1289,EGP,new,https://egypt.souq.com/eg-en/mobile-phone/l/?section=2&page=1
"iQ&T G4 Dual SIM - 16GB, 2GB RAM, 4G LTE, White",1545,EGP,new,https://egypt.souq.com/eg-en/mobile-phone/l/?section=2&page=1
CAMON CM CA6,2399,EGP,new,https://egypt.souq.com/eg-en/mobile-phone/l/?section=2&page=1
"Samsung Galaxy S6 Edge - 32GB, 4G LTE, White",6999,EGP,new,https://egypt.souq.com/eg-en/mobile-phone/l/?section=2&page=1
"Sony Xperia XZ2 - 64GB, 4GB RAM, 4G LTE, Deep Green",12395,EGP,new,https://egypt.souq.com/eg-en/mobile-phone/l/?section=2&page=1
"Nokia 2 Dual SIM - 8GB, 1GB RAM, 4G LTE, Copper/Black",1499,EGP,new,https://egypt.souq.com/eg-en/mobile-phone/l/?section=2&page=1
"Wiko Sunny Max Dual Sim - 8 GB, 512 MB RAM, 3G,Space Grey",845,EGP,new,https://egypt.souq.com/eg-en/mobile-phone/l/?section=2&page=1
Nokia 2.1 Dual Sim - 8GB - 1GB RAM - 4G LTE - Blue/Silver,1699,EGP,new,https://egypt.souq.com/eg-en/mobile-phone/l/?section=2&page=1
"Nokia 3310 2017 - 16MB, 2G, 2 MP, Warm Red",899,EGP,new,https://egypt.souq.com/eg-en/mobile-phone/l/?section=2&page=1
موبايل 5.5 بوصة - 16 جيجا بايت - أسود بشريحتي اتصال,1616,EGP,new,https://egypt.souq.com/eg-en/mobile-phone/l/?section=2&page=1
"AlcatelPixi 4 (6) 9001D Dual SIM - 16GB, 2GB RAM, 4G LTE, Metal Gold",2665,EGP,new,https://egypt.souq.com/eg-en/mobile-phone/l/?section=2&page=1
"Huawei Y6II Compact Dual SIM - 16GB, 2GB RAM, 4G LTE, White",2500,EGP,new,https://egypt.souq.com/eg-en/mobile-phone/l/?section=2&page=1
"Infinix Hot S2 X522 Dual Sim - 16GB, 2GB RAM, 4G LTE, Quartz Black",2775,EGP,new,https://egypt.souq.com/eg-en/mobile-phone/l/?section=2&page=1
"Darago D3 Dual SIM Mobile Phone - 2G, 1.7 Inch, Black",220,EGP,new,https://egypt.souq.com/eg-en/mobile-phone/l/?section=2&page=1
"iTel A31 Dual SIM Mobile Phone- 8 GB, 1 GB RAM, 3G, Jazz Blue",1070,EGP,new,https://egypt.souq.com/eg-en/mobile-phone/l/?section=2&page=1
"ZTE Blade A320, 8GB, 1GB RAM, 4G, DUAL SIM",949,EGP,new,https://egypt.souq.com/eg-en/mobile-phone/l/?section=2&page=1
"Tecno Spark Dual SIM - 16GB, 3G, Black",1819,EGP,new,https://egypt.souq.com/eg-en/mobile-phone/l/?section=2&page=1
"IKU C40i Dual-SIM , 4GB , 3G , Black",650,EGP,new,https://egypt.souq.com/eg-en/mobile-phone/l/?section=2&page=1
"OPPO R17 Pro 8GB RAM, 128GB Storage, Triple Camera, 3700 mAh",13999,EGP,new,https://egypt.souq.com/eg-en/mobile-phone/l/?section=2&page=1
Sico Mini 3 Dual Sim - 1.77 Inch - 2G - Black,290,EGP,new,https://egypt.souq.com/eg-en/mobile-phone/l/?section=2&page=1
"Samsung Galaxy A7 2017, 32 GB, Gold, 4G LTE",5099,EGP,new,https://egypt.souq.com/eg-en/mobile-phone/l/?section=2&page=1
"Lenovo S5 Dual Sim -64GB, 4GB Ram, 4G, Black",4249,EGP,new,https://egypt.souq.com/eg-en/mobile-phone/l/?section=2&page=1
"Wiko Lenny3 Max Dual Sim - 16 GB,2 GB RAM,3G, Rose Gold",1899,EGP,new,https://egypt.souq.com/eg-en/mobile-phone/l/?section=2&page=1
"Sony Xperia XA1 Plus  - 32GB, 4GB RAM, 4G LTE - Black",4929,EGP,new,https://egypt.souq.com/eg-en/mobile-phone/l/?section=2&page=1
"One Click Tank Dual Sim 2.4 Inch Mobile- 2 Camera, Black",399,EGP,new,https://egypt.souq.com/eg-en/mobile-phone/l/?section=2&page=1
"Samsung Galaxy A7 2017, 32 GB, Blue, 4G LTE",5099,EGP,new,https://egypt.souq.com/eg-en/mobile-phone/l/?section=2&page=1
"Sony XA1 Plus G3412-PINK - 32 GB, 4G LTE, Pink",4925,EGP,new,https://egypt.souq.com/eg-en/mobile-phone/l/?section=2&page=1
"ITel S12 Dual SIM Mobile Phone- 8 GB, 1 GB RAM, 3G, Silver",1239,EGP,new,https://egypt.souq.com/eg-en/mobile-phone/l/?section=2&page=1
"IKU K2 Dual-SIM , 16GB 1GB Ram 4G , Gold",1449,EGP,new,https://egypt.souq.com/eg-en/mobile-phone/l/?section=2&page=1
"iQ&T iFoo U50 Dual SIM - 16GB, 1GB RAM, 3G, Gold",1550,EGP,new,https://egypt.souq.com/eg-en/mobile-phone/l/?section=2&page=1
Ulefone Power 5  MTK6763 Octa Core 6 INCH FHD 6GB RAM 64GB ROM 13000mAh 4G 4 Cameras Face ID,9999,EGP,new,https://egypt.souq.com/eg-en/mobile-phone/l/?section=2&page=1
"Ulefone power 5 dual sim - 64 gb rom , 6 gb ram , 4 g , black",9999,EGP,new,https://egypt.souq.com/eg-en/mobile-phone/l/?section=2&page=1
"iQ&T G4 Dual SIM - 16GB, 2GB RAM, 4G LTE, Gold",1849,EGP,new,https://egypt.souq.com/eg-en/mobile-phone/l/?section=2&page=1
"Samsung Galaxy S8 Plus - 64 GB, Gold",11800,EGP,new,https://egypt.souq.com/eg-en/mobile-phone/l/?section=2&page=1
"Wiko Freddy Dual SIM - 8GB, 1GB RAM, 4G LTE, Pure white",1239,EGP,new,https://egypt.souq.com/eg-en/mobile-phone/l/?section=2&page=1
"Sony Xperia Z5 Premium - 32GB, 4G LTE, Black",6199,EGP,new,https://egypt.souq.com/eg-en/mobile-phone/l/?section=2&page=1
"iQ&T iFoo A101 Dual SIM - 16GB, 1GB RAM, 3G, Grey",1299,EGP,new,https://egypt.souq.com/eg-en/mobile-phone/l/?section=2&page=1
"Alcatel Pixi 4 3G Dual Sim 6 inch, 8050D Metal Gold",1625,EGP,new,https://egypt.souq.com/eg-en/mobile-phone/l/?section=2&page=1
"iKU K2-5'' Dual Sim,Camera 8MP-Metal-Black",1299,EGP,new,https://egypt.souq.com/eg-en/mobile-phone/l/?section=2&page=1
"iKU K2-5'' Dual Sim,Camera 8MP-Metal-Mocha Brown",1299,EGP,new,https://egypt.souq.com/eg-en/mobile-phone/l/?section=2&page=1
"iKU K2-5'' Dual Sim,Camera 8MP-Metal-Grey",1299,EGP,new,https://egypt.souq.com/eg-en/mobile-phone/l/?section=2&page=1
"Gionee X1 Dual Sim, 2GB, 16GB,4G - Gold",2189,EGP,new,https://egypt.souq.com/eg-en/mobile-phone/l/?section=2&page=1
Tecno CM Dual Sim - 32 GB - Black,2500,EGP,new,https://egypt.souq.com/eg-en/mobile-phone/l/?section=2&page=1
"Wiko Sunny Max Dual Sim - 8 GB, 512 MB RAM, 3G,Gold",845,EGP,new,https://egypt.souq.com/eg-en/mobile-phone/l/?section=2&page=1
"Hisense E76 - 32GB, 3GB Ram, 4G , Rose Gold",2755,EGP,new,https://egypt.souq.com/eg-en/mobile-phone/l/?section=2&page=1
Nokia 2.1 Dual SIM 8GB 1GB RAM 4G LTE Blue Copper,1699,EGP,new,https://egypt.souq.com/eg-en/mobile-phone/l/?section=2&page=1
"Hisense U972 Dual Sim - 8GB, 1GB RAM, 3G, Wifi , Black",999,EGP,new,https://egypt.souq.com/eg-en/mobile-phone/l/?section=2&page=1
"Sony Xperia XZ3 (6, 64GB, Dual SIM, 19MP, White Silver)",13200,EGP,new,https://egypt.souq.com/eg-en/mobile-phone/l/?section=2&page=1
"iQ&T iFoo U50 Dual SIM - 16GB, 1GB RAM, 3G, Silver",1550,EGP,new,https://egypt.souq.com/eg-en/mobile-phone/l/?section=2&page=1
SODA - S1 - 32 GIGA RAM - 3 GIGA ROOM  & FINGERPRINT,2199,EGP,new,https://egypt.souq.com/eg-en/mobile-phone/l/?section=2&page=1
Mtouch E20 Dual SIM Mobile Phone -Black,260,EGP,new,https://egypt.souq.com/eg-en/mobile-phone/l/?section=2&page=1
Mtouch E20 Dual SIM Mobile Phone -White,260,EGP,new,https://egypt.souq.com/eg-en/mobile-phone/l/?section=2&page=1
Mtouch Y100 Dual SIM Mobile Phone -Black,230,EGP,new,https://egypt.souq.com/eg-en/mobile-phone/l/?section=2&page=1
"Gionee P8W Dual Sim - 16GB , 1GB , 3G , Grey",1429,EGP,new,https://egypt.souq.com/eg-en/mobile-phone/l/?section=2&page=1
"Iku Zeuz Z55i - 5.5 Inch, 16GB Rose Gold",1650,EGP,new,https://egypt.souq.com/eg-en/mobile-phone/l/?section=2&page=1
Nokia 108 DS RM-944 Black (A00014597),749,EGP,new,https://egypt.souq.com/eg-en/mobile-phone/l/?section=2&page=1
"Samsung Galaxy A6 Plus 2018, Dual SIM - 64GB, 4GB RAM, 4G LTE, Blue",6500,EGP,new,https://egypt.souq.com/eg-en/mobile-phone/l/?section=2&page=1
"IKU C40i Dual-SIM , 4GB 3G , Gold",650,EGP,new,https://egypt.souq.com/eg-en/mobile-phone/l/?section=2&page=1
"ITEL A32F Dual Sim - 8GB, 1GB RAM, 3G, Rose Gold",1199,EGP,new,https://egypt.souq.com/eg-en/mobile-phone/l/?section=2&page=1
"iQ&T iFoo U50 Dual SIM - 16GB, 1GB RAM, 3G, White",1275,EGP,new,https://egypt.souq.com/eg-en/mobile-phone/l/?section=2&page=1
"IKU K2 Dual-SIM , 16GB 1GB Ram 4G , Grey",1449,EGP,new,https://egypt.souq.com/eg-en/mobile-phone/l/?section=2&page=1
"S-COLOR S9 Plus ,4G-LTE, 4GB RAM, 64GB STORAGE - GOLD",14500,EGP,new,https://egypt.souq.com/eg-en/mobile-phone/l/?section=2&page=1
SODA - S1 -32 GIGA ROOM -3 GIGA RAM & FINGERPRINT,2249,EGP,new,https://egypt.souq.com/eg-en/mobile-phone/l/?section=2&page=1
"Yezz Andy 5T Dual Sim - 4GB, Android OS, 3G, Grey",1099,EGP,new,https://egypt.souq.com/eg-en/mobile-phone/l/?section=2&page=1
vivo x21 ud Red,8555,EGP,new,https://egypt.souq.com/eg-en/mobile-phone/l/?section=2&page=1
"IKU i1 Dual-SIM , 8GB , 1GB RAM , 3G , Black",889,EGP,new,https://egypt.souq.com/eg-en/mobile-phone/l/?section=2&page=1
"IQ&T Ifoo N50 Dual SIM - 16GB, 3G, Black",1444,EGP,new,https://egypt.souq.com/eg-en/mobile-phone/l/?section=2&page=1
"iQ&T iFoo A101 Dual SIM - 16GB, 1GB RAM, 3G, Gold",1299,EGP,new,https://egypt.souq.com/eg-en/mobile-phone/l/?section=2&page=1
"iMobily I666 Dual SIM - 2.8 Inch, 2G, White",296,EGP,new,https://egypt.souq.com/eg-en/mobile-phone/l/?section=2&page=1
"iMobily I222 Dual SIM - 2.4 Inch, 2G, Blue",270,EGP,new,https://egypt.souq.com/eg-en/mobile-phone/l/?section=2&page=1
"Gionee A1 Lite Dual Sim - 32GB , 3GB , 4G , Black",2959,EGP,new,https://egypt.souq.com/eg-en/mobile-phone/l/?section=2&page=1
"TECNO T431, 2.4''Screen, with Back Camera, 8MB RAM",450,EGP,new,https://egypt.souq.com/eg-en/mobile-phone/l/?section=2&page=1
Tecno Pop 1 Pro - 5.5-inch 16GB Dual SIM 3G Mobile Phone - Gold,2500,EGP,new,https://egypt.souq.com/eg-en/mobile-phone/l/?section=2&page=1
Tecno spark 2  memory 16GB-RAM 1Giga-camera 13m,2400,EGP,new,https://egypt.souq.com/eg-en/mobile-phone/l/?section=2&page=1
"IKU K1 Dual-SIM , 16GB 1GB Ram 4G , Gold",1379,EGP,new,https://egypt.souq.com/eg-en/mobile-phone/l/?section=2&page=1
C40i 3G - 4'' - 4 GB Rom Dual SIM Mobile Phone,650,EGP,new,https://egypt.souq.com/eg-en/mobile-phone/l/?section=2&page=1
"Tecno T410 Dual SIM - 4MB, 4MB RAM, 3G, Black",450,EGP,new,https://egypt.souq.com/eg-en/mobile-phone/l/?section=2&page=1
"Gionee P8W Dual Sim - 16Gb Storage , 1Gb Ram , 3G , Gold",1475,EGP,new,https://egypt.souq.com/eg-en/mobile-phone/l/?section=2&page=1
"Iku Zeuz Z55i - 5.5 Inch, 16GB Rose Gold",1650,EGP,new,https://egypt.souq.com/eg-en/mobile-phone/l/?section=2&page=1
"Iku Zeuz Z55i - 5.5 Inch, 16GB Gold",1650,EGP,new,https://egypt.souq.com/eg-en/mobile-phone/l/?section=2&page=1
"Tecno Camon CX Dual SIM - 16GB, 2GB RAM, 4G LTE, Blue",3125,EGP,new,https://egypt.souq.com/eg-en/mobile-phone/l/?section=2&page=1
"Zte Blade A910 , 5.5 inch , Dual SIM , 4G LTE , 16 GB , Silver",2999,EGP,new,https://egypt.souq.com/eg-en/mobile-phone/l/?section=2&page=1
"Zeuz Z55i, Screen 5.5"", 16GB ROM",1650,EGP,new,https://egypt.souq.com/eg-en/mobile-phone/l/?section=2&page=1
"ZTE Blade A910 , 5.5 inch , Dual SIM , 4G LTE , 16 GB , Grey",2999,EGP,new,https://egypt.souq.com/eg-en/mobile-phone/l/?section=2&page=1
"iKU K45i - 4 Gb, 512 Mb Ram, 3G , Black",660,EGP,new,https://egypt.souq.com/eg-en/mobile-phone/l/?section=2&page=1
Samsung Galaxy J5 Dual Sim 3G 8GB - Midnight Black (J500HD),2500,EGP,new,https://egypt.souq.com/eg-en/mobile-phone/l/?section=2&page=1
ابل ايفون 6s مع فيس تايم - 64 جيجا، الجيل الرابع LTE، ذهبي وردي,8750,EGP,new,https://egypt.souq.com/eg-en/mobile-phone/l/?section=2&page=1
