mobiles,prices,currency,new_used,web
QMobileL3 Lite,1399,Rs.,new,https://www.whatmobile.com.pk/0_to_150001_Mobiles
QMobileI8i Pro II,9700,Rs.,new,https://www.whatmobile.com.pk/0_to_150001_Mobiles
QMobileParis,1999,Rs.,new,https://www.whatmobile.com.pk/0_to_150001_Mobiles
QMobileDouble Dhamal,1995,Rs.,new,https://www.whatmobile.com.pk/0_to_150001_Mobiles
QMobileHero One,1950,Rs.,new,https://www.whatmobile.com.pk/0_to_150001_Mobiles
QMobileCommando 1,2750,Rs.,new,https://www.whatmobile.com.pk/0_to_150001_Mobiles
VivoV15,49999,Rs.,new,https://www.whatmobile.com.pk/0_to_150001_Mobiles
QMobilePhantom P1 Pro,18500,Rs.,new,https://www.whatmobile.com.pk/0_to_150001_Mobiles
QMobilePhantom P1,16999,Rs.,new,https://www.whatmobile.com.pk/0_to_150001_Mobiles
ZongZ1,9999,Rs.,new,https://www.whatmobile.com.pk/0_to_150001_Mobiles
QMobileFire,12500,Rs.,new,https://www.whatmobile.com.pk/0_to_150001_Mobiles
InfinixHot 7,15299,Rs.,new,https://www.whatmobile.com.pk/0_to_150001_Mobiles
VivoY91c,19999,Rs.,new,https://www.whatmobile.com.pk/0_to_150001_Mobiles
QMobilei5i 2018,8899,Rs.,new,https://www.whatmobile.com.pk/0_to_150001_Mobiles
VivoV15 Pro,64999,Rs.,new,https://www.whatmobile.com.pk/0_to_150001_Mobiles
TecnoCamon iSky 2,16800,Rs.,new,https://www.whatmobile.com.pk/0_to_150001_Mobiles
OppoA3s 3GB,26999,Rs.,new,https://www.whatmobile.com.pk/0_to_150001_Mobiles
HuaweiY6 Prime 2019,21499,Rs.,new,https://www.whatmobile.com.pk/0_to_150001_Mobiles
HuaweiY7 Prime 2019,28999,Rs.,new,https://www.whatmobile.com.pk/0_to_150001_Mobiles
QMobileX6030,3049,Rs.,new,https://www.whatmobile.com.pk/0_to_150001_Mobiles
HuaweiY5 Lite,16900,Rs.,new,https://www.whatmobile.com.pk/0_to_150001_Mobiles
TecnoPop 1 Pro,11999,Rs.,new,https://www.whatmobile.com.pk/0_to_150001_Mobiles
VivoY91,27999,Rs.,new,https://www.whatmobile.com.pk/0_to_150001_Mobiles
RealmeC1,18999,Rs.,new,https://www.whatmobile.com.pk/0_to_150001_Mobiles
Realme2 Pro,46999,Rs.,new,https://www.whatmobile.com.pk/0_to_150001_Mobiles
QMobileL105,1640,Rs.,new,https://www.whatmobile.com.pk/0_to_150001_Mobiles
HuaweiMediaPad T3 7,16700,Rs.,new,https://www.whatmobile.com.pk/0_to_150001_Mobiles
HuaweiMediaPad T3 10,28699,Rs.,new,https://www.whatmobile.com.pk/0_to_150001_Mobiles
MeizuM6T,24000,Rs.,new,https://www.whatmobile.com.pk/0_to_150001_Mobiles
MeizuC9,14000,Rs.,new,https://www.whatmobile.com.pk/0_to_150001_Mobiles
HuaweiWatch GT,29999,Rs.,new,https://www.whatmobile.com.pk/0_to_150001_Mobiles
Honor8X 64GB,36999,Rs.,new,https://www.whatmobile.com.pk/0_to_150001_Mobiles
Nokia106 2018,3150,Rs.,new,https://www.whatmobile.com.pk/0_to_150001_Mobiles
Honor10 Lite,38999,Rs.,new,https://www.whatmobile.com.pk/0_to_150001_Mobiles
XiaomiRedmi Note 6 Pro 4GB,36999,Rs.,new,https://www.whatmobile.com.pk/0_to_150001_Mobiles
SamsungGalaxy J4 Core,18499,Rs.,new,https://www.whatmobile.com.pk/0_to_150001_Mobiles
InfinixSmart 2 HD,13999,Rs.,new,https://www.whatmobile.com.pk/0_to_150001_Mobiles
VivoY95,34999,Rs.,new,https://www.whatmobile.com.pk/0_to_150001_Mobiles
Nokia8.1,69900,Rs.,new,https://www.whatmobile.com.pk/0_to_150001_Mobiles
VivoY81i,18999,Rs.,new,https://www.whatmobile.com.pk/0_to_150001_Mobiles
Nokia3.1 Plus,24950,Rs.,new,https://www.whatmobile.com.pk/0_to_150001_Mobiles
SamsungGalaxy A9 2018,99999,Rs.,new,https://www.whatmobile.com.pk/0_to_150001_Mobiles
QMobileQInfinity Prime,17999,Rs.,new,https://www.whatmobile.com.pk/0_to_150001_Mobiles
Honor8C,26499,Rs.,new,https://www.whatmobile.com.pk/0_to_150001_Mobiles
Nokia7.1,45900,Rs.,new,https://www.whatmobile.com.pk/0_to_150001_Mobiles
OppoA7,36999,Rs.,new,https://www.whatmobile.com.pk/0_to_150001_Mobiles
XiaomiMi 8 Lite,34999,Rs.,new,https://www.whatmobile.com.pk/0_to_150001_Mobiles
SamsungGalaxy J4 Plus,23499,Rs.,new,https://www.whatmobile.com.pk/0_to_150001_Mobiles
XiaomiRedmi Note 6 Pro,33500,Rs.,new,https://www.whatmobile.com.pk/0_to_150001_Mobiles
HuaweiY9 2019,40850,Rs.,new,https://www.whatmobile.com.pk/0_to_150001_Mobiles
InfinixHot 6,17999,Rs.,new,https://www.whatmobile.com.pk/0_to_150001_Mobiles
InfinixNote 5 Stylus,37899,Rs.,new,https://www.whatmobile.com.pk/0_to_150001_Mobiles
OppoRealme 2 Pro,46999,Rs.,new,https://www.whatmobile.com.pk/0_to_150001_Mobiles
OppoF9 6GB,49999,Rs.,new,https://www.whatmobile.com.pk/0_to_150001_Mobiles
VivoV11 Pro,53999,Rs.,new,https://www.whatmobile.com.pk/0_to_150001_Mobiles
QMobileQInfinity D,9999,Rs.,new,https://www.whatmobile.com.pk/0_to_150001_Mobiles
VivoV11,43999,Rs.,new,https://www.whatmobile.com.pk/0_to_150001_Mobiles
Honor8X,42999,Rs.,new,https://www.whatmobile.com.pk/0_to_150001_Mobiles
XiaomiRedmi 6 4GB,24999,Rs.,new,https://www.whatmobile.com.pk/0_to_150001_Mobiles
XiaomiRedmi 6A 32GB,18999,Rs.,new,https://www.whatmobile.com.pk/0_to_150001_Mobiles
XiaomiPocophone F1,56999,Rs.,new,https://www.whatmobile.com.pk/0_to_150001_Mobiles
OppoR17 Pro,109999,Rs.,new,https://www.whatmobile.com.pk/0_to_150001_Mobiles
HonorPlay,41999,Rs.,new,https://www.whatmobile.com.pk/0_to_150001_Mobiles
BlackBerryEvolve,57999,Rs.,new,https://www.whatmobile.com.pk/0_to_150001_Mobiles
OppoF9,44999,Rs.,new,https://www.whatmobile.com.pk/0_to_150001_Mobiles
InfinixHot S3X 4GB,32999,Rs.,new,https://www.whatmobile.com.pk/0_to_150001_Mobiles
InfinixHot S3X,25600,Rs.,new,https://www.whatmobile.com.pk/0_to_150001_Mobiles
InfinixHot S3 4GB,25999,Rs.,new,https://www.whatmobile.com.pk/0_to_150001_Mobiles
QMobileQInfinity Cinema,14500,Rs.,new,https://www.whatmobile.com.pk/0_to_150001_Mobiles
Nokia6.1 Plus,37800,Rs.,new,https://www.whatmobile.com.pk/0_to_150001_Mobiles
HuaweiNova 3i,45200,Rs.,new,https://www.whatmobile.com.pk/0_to_150001_Mobiles
TelenorInfinity E3,9900,Rs.,new,https://www.whatmobile.com.pk/0_to_150001_Mobiles
SamsungGalaxy J6 Plus,30999,Rs.,new,https://www.whatmobile.com.pk/0_to_150001_Mobiles
OppoA3s,19999,Rs.,new,https://www.whatmobile.com.pk/0_to_150001_Mobiles
SamsungGalaxy J2 Core,16799,Rs.,new,https://www.whatmobile.com.pk/0_to_150001_Mobiles
InfinixSmart 2 32GB,19500,Rs.,new,https://www.whatmobile.com.pk/0_to_150001_Mobiles
XiaomiRedmi S2 4GB,28999,Rs.,new,https://www.whatmobile.com.pk/0_to_150001_Mobiles
InfinixSmart 2,16500,Rs.,new,https://www.whatmobile.com.pk/0_to_150001_Mobiles
OppoA5,30999,Rs.,new,https://www.whatmobile.com.pk/0_to_150001_Mobiles
InfinixNote 5,32999,Rs.,new,https://www.whatmobile.com.pk/0_to_150001_Mobiles
VivoY81,23999,Rs.,new,https://www.whatmobile.com.pk/0_to_150001_Mobiles
Nokia5.1 Plus,26900,Rs.,new,https://www.whatmobile.com.pk/0_to_150001_Mobiles
OppoFind X,129999,Rs.,new,https://www.whatmobile.com.pk/0_to_150001_Mobiles
QMobileQInfinity E Lite,10900,Rs.,new,https://www.whatmobile.com.pk/0_to_150001_Mobiles
XiaomiRedmi 6A,17999,Rs.,new,https://www.whatmobile.com.pk/0_to_150001_Mobiles
XiaomiRedmi 6,19999,Rs.,new,https://www.whatmobile.com.pk/0_to_150001_Mobiles
XiaomiMi A2 Lite,28999,Rs.,new,https://www.whatmobile.com.pk/0_to_150001_Mobiles
Nokia3.1,21250,Rs.,new,https://www.whatmobile.com.pk/0_to_150001_Mobiles
Nokia2.1,14999,Rs.,new,https://www.whatmobile.com.pk/0_to_150001_Mobiles
QMobileBlue 5,8700,Rs.,new,https://www.whatmobile.com.pk/0_to_150001_Mobiles
XiaomiMi 8,64999,Rs.,new,https://www.whatmobile.com.pk/0_to_150001_Mobiles
Honor7S,18999,Rs.,new,https://www.whatmobile.com.pk/0_to_150001_Mobiles
InfinixHot 6 Pro,22500,Rs.,new,https://www.whatmobile.com.pk/0_to_150001_Mobiles
BlackBerryKey 2,102999,Rs.,new,https://www.whatmobile.com.pk/0_to_150001_Mobiles
QMobileNoir LT100,6999,Rs.,new,https://www.whatmobile.com.pk/0_to_150001_Mobiles
SamsungGalaxy S9 Plus 128GB,111999,Rs.,new,https://www.whatmobile.com.pk/0_to_150001_Mobiles
MotorolaMoto E5 Plus,27000,Rs.,new,https://www.whatmobile.com.pk/0_to_150001_Mobiles
TecnoCamon I Air,17699,Rs.,new,https://www.whatmobile.com.pk/0_to_150001_Mobiles
TecnoCamon X,20999,Rs.,new,https://www.whatmobile.com.pk/0_to_150001_Mobiles
TecnoCamon X Pro,28999,Rs.,new,https://www.whatmobile.com.pk/0_to_150001_Mobiles
XiaomiRedmi S2,22499,Rs.,new,https://www.whatmobile.com.pk/0_to_150001_Mobiles
OppoF7 128GB,50000,Rs.,new,https://www.whatmobile.com.pk/0_to_150001_Mobiles
OppoA83 4GB,25999,Rs.,new,https://www.whatmobile.com.pk/0_to_150001_Mobiles
SamsungGalaxy J6,27999,Rs.,new,https://www.whatmobile.com.pk/0_to_150001_Mobiles
OppoF7 Youth,26999,Rs.,new,https://www.whatmobile.com.pk/0_to_150001_Mobiles
VivoV9 Youth,27999,Rs.,new,https://www.whatmobile.com.pk/0_to_150001_Mobiles
HuaweiY5 Prime 2018,19999,Rs.,new,https://www.whatmobile.com.pk/0_to_150001_Mobiles
Honor10,59999,Rs.,new,https://www.whatmobile.com.pk/0_to_150001_Mobiles
SamsungGalaxy Note 9,139999,Rs.,new,https://www.whatmobile.com.pk/0_to_150001_Mobiles
HuaweiY6 Prime 2018,18999,Rs.,new,https://www.whatmobile.com.pk/0_to_150001_Mobiles
SamsungGalaxy A6 Plus 2018,49999,Rs.,new,https://www.whatmobile.com.pk/0_to_150001_Mobiles
SamsungGalaxy A6,42899,Rs.,new,https://www.whatmobile.com.pk/0_to_150001_Mobiles
TelenorInfinity E2,10900,Rs.,new,https://www.whatmobile.com.pk/0_to_150001_Mobiles
TelenorInfinity A2,13900,Rs.,new,https://www.whatmobile.com.pk/0_to_150001_Mobiles
TelenorInfinity E,9500,Rs.,new,https://www.whatmobile.com.pk/0_to_150001_Mobiles
TelenorInfinity I,7500,Rs.,new,https://www.whatmobile.com.pk/0_to_150001_Mobiles
TelenorInfinity A,13000,Rs.,new,https://www.whatmobile.com.pk/0_to_150001_Mobiles
LenovoK5 Play,23999,Rs.,new,https://www.whatmobile.com.pk/0_to_150001_Mobiles
Honor7A,18999,Rs.,new,https://www.whatmobile.com.pk/0_to_150001_Mobiles
VivoY71,19999,Rs.,new,https://www.whatmobile.com.pk/0_to_150001_Mobiles
QMobileQInfinity E,12000,Rs.,new,https://www.whatmobile.com.pk/0_to_150001_Mobiles
HTCU12 Plus,112999,Rs.,new,https://www.whatmobile.com.pk/0_to_150001_Mobiles
QMobileQInfinity C,10500,Rs.,new,https://www.whatmobile.com.pk/0_to_150001_Mobiles
QMobileQInfinity B,8999,Rs.,new,https://www.whatmobile.com.pk/0_to_150001_Mobiles
QMobileI8i Pro,11000,Rs.,new,https://www.whatmobile.com.pk/0_to_150001_Mobiles
XiaomiMi A2,36999,Rs.,new,https://www.whatmobile.com.pk/0_to_150001_Mobiles
HuaweiY7 Prime 2018,27499,Rs.,new,https://www.whatmobile.com.pk/0_to_150001_Mobiles
LenovoS5,34999,Rs.,new,https://www.whatmobile.com.pk/0_to_150001_Mobiles
VivoV9,29999,Rs.,new,https://www.whatmobile.com.pk/0_to_150001_Mobiles
OppoF7,33000,Rs.,new,https://www.whatmobile.com.pk/0_to_150001_Mobiles
Honor7C,24999,Rs.,new,https://www.whatmobile.com.pk/0_to_150001_Mobiles
XiaomiRedmi 5 3GB,20500,Rs.,new,https://www.whatmobile.com.pk/0_to_150001_Mobiles
XiaomiRedmi 5 Plus 4GB,26900,Rs.,new,https://www.whatmobile.com.pk/0_to_150001_Mobiles
Honor5C Pro,18999,Rs.,new,https://www.whatmobile.com.pk/0_to_150001_Mobiles
Honor9,56999,Rs.,new,https://www.whatmobile.com.pk/0_to_150001_Mobiles
Honor9 Lite,26999,Rs.,new,https://www.whatmobile.com.pk/0_to_150001_Mobiles
Honor7X,31999,Rs.,new,https://www.whatmobile.com.pk/0_to_150001_Mobiles
HuaweiY9 2018,27499,Rs.,new,https://www.whatmobile.com.pk/0_to_150001_Mobiles
QMobileNoir S8 Plus,12000,Rs.,new,https://www.whatmobile.com.pk/0_to_150001_Mobiles
SamsungGalaxy J7 Pro 64GB,34500,Rs.,new,https://www.whatmobile.com.pk/0_to_150001_Mobiles
HuaweiP20 Pro,99999,Rs.,new,https://www.whatmobile.com.pk/0_to_150001_Mobiles
QMobileNoir E3 Dual,15000,Rs.,new,https://www.whatmobile.com.pk/0_to_150001_Mobiles
QMobileS9,12500,Rs.,new,https://www.whatmobile.com.pk/0_to_150001_Mobiles
Nokia8110 4G,9990,Rs.,new,https://www.whatmobile.com.pk/0_to_150001_Mobiles
SamsungGalaxy J7 Core 3GB,22999,Rs.,new,https://www.whatmobile.com.pk/0_to_150001_Mobiles
HuaweiHonor 7C,25500,Rs.,new,https://www.whatmobile.com.pk/0_to_150001_Mobiles
SamsungGalaxy J4,19999,Rs.,new,https://www.whatmobile.com.pk/0_to_150001_Mobiles
XiaomiRedmi Note 5 Pro,31999,Rs.,new,https://www.whatmobile.com.pk/0_to_150001_Mobiles
OppoF5 Limited Edition,34899,Rs.,new,https://www.whatmobile.com.pk/0_to_150001_Mobiles
HuaweiP20 Lite,34999,Rs.,new,https://www.whatmobile.com.pk/0_to_150001_Mobiles
InfinixHot S3,18999,Rs.,new,https://www.whatmobile.com.pk/0_to_150001_Mobiles
HuaweiP Smart,23999,Rs.,new,https://www.whatmobile.com.pk/0_to_150001_Mobiles
SamsungGalaxy J8 2018,40999,Rs.,new,https://www.whatmobile.com.pk/0_to_150001_Mobiles
Nokia7 Plus,39999,Rs.,new,https://www.whatmobile.com.pk/0_to_150001_Mobiles
QMobileEco 200 Classic,2150,Rs.,new,https://www.whatmobile.com.pk/0_to_150001_Mobiles
MotorolaMoto E5,22500,Rs.,new,https://www.whatmobile.com.pk/0_to_150001_Mobiles
QMobileNoir LT300,7250,Rs.,new,https://www.whatmobile.com.pk/0_to_150001_Mobiles
TecnoCamon I,19999,Rs.,new,https://www.whatmobile.com.pk/0_to_150001_Mobiles
OppoA71 2018,17999,Rs.,new,https://www.whatmobile.com.pk/0_to_150001_Mobiles
MotorolaMoto G6 Plus,42000,Rs.,new,https://www.whatmobile.com.pk/0_to_150001_Mobiles
MotorolaMoto G6,36499,Rs.,new,https://www.whatmobile.com.pk/0_to_150001_Mobiles
QMobilePower 9 Pro,2599,Rs.,new,https://www.whatmobile.com.pk/0_to_150001_Mobiles
SamsungGalaxy Grand Prime Pro,16999,Rs.,new,https://www.whatmobile.com.pk/0_to_150001_Mobiles
TecnoSpark Pro,14999,Rs.,new,https://www.whatmobile.com.pk/0_to_150001_Mobiles
LenovoK320T,15500,Rs.,new,https://www.whatmobile.com.pk/0_to_150001_Mobiles
SonyXperia L2,27999,Rs.,new,https://www.whatmobile.com.pk/0_to_150001_Mobiles
SonyXperia XA2 Ultra,48999,Rs.,new,https://www.whatmobile.com.pk/0_to_150001_Mobiles
Nokia1,9499,Rs.,new,https://www.whatmobile.com.pk/0_to_150001_Mobiles
XiaomiRedmi 5A HD,15500,Rs.,new,https://www.whatmobile.com.pk/0_to_150001_Mobiles
SamsungGalaxy S9 Plus,110999,Rs.,new,https://www.whatmobile.com.pk/0_to_150001_Mobiles
SamsungGalaxy A8 Plus 2018,63999,Rs.,new,https://www.whatmobile.com.pk/0_to_150001_Mobiles
HuaweiHonor 9 Lite,26999,Rs.,new,https://www.whatmobile.com.pk/0_to_150001_Mobiles
Nokia6 2018,33699,Rs.,new,https://www.whatmobile.com.pk/0_to_150001_Mobiles
LGV30 Plus,80999,Rs.,new,https://www.whatmobile.com.pk/0_to_150001_Mobiles
SamsungGalaxy A8 2018,56999,Rs.,new,https://www.whatmobile.com.pk/0_to_150001_Mobiles
OnePlus6,78000,Rs.,new,https://www.whatmobile.com.pk/0_to_150001_Mobiles
OppoA83,22000,Rs.,new,https://www.whatmobile.com.pk/0_to_150001_Mobiles
OnePlus5T,65000,Rs.,new,https://www.whatmobile.com.pk/0_to_150001_Mobiles
OnePlus5,64999,Rs.,new,https://www.whatmobile.com.pk/0_to_150001_Mobiles
HuaweiNova 3,59999,Rs.,new,https://www.whatmobile.com.pk/0_to_150001_Mobiles
InfinixZero 5,34999,Rs.,new,https://www.whatmobile.com.pk/0_to_150001_Mobiles
InfinixHot 4 LTE,12600,Rs.,new,https://www.whatmobile.com.pk/0_to_150001_Mobiles
QMobileBlack Two,9000,Rs.,new,https://www.whatmobile.com.pk/0_to_150001_Mobiles
QMobileQ Infinity,16999,Rs.,new,https://www.whatmobile.com.pk/0_to_150001_Mobiles
QMobileNoir S15,12999,Rs.,new,https://www.whatmobile.com.pk/0_to_150001_Mobiles
OppoF5 6GB,39899,Rs.,new,https://www.whatmobile.com.pk/0_to_150001_Mobiles
OppoF5 Youth,27899,Rs.,new,https://www.whatmobile.com.pk/0_to_150001_Mobiles
QMobileG7,2750,Rs.,new,https://www.whatmobile.com.pk/0_to_150001_Mobiles
QMobileSP3000,2899,Rs.,new,https://www.whatmobile.com.pk/0_to_150001_Mobiles
XiaomiRedmi 5 Plus,21000,Rs.,new,https://www.whatmobile.com.pk/0_to_150001_Mobiles
BlackBerryMotion,52249,Rs.,new,https://www.whatmobile.com.pk/0_to_150001_Mobiles
QMobileQTAB V500,11999,Rs.,new,https://www.whatmobile.com.pk/0_to_150001_Mobiles
SamsungGalaxy J7 Pro 32GB,28999,Rs.,new,https://www.whatmobile.com.pk/0_to_150001_Mobiles
OppoF5,31899,Rs.,new,https://www.whatmobile.com.pk/0_to_150001_Mobiles
QMobileNoir i9i,8700,Rs.,new,https://www.whatmobile.com.pk/0_to_150001_Mobiles
QMobileNoir S8,10500,Rs.,new,https://www.whatmobile.com.pk/0_to_150001_Mobiles
Nokia3310 3G,7575,Rs.,new,https://www.whatmobile.com.pk/0_to_150001_Mobiles
InfinixNote 4 Pro,26400,Rs.,new,https://www.whatmobile.com.pk/0_to_150001_Mobiles
HTCU11 Plus,80799,Rs.,new,https://www.whatmobile.com.pk/0_to_150001_Mobiles
MeizuM6,17999,Rs.,new,https://www.whatmobile.com.pk/0_to_150001_Mobiles
InfinixHot 5,14800,Rs.,new,https://www.whatmobile.com.pk/0_to_150001_Mobiles
TecnoWX3,8999,Rs.,new,https://www.whatmobile.com.pk/0_to_150001_Mobiles
HuaweiY3 2017 3G,13599,Rs.,new,https://www.whatmobile.com.pk/0_to_150001_Mobiles
HuaweiMate 10 Lite,34999,Rs.,new,https://www.whatmobile.com.pk/0_to_150001_Mobiles
QMobileSuper Star Music,2650,Rs.,new,https://www.whatmobile.com.pk/0_to_150001_Mobiles
QMobileSuper Star Power,2699,Rs.,new,https://www.whatmobile.com.pk/0_to_150001_Mobiles
HuaweiMate 10 Pro,74999,Rs.,new,https://www.whatmobile.com.pk/0_to_150001_Mobiles
TecnoWX4 Pro,14999,Rs.,new,https://www.whatmobile.com.pk/0_to_150001_Mobiles
XiaomiMi A1,29900,Rs.,new,https://www.whatmobile.com.pk/0_to_150001_Mobiles
TecnoL8 Lite,10999,Rs.,new,https://www.whatmobile.com.pk/0_to_150001_Mobiles
SonyXperia XA1 Plus,32999,Rs.,new,https://www.whatmobile.com.pk/0_to_150001_Mobiles
HuaweiHonor 7X,31999,Rs.,new,https://www.whatmobile.com.pk/0_to_150001_Mobiles
TecnoPhantom 6 Plus,39999,Rs.,new,https://www.whatmobile.com.pk/0_to_150001_Mobiles
TecnoPhantom 6,24999,Rs.,new,https://www.whatmobile.com.pk/0_to_150001_Mobiles
TecnoCamon CX Air,15990,Rs.,new,https://www.whatmobile.com.pk/0_to_150001_Mobiles
TecnoCamon CX,20999,Rs.,new,https://www.whatmobile.com.pk/0_to_150001_Mobiles
VivoY69,23999,Rs.,new,https://www.whatmobile.com.pk/0_to_150001_Mobiles
QMobileHero Music,2699,Rs.,new,https://www.whatmobile.com.pk/0_to_150001_Mobiles
QMobileE900 Selfie,2550,Rs.,new,https://www.whatmobile.com.pk/0_to_150001_Mobiles
QMobileNoir LT550,9500,Rs.,new,https://www.whatmobile.com.pk/0_to_150001_Mobiles
OppoA71,19899,Rs.,new,https://www.whatmobile.com.pk/0_to_150001_Mobiles
XiaomiRedmi Note 5A Prime,18999,Rs.,new,https://www.whatmobile.com.pk/0_to_150001_Mobiles
QMobileDual One,8500,Rs.,new,https://www.whatmobile.com.pk/0_to_150001_Mobiles
SamsungGalaxy J7 Core,18999,Rs.,new,https://www.whatmobile.com.pk/0_to_150001_Mobiles
InfinixSmart,10999,Rs.,new,https://www.whatmobile.com.pk/0_to_150001_Mobiles
QMobileG3,2450,Rs.,new,https://www.whatmobile.com.pk/0_to_150001_Mobiles
QMobileG6,2750,Rs.,new,https://www.whatmobile.com.pk/0_to_150001_Mobiles
QMobileG5,2550,Rs.,new,https://www.whatmobile.com.pk/0_to_150001_Mobiles
QMobileSP5000,2850,Rs.,new,https://www.whatmobile.com.pk/0_to_150001_Mobiles
QMobilePower 500,2050,Rs.,new,https://www.whatmobile.com.pk/0_to_150001_Mobiles
QMobileEvok Power Lite,9500,Rs.,new,https://www.whatmobile.com.pk/0_to_150001_Mobiles
QMobileEvok Power,11999,Rs.,new,https://www.whatmobile.com.pk/0_to_150001_Mobiles
QMobileG2,2499,Rs.,new,https://www.whatmobile.com.pk/0_to_150001_Mobiles
MeizuM6 Note,29999,Rs.,new,https://www.whatmobile.com.pk/0_to_150001_Mobiles
QMobileQ3310 Mini,1599,Rs.,new,https://www.whatmobile.com.pk/0_to_150001_Mobiles
QMobileE1000 Party,2690,Rs.,new,https://www.whatmobile.com.pk/0_to_150001_Mobiles
QMobileNoir CS1 Plus,16500,Rs.,new,https://www.whatmobile.com.pk/0_to_150001_Mobiles
QMobileSP2000,2675,Rs.,new,https://www.whatmobile.com.pk/0_to_150001_Mobiles
QMobileNoir J2,9500,Rs.,new,https://www.whatmobile.com.pk/0_to_150001_Mobiles
QMobileNoir J1,8500,Rs.,new,https://www.whatmobile.com.pk/0_to_150001_Mobiles
InfinixNote 4,18999,Rs.,new,https://www.whatmobile.com.pk/0_to_150001_Mobiles
QMobileNoir X1S,16500,Rs.,new,https://www.whatmobile.com.pk/0_to_150001_Mobiles
MeizuPro 7 Plus,59999,Rs.,new,https://www.whatmobile.com.pk/0_to_150001_Mobiles
QMobileNoir LT600 Pro,8450,Rs.,new,https://www.whatmobile.com.pk/0_to_150001_Mobiles
MeizuPro 7,45999,Rs.,new,https://www.whatmobile.com.pk/0_to_150001_Mobiles
QMobilei6 Metal 2017,8999,Rs.,new,https://www.whatmobile.com.pk/0_to_150001_Mobiles
Nokia2,11920,Rs.,new,https://www.whatmobile.com.pk/0_to_150001_Mobiles
QMobileSP1000,2799,Rs.,new,https://www.whatmobile.com.pk/0_to_150001_Mobiles
QMobileNoir X29,4850,Rs.,new,https://www.whatmobile.com.pk/0_to_150001_Mobiles
QMobileQNote,8999,Rs.,new,https://www.whatmobile.com.pk/0_to_150001_Mobiles
SamsungGalaxy A7 2018,57999,Rs.,new,https://www.whatmobile.com.pk/0_to_150001_Mobiles
LGQ8,53999,Rs.,new,https://www.whatmobile.com.pk/0_to_150001_Mobiles
HuaweiMate 10,59999,Rs.,new,https://www.whatmobile.com.pk/0_to_150001_Mobiles
Nokia105 2017,3050,Rs.,new,https://www.whatmobile.com.pk/0_to_150001_Mobiles
Nokia130 2017,3850,Rs.,new,https://www.whatmobile.com.pk/0_to_150001_Mobiles
XiaomiRedmi 5,17499,Rs.,new,https://www.whatmobile.com.pk/0_to_150001_Mobiles
SamsungGalaxy S9,91000,Rs.,new,https://www.whatmobile.com.pk/0_to_150001_Mobiles
HaierGinger G55,10499,Rs.,new,https://www.whatmobile.com.pk/0_to_150001_Mobiles
HaierLeisure L55s,15499,Rs.,new,https://www.whatmobile.com.pk/0_to_150001_Mobiles
XiaomiRedmi Note 5A,16900,Rs.,new,https://www.whatmobile.com.pk/0_to_150001_Mobiles
LGQ6,28999,Rs.,new,https://www.whatmobile.com.pk/0_to_150001_Mobiles
SamsungGalaxy J5 Pro,29999,Rs.,new,https://www.whatmobile.com.pk/0_to_150001_Mobiles
VivoY53,17999,Rs.,new,https://www.whatmobile.com.pk/0_to_150001_Mobiles
QMobilePower 4000,2999,Rs.,new,https://www.whatmobile.com.pk/0_to_150001_Mobiles
QMobileNoir I8i,9500,Rs.,new,https://www.whatmobile.com.pk/0_to_150001_Mobiles
QMobileNoir A1 Lite,17500,Rs.,new,https://www.whatmobile.com.pk/0_to_150001_Mobiles
QMobileCS1,13999,Rs.,new,https://www.whatmobile.com.pk/0_to_150001_Mobiles
QMobileNoir A1,21500,Rs.,new,https://www.whatmobile.com.pk/0_to_150001_Mobiles
QMobilePower 14,2650,Rs.,new,https://www.whatmobile.com.pk/0_to_150001_Mobiles
QMobileNoir LT500 Pro,8500,Rs.,new,https://www.whatmobile.com.pk/0_to_150001_Mobiles
QMobileNoir E2,14000,Rs.,new,https://www.whatmobile.com.pk/0_to_150001_Mobiles
OppoF3 Black,29899,Rs.,new,https://www.whatmobile.com.pk/0_to_150001_Mobiles
QMobileQ3310,2650,Rs.,new,https://www.whatmobile.com.pk/0_to_150001_Mobiles
QMobileJ1000,2899,Rs.,new,https://www.whatmobile.com.pk/0_to_150001_Mobiles
HuaweiY7 Prime,22999,Rs.,new,https://www.whatmobile.com.pk/0_to_150001_Mobiles
QMobileF2,2750,Rs.,new,https://www.whatmobile.com.pk/0_to_150001_Mobiles
QMobileECO 100,2175,Rs.,new,https://www.whatmobile.com.pk/0_to_150001_Mobiles
QMobileUltra 1,1999,Rs.,new,https://www.whatmobile.com.pk/0_to_150001_Mobiles
LGV30,74999,Rs.,new,https://www.whatmobile.com.pk/0_to_150001_Mobiles
MeizuM3 Note,19500,Rs.,new,https://www.whatmobile.com.pk/0_to_150001_Mobiles
MeizuMX6,31500,Rs.,new,https://www.whatmobile.com.pk/0_to_150001_Mobiles
MotorolaMoto G5S Plus,28000,Rs.,new,https://www.whatmobile.com.pk/0_to_150001_Mobiles
SonyXperia XZ1,63999,Rs.,new,https://www.whatmobile.com.pk/0_to_150001_Mobiles
LGX venture,37999,Rs.,new,https://www.whatmobile.com.pk/0_to_150001_Mobiles
SamsungGalaxy J7 Max,32499,Rs.,new,https://www.whatmobile.com.pk/0_to_150001_Mobiles
QMobileGold 2,2499,Rs.,new,https://www.whatmobile.com.pk/0_to_150001_Mobiles
QMobileUltra 2,2890,Rs.,new,https://www.whatmobile.com.pk/0_to_150001_Mobiles
InfinixS2,15499,Rs.,new,https://www.whatmobile.com.pk/0_to_150001_Mobiles
QMobileNoir J7 Pro,17999,Rs.,new,https://www.whatmobile.com.pk/0_to_150001_Mobiles
QMobileK650,2850,Rs.,new,https://www.whatmobile.com.pk/0_to_150001_Mobiles
HTCU 11,67700,Rs.,new,https://www.whatmobile.com.pk/0_to_150001_Mobiles
QMobileNoir X33,5400,Rs.,new,https://www.whatmobile.com.pk/0_to_150001_Mobiles
XiaomiMi Mix 2,52999,Rs.,new,https://www.whatmobile.com.pk/0_to_150001_Mobiles
MotorolaMoto E4 Plus,19999,Rs.,new,https://www.whatmobile.com.pk/0_to_150001_Mobiles
MotorolaMoto E4,14999,Rs.,new,https://www.whatmobile.com.pk/0_to_150001_Mobiles
MotorolaMoto C Plus,13999,Rs.,new,https://www.whatmobile.com.pk/0_to_150001_Mobiles
InfinixS2 Pro,15999,Rs.,new,https://www.whatmobile.com.pk/0_to_150001_Mobiles
HuaweiY5 2017,14499,Rs.,new,https://www.whatmobile.com.pk/0_to_150001_Mobiles
QMobileEco 3,2350,Rs.,new,https://www.whatmobile.com.pk/0_to_150001_Mobiles
QMobileD6,1660,Rs.,new,https://www.whatmobile.com.pk/0_to_150001_Mobiles
SonyXperia XA1,23999,Rs.,new,https://www.whatmobile.com.pk/0_to_150001_Mobiles
QMobileN230,2850,Rs.,new,https://www.whatmobile.com.pk/0_to_150001_Mobiles
QMobileN222,2699,Rs.,new,https://www.whatmobile.com.pk/0_to_150001_Mobiles
MeizuM5,15100,Rs.,new,https://www.whatmobile.com.pk/0_to_150001_Mobiles
QMobileNoir M6,20500,Rs.,new,https://www.whatmobile.com.pk/0_to_150001_Mobiles
SonyXperia L1,16500,Rs.,new,https://www.whatmobile.com.pk/0_to_150001_Mobiles
OppoF3,29899,Rs.,new,https://www.whatmobile.com.pk/0_to_150001_Mobiles
QMobileNoir M6 Lite,14000,Rs.,new,https://www.whatmobile.com.pk/0_to_150001_Mobiles
OppoF3 Plus,39899,Rs.,new,https://www.whatmobile.com.pk/0_to_150001_Mobiles
BlackBerryAurora,24999,Rs.,new,https://www.whatmobile.com.pk/0_to_150001_Mobiles
XiaomiRedmi 4X,18900,Rs.,new,https://www.whatmobile.com.pk/0_to_150001_Mobiles
SonyXperia XA1 Ultra,36500,Rs.,new,https://www.whatmobile.com.pk/0_to_150001_Mobiles
SonyXperia XZ Premium,71999,Rs.,new,https://www.whatmobile.com.pk/0_to_150001_Mobiles
SonyXperia XZs,51500,Rs.,new,https://www.whatmobile.com.pk/0_to_150001_Mobiles
Nokia3310,7750,Rs.,new,https://www.whatmobile.com.pk/0_to_150001_Mobiles
QMobileM5,2250,Rs.,new,https://www.whatmobile.com.pk/0_to_150001_Mobiles
QMobileD10,2350,Rs.,new,https://www.whatmobile.com.pk/0_to_150001_Mobiles
XiaomiMi Max 2,28999,Rs.,new,https://www.whatmobile.com.pk/0_to_150001_Mobiles
QMobileKing Kong Max,16000,Rs.,new,https://www.whatmobile.com.pk/0_to_150001_Mobiles
QMobileE2 Plus,1750,Rs.,new,https://www.whatmobile.com.pk/0_to_150001_Mobiles
QMobileX4 Plus,2475,Rs.,new,https://www.whatmobile.com.pk/0_to_150001_Mobiles
QMobileNoir X32 Power,5999,Rs.,new,https://www.whatmobile.com.pk/0_to_150001_Mobiles
Nokia3,16400,Rs.,new,https://www.whatmobile.com.pk/0_to_150001_Mobiles
Nokia5,17650,Rs.,new,https://www.whatmobile.com.pk/0_to_150001_Mobiles
QMobileXL8,2675,Rs.,new,https://www.whatmobile.com.pk/0_to_150001_Mobiles
QMobileEnergy X2,13000,Rs.,new,https://www.whatmobile.com.pk/0_to_150001_Mobiles
QMobileEnergy X1,8999,Rs.,new,https://www.whatmobile.com.pk/0_to_150001_Mobiles
QMobileX4 Pro,2750,Rs.,new,https://www.whatmobile.com.pk/0_to_150001_Mobiles
QMobileNoir i7i Pro,7100,Rs.,new,https://www.whatmobile.com.pk/0_to_150001_Mobiles
QMobileNoir M350 Pro,12500,Rs.,new,https://www.whatmobile.com.pk/0_to_150001_Mobiles
SamsungGalaxy J7 Pro,34999,Rs.,new,https://www.whatmobile.com.pk/0_to_150001_Mobiles
HuaweiHonor 8 Lite,23500,Rs.,new,https://www.whatmobile.com.pk/0_to_150001_Mobiles
HuaweiP10 Lite,31999,Rs.,new,https://www.whatmobile.com.pk/0_to_150001_Mobiles
OppoF1s 4GB,26900,Rs.,new,https://www.whatmobile.com.pk/0_to_150001_Mobiles
Nokia150 Dual SIM,5150,Rs.,new,https://www.whatmobile.com.pk/0_to_150001_Mobiles
QMobileNoir i2 Power,6999,Rs.,new,https://www.whatmobile.com.pk/0_to_150001_Mobiles
QMobileNoir E1,12750,Rs.,new,https://www.whatmobile.com.pk/0_to_150001_Mobiles
HuaweiHonor 9,56999,Rs.,new,https://www.whatmobile.com.pk/0_to_150001_Mobiles
SamsungGalaxy S8 Plus,84999,Rs.,new,https://www.whatmobile.com.pk/0_to_150001_Mobiles
Nokia8,35990,Rs.,new,https://www.whatmobile.com.pk/0_to_150001_Mobiles
HTCU Play,25800,Rs.,new,https://www.whatmobile.com.pk/0_to_150001_Mobiles
HTCU Ultra,39999,Rs.,new,https://www.whatmobile.com.pk/0_to_150001_Mobiles
Nokia6,19990,Rs.,new,https://www.whatmobile.com.pk/0_to_150001_Mobiles
QMobilePower1 Pro,2650,Rs.,new,https://www.whatmobile.com.pk/0_to_150001_Mobiles
XiaomiMi 6,43999,Rs.,new,https://www.whatmobile.com.pk/0_to_150001_Mobiles
SamsungGalaxy Note 8,89999,Rs.,new,https://www.whatmobile.com.pk/0_to_150001_Mobiles
QMobileE550 Music,1975,Rs.,new,https://www.whatmobile.com.pk/0_to_150001_Mobiles
QMobileS350,1899,Rs.,new,https://www.whatmobile.com.pk/0_to_150001_Mobiles
InfinixHot 4 Pro,16400,Rs.,new,https://www.whatmobile.com.pk/0_to_150001_Mobiles
HuaweiHonor 6x,26500,Rs.,new,https://www.whatmobile.com.pk/0_to_150001_Mobiles
XiaomiRedmi 4A,14500,Rs.,new,https://www.whatmobile.com.pk/0_to_150001_Mobiles
AlcatelTablet Pixi 4,9999,Rs.,new,https://www.whatmobile.com.pk/0_to_150001_Mobiles
AlcatelPixi 4 Power Plus,12750,Rs.,new,https://www.whatmobile.com.pk/0_to_150001_Mobiles
LGK10 2017,18299,Rs.,new,https://www.whatmobile.com.pk/0_to_150001_Mobiles
LGK8 2017,10700,Rs.,new,https://www.whatmobile.com.pk/0_to_150001_Mobiles
QMobilePower2 Pro,1899,Rs.,new,https://www.whatmobile.com.pk/0_to_150001_Mobiles
QMobileB65 Music,1590,Rs.,new,https://www.whatmobile.com.pk/0_to_150001_Mobiles
QMobileE500i Pro,2050,Rs.,new,https://www.whatmobile.com.pk/0_to_150001_Mobiles
QMobileL103,1600,Rs.,new,https://www.whatmobile.com.pk/0_to_150001_Mobiles
QMobileL9,1899,Rs.,new,https://www.whatmobile.com.pk/0_to_150001_Mobiles
QMobileNoir i2 Pro,6500,Rs.,new,https://www.whatmobile.com.pk/0_to_150001_Mobiles
LGStylus 3,21500,Rs.,new,https://www.whatmobile.com.pk/0_to_150001_Mobiles
XiaomiRedmi Note 4,18999,Rs.,new,https://www.whatmobile.com.pk/0_to_150001_Mobiles
Nokia150,4699,Rs.,new,https://www.whatmobile.com.pk/0_to_150001_Mobiles
LGG6,55900,Rs.,new,https://www.whatmobile.com.pk/0_to_150001_Mobiles
QMobileK180,1950,Rs.,new,https://www.whatmobile.com.pk/0_to_150001_Mobiles
QMobileS270,1725,Rs.,new,https://www.whatmobile.com.pk/0_to_150001_Mobiles
OppoA57,22899,Rs.,new,https://www.whatmobile.com.pk/0_to_150001_Mobiles
QMobileNoir X700 Pro Lite,7500,Rs.,new,https://www.whatmobile.com.pk/0_to_150001_Mobiles
QMobileNoir X700 Pro II,11500,Rs.,new,https://www.whatmobile.com.pk/0_to_150001_Mobiles
HuaweiY6 Pro 3G,14999,Rs.,new,https://www.whatmobile.com.pk/0_to_150001_Mobiles
Appleiphone 8,92500,Rs.,new,https://www.whatmobile.com.pk/0_to_150001_Mobiles
Appleiphone 8 Plus,96999,Rs.,new,https://www.whatmobile.com.pk/0_to_150001_Mobiles
QMobileL2 Classic,1600,Rs.,new,https://www.whatmobile.com.pk/0_to_150001_Mobiles
QMobileE500i Music,1975,Rs.,new,https://www.whatmobile.com.pk/0_to_150001_Mobiles
QMobileX4 Classic,2699,Rs.,new,https://www.whatmobile.com.pk/0_to_150001_Mobiles
QMobileD7,2350,Rs.,new,https://www.whatmobile.com.pk/0_to_150001_Mobiles
QMobileXL50 Pro,2999,Rs.,new,https://www.whatmobile.com.pk/0_to_150001_Mobiles
InfinixZero 4 Plus,26499,Rs.,new,https://www.whatmobile.com.pk/0_to_150001_Mobiles
QMobileGold One,1750,Rs.,new,https://www.whatmobile.com.pk/0_to_150001_Mobiles
QMobileNoir S6s,10999,Rs.,new,https://www.whatmobile.com.pk/0_to_150001_Mobiles
QMobileNoir S6 Plus,11999,Rs.,new,https://www.whatmobile.com.pk/0_to_150001_Mobiles
InfinixZero 4,19499,Rs.,new,https://www.whatmobile.com.pk/0_to_150001_Mobiles
RivoRhythm RX90,9999,Rs.,new,https://www.whatmobile.com.pk/0_to_150001_Mobiles
QMobileL1 Classic,1500,Rs.,new,https://www.whatmobile.com.pk/0_to_150001_Mobiles
QMobileNoir J5,10500,Rs.,new,https://www.whatmobile.com.pk/0_to_150001_Mobiles
MobilinkJazz X JS7 Pro,8500,Rs.,new,https://www.whatmobile.com.pk/0_to_150001_Mobiles
QMobileNoir J7,15999,Rs.,new,https://www.whatmobile.com.pk/0_to_150001_Mobiles
QMobileD4,1850,Rs.,new,https://www.whatmobile.com.pk/0_to_150001_Mobiles
QMobileNoir i5.5,8950,Rs.,new,https://www.whatmobile.com.pk/0_to_150001_Mobiles
SamsungGalaxy Grand Prime Plus,17700,Rs.,new,https://www.whatmobile.com.pk/0_to_150001_Mobiles
QMobileDiamond 1,2399,Rs.,new,https://www.whatmobile.com.pk/0_to_150001_Mobiles
LenovoC2 Power,13999,Rs.,new,https://www.whatmobile.com.pk/0_to_150001_Mobiles
AppleiPhone 7 Plus 256GB,109999,Rs.,new,https://www.whatmobile.com.pk/0_to_150001_Mobiles
AppleiPhone7 Plus 128GB,102999,Rs.,new,https://www.whatmobile.com.pk/0_to_150001_Mobiles
InfinixNote 3 4G,20599,Rs.,new,https://www.whatmobile.com.pk/0_to_150001_Mobiles
QMobileD3,2100,Rs.,new,https://www.whatmobile.com.pk/0_to_150001_Mobiles
QMobileD1,1750,Rs.,new,https://www.whatmobile.com.pk/0_to_150001_Mobiles
QMobileNoir S6,11800,Rs.,new,https://www.whatmobile.com.pk/0_to_150001_Mobiles
GFiveG10 Honor,9999,Rs.,new,https://www.whatmobile.com.pk/0_to_150001_Mobiles
Nokia216,5499,Rs.,new,https://www.whatmobile.com.pk/0_to_150001_Mobiles
SamsungGalaxy J5 Prime,18999,Rs.,new,https://www.whatmobile.com.pk/0_to_150001_Mobiles
QMobileM3,2100,Rs.,new,https://www.whatmobile.com.pk/0_to_150001_Mobiles
QMobileE400 Pro,1550,Rs.,new,https://www.whatmobile.com.pk/0_to_150001_Mobiles
Appleiphone 7 256GB,90999,Rs.,new,https://www.whatmobile.com.pk/0_to_150001_Mobiles
Appleiphone 7 128GB,83999,Rs.,new,https://www.whatmobile.com.pk/0_to_150001_Mobiles
AppleiPhone 7 Plus,85500,Rs.,new,https://www.whatmobile.com.pk/0_to_150001_Mobiles
Appleiphone 7,74999,Rs.,new,https://www.whatmobile.com.pk/0_to_150001_Mobiles
SamsungGalaxy A3 2017,29999,Rs.,new,https://www.whatmobile.com.pk/0_to_150001_Mobiles
SamsungGalaxy A7 2017,44999,Rs.,new,https://www.whatmobile.com.pk/0_to_150001_Mobiles
HuaweiY5II 4G,15499,Rs.,new,https://www.whatmobile.com.pk/0_to_150001_Mobiles
QMobileNoir Z12 Pro,17500,Rs.,new,https://www.whatmobile.com.pk/0_to_150001_Mobiles
GFiveGPower 3,7199,Rs.,new,https://www.whatmobile.com.pk/0_to_150001_Mobiles
GFiveGPower 5,8999,Rs.,new,https://www.whatmobile.com.pk/0_to_150001_Mobiles
InfinixHot 4,12999,Rs.,new,https://www.whatmobile.com.pk/0_to_150001_Mobiles
QMobilePower8,2490,Rs.,new,https://www.whatmobile.com.pk/0_to_150001_Mobiles
QMobileD2,2300,Rs.,new,https://www.whatmobile.com.pk/0_to_150001_Mobiles
LenovoK6 Note,25900,Rs.,new,https://www.whatmobile.com.pk/0_to_150001_Mobiles
LenovoK6,16900,Rs.,new,https://www.whatmobile.com.pk/0_to_150001_Mobiles
SonyXperia XZ,41999,Rs.,new,https://www.whatmobile.com.pk/0_to_150001_Mobiles
QMobileNoir Z14,22500,Rs.,new,https://www.whatmobile.com.pk/0_to_150001_Mobiles
MotorolaMoto M,25400,Rs.,new,https://www.whatmobile.com.pk/0_to_150001_Mobiles
HTCOne A9s,26900,Rs.,new,https://www.whatmobile.com.pk/0_to_150001_Mobiles
LenovoVibe B,9500,Rs.,new,https://www.whatmobile.com.pk/0_to_150001_Mobiles
SamsungGalaxy A5 2017,41999,Rs.,new,https://www.whatmobile.com.pk/0_to_150001_Mobiles
SonyXperia X Compact,47700,Rs.,new,https://www.whatmobile.com.pk/0_to_150001_Mobiles
Appleiphone 6s Plus 128GB,82000,Rs.,new,https://www.whatmobile.com.pk/0_to_150001_Mobiles
Appleiphone 6s Plus 64GB,72999,Rs.,new,https://www.whatmobile.com.pk/0_to_150001_Mobiles
AlcatelPixi 4 6,10000,Rs.,new,https://www.whatmobile.com.pk/0_to_150001_Mobiles
SamsungGalaxy J7 Prime,28999,Rs.,new,https://www.whatmobile.com.pk/0_to_150001_Mobiles
HuaweiY6II,18999,Rs.,new,https://www.whatmobile.com.pk/0_to_150001_Mobiles
HTCDesire 526G,12249,Rs.,new,https://www.whatmobile.com.pk/0_to_150001_Mobiles
QMobileM2,1850,Rs.,new,https://www.whatmobile.com.pk/0_to_150001_Mobiles
QMobileATV 2,2500,Rs.,new,https://www.whatmobile.com.pk/0_to_150001_Mobiles
QMobileEco 2,1599,Rs.,new,https://www.whatmobile.com.pk/0_to_150001_Mobiles
QMobileATV 1,2099,Rs.,new,https://www.whatmobile.com.pk/0_to_150001_Mobiles
InfinixNote 3 Pro,19499,Rs.,new,https://www.whatmobile.com.pk/0_to_150001_Mobiles
InfinixNote 3,17999,Rs.,new,https://www.whatmobile.com.pk/0_to_150001_Mobiles
HTCDesire 728,26500,Rs.,new,https://www.whatmobile.com.pk/0_to_150001_Mobiles
QMobileNoir LT680,12500,Rs.,new,https://www.whatmobile.com.pk/0_to_150001_Mobiles
SamsungGalaxy J2 Prime,15999,Rs.,new,https://www.whatmobile.com.pk/0_to_150001_Mobiles
HTCDesire 10 Pro,24899,Rs.,new,https://www.whatmobile.com.pk/0_to_150001_Mobiles
RivoRhythm RX88,7300,Rs.,new,https://www.whatmobile.com.pk/0_to_150001_Mobiles
RivoPhantom PZ4,7950,Rs.,new,https://www.whatmobile.com.pk/0_to_150001_Mobiles
MotorolaMoto Z Play,43900,Rs.,new,https://www.whatmobile.com.pk/0_to_150001_Mobiles
LGV20,30999,Rs.,new,https://www.whatmobile.com.pk/0_to_150001_Mobiles
BlackBerryPriv,44000,Rs.,new,https://www.whatmobile.com.pk/0_to_150001_Mobiles
LenovoVibe P2,36900,Rs.,new,https://www.whatmobile.com.pk/0_to_150001_Mobiles
AlcatelPixi 4,6999,Rs.,new,https://www.whatmobile.com.pk/0_to_150001_Mobiles
BlackBerryDTEK50,45000,Rs.,new,https://www.whatmobile.com.pk/0_to_150001_Mobiles
HaierPursuit G40,8499,Rs.,new,https://www.whatmobile.com.pk/0_to_150001_Mobiles
HaierVolt P4500,13999,Rs.,new,https://www.whatmobile.com.pk/0_to_150001_Mobiles
QMobileNoir LT700 Pro,15500,Rs.,new,https://www.whatmobile.com.pk/0_to_150001_Mobiles
AlcatelIdol 4s,49500,Rs.,new,https://www.whatmobile.com.pk/0_to_150001_Mobiles
OppoF1s,25899,Rs.,new,https://www.whatmobile.com.pk/0_to_150001_Mobiles
QMobileNoir S2 Pro,10999,Rs.,new,https://www.whatmobile.com.pk/0_to_150001_Mobiles
QMobileNoir S2 Plus,11200,Rs.,new,https://www.whatmobile.com.pk/0_to_150001_Mobiles
AlcatelTablet Pixi4 LTE,13900,Rs.,new,https://www.whatmobile.com.pk/0_to_150001_Mobiles
LGX power,10250,Rs.,new,https://www.whatmobile.com.pk/0_to_150001_Mobiles
QMobileNoir S4,11700,Rs.,new,https://www.whatmobile.com.pk/0_to_150001_Mobiles
QMobileNoir W40,7250,Rs.,new,https://www.whatmobile.com.pk/0_to_150001_Mobiles
SamsungGalaxy S8,79999,Rs.,new,https://www.whatmobile.com.pk/0_to_150001_Mobiles
InfinixHot 3 Pro,15200,Rs.,new,https://www.whatmobile.com.pk/0_to_150001_Mobiles
QMobileNoir LT650,9999,Rs.,new,https://www.whatmobile.com.pk/0_to_150001_Mobiles
QMobileNoir LT750,16000,Rs.,new,https://www.whatmobile.com.pk/0_to_150001_Mobiles
OppoA37,17999,Rs.,new,https://www.whatmobile.com.pk/0_to_150001_Mobiles
QMobileNoir X700 Pro,9400,Rs.,new,https://www.whatmobile.com.pk/0_to_150001_Mobiles
QMobileNoir S1 Pro,8500,Rs.,new,https://www.whatmobile.com.pk/0_to_150001_Mobiles
QMobile3G2,2850,Rs.,new,https://www.whatmobile.com.pk/0_to_150001_Mobiles
QMobileNoir W20,4999,Rs.,new,https://www.whatmobile.com.pk/0_to_150001_Mobiles
AlcatelPixi 4 5,9000,Rs.,new,https://www.whatmobile.com.pk/0_to_150001_Mobiles
AlcatelX1,19999,Rs.,new,https://www.whatmobile.com.pk/0_to_150001_Mobiles
HTC10 Lifestyle,23499,Rs.,new,https://www.whatmobile.com.pk/0_to_150001_Mobiles
GeneralMobile 5 Plus,35555,Rs.,new,https://www.whatmobile.com.pk/0_to_150001_Mobiles
GeneralMobile 4G,13499,Rs.,new,https://www.whatmobile.com.pk/0_to_150001_Mobiles
LenovoMoto Z,66900,Rs.,new,https://www.whatmobile.com.pk/0_to_150001_Mobiles
QMobileEco One,1999,Rs.,new,https://www.whatmobile.com.pk/0_to_150001_Mobiles
InfinixHot S,14899,Rs.,new,https://www.whatmobile.com.pk/0_to_150001_Mobiles
QMobileNoir i6 Metal HD,8850,Rs.,new,https://www.whatmobile.com.pk/0_to_150001_Mobiles
LGStylus 2 Plus,45000,Rs.,new,https://www.whatmobile.com.pk/0_to_150001_Mobiles
QMobileNoir A3,14500,Rs.,new,https://www.whatmobile.com.pk/0_to_150001_Mobiles
QMobileNoir A6,16500,Rs.,new,https://www.whatmobile.com.pk/0_to_150001_Mobiles
Alcatel10.50,1649,Rs.,new,https://www.whatmobile.com.pk/0_to_150001_Mobiles
Alcatel20.07,4000,Rs.,new,https://www.whatmobile.com.pk/0_to_150001_Mobiles
Alcatel20.04,4650,Rs.,new,https://www.whatmobile.com.pk/0_to_150001_Mobiles
QMobileNoir X32,5500,Rs.,new,https://www.whatmobile.com.pk/0_to_150001_Mobiles
AlcatelPop Star,11500,Rs.,new,https://www.whatmobile.com.pk/0_to_150001_Mobiles
AlcatelPop Star 4G,13750,Rs.,new,https://www.whatmobile.com.pk/0_to_150001_Mobiles
AlcatelPop Up,12999,Rs.,new,https://www.whatmobile.com.pk/0_to_150001_Mobiles
AlcatelIdol 3,24500,Rs.,new,https://www.whatmobile.com.pk/0_to_150001_Mobiles
QMobileL102,1450,Rs.,new,https://www.whatmobile.com.pk/0_to_150001_Mobiles
SonyXperia XA Ultra,33499,Rs.,new,https://www.whatmobile.com.pk/0_to_150001_Mobiles
LenovoVibe C,8999,Rs.,new,https://www.whatmobile.com.pk/0_to_150001_Mobiles
AlcatelIdol 4,28750,Rs.,new,https://www.whatmobile.com.pk/0_to_150001_Mobiles
AlcatelPop 4S,13999,Rs.,new,https://www.whatmobile.com.pk/0_to_150001_Mobiles
AlcatelPop 4 PLus,9999,Rs.,new,https://www.whatmobile.com.pk/0_to_150001_Mobiles
InfinixHot 3,10500,Rs.,new,https://www.whatmobile.com.pk/0_to_150001_Mobiles
LenovoVibe K5 Plus,19500,Rs.,new,https://www.whatmobile.com.pk/0_to_150001_Mobiles
AlcatelPop 4,13700,Rs.,new,https://www.whatmobile.com.pk/0_to_150001_Mobiles
InfinixZero 2,17800,Rs.,new,https://www.whatmobile.com.pk/0_to_150001_Mobiles
XiaomiMi Max,24000,Rs.,new,https://www.whatmobile.com.pk/0_to_150001_Mobiles
QMobileNoir Z10 White,16500,Rs.,new,https://www.whatmobile.com.pk/0_to_150001_Mobiles
SamsungGalaxy C7,32800,Rs.,new,https://www.whatmobile.com.pk/0_to_150001_Mobiles
SonyXperia X Premium,75000,Rs.,new,https://www.whatmobile.com.pk/0_to_150001_Mobiles
QMobilePower9,2199,Rs.,new,https://www.whatmobile.com.pk/0_to_150001_Mobiles
HuaweiY5II,11999,Rs.,new,https://www.whatmobile.com.pk/0_to_150001_Mobiles
HuaweiY3II,9799,Rs.,new,https://www.whatmobile.com.pk/0_to_150001_Mobiles
QMobileNoir i6 Metal One,8000,Rs.,new,https://www.whatmobile.com.pk/0_to_150001_Mobiles
HTC10,51500,Rs.,new,https://www.whatmobile.com.pk/0_to_150001_Mobiles
HaierKlassic C40,2150,Rs.,new,https://www.whatmobile.com.pk/0_to_150001_Mobiles
QMobileC15,1999,Rs.,new,https://www.whatmobile.com.pk/0_to_150001_Mobiles
InfinixZero 3,15999,Rs.,new,https://www.whatmobile.com.pk/0_to_150001_Mobiles
InfinixNote 2,15999,Rs.,new,https://www.whatmobile.com.pk/0_to_150001_Mobiles
InfinixHot Note Pro,14300,Rs.,new,https://www.whatmobile.com.pk/0_to_150001_Mobiles
InfinixHot Note,12600,Rs.,new,https://www.whatmobile.com.pk/0_to_150001_Mobiles
QMobileE4 Classic Edition,1990,Rs.,new,https://www.whatmobile.com.pk/0_to_150001_Mobiles
Appleiphone SE,31500,Rs.,new,https://www.whatmobile.com.pk/0_to_150001_Mobiles
QMobileNoir Z9 Plus,19500,Rs.,new,https://www.whatmobile.com.pk/0_to_150001_Mobiles
QMobileNoir S9,16000,Rs.,new,https://www.whatmobile.com.pk/0_to_150001_Mobiles
QMobileNoir i2,6990,Rs.,new,https://www.whatmobile.com.pk/0_to_150001_Mobiles
HaierKlassic P5,1999,Rs.,new,https://www.whatmobile.com.pk/0_to_150001_Mobiles
HaierKlassic P4,2100,Rs.,new,https://www.whatmobile.com.pk/0_to_150001_Mobiles
HaierEsteem i90,23500,Rs.,new,https://www.whatmobile.com.pk/0_to_150001_Mobiles
SonyXperia XA,22499,Rs.,new,https://www.whatmobile.com.pk/0_to_150001_Mobiles
SonyXperia X Performance,48999,Rs.,new,https://www.whatmobile.com.pk/0_to_150001_Mobiles
SonyXperia X,33999,Rs.,new,https://www.whatmobile.com.pk/0_to_150001_Mobiles
QMobileNoir Z12,20500,Rs.,new,https://www.whatmobile.com.pk/0_to_150001_Mobiles
QMobileNoir W15,5050,Rs.,new,https://www.whatmobile.com.pk/0_to_150001_Mobiles
QMobileNoir LT700 3GB,13750,Rs.,new,https://www.whatmobile.com.pk/0_to_150001_Mobiles
HuaweiGR3,15999,Rs.,new,https://www.whatmobile.com.pk/0_to_150001_Mobiles
HuaweiP9 Lite,21999,Rs.,new,https://www.whatmobile.com.pk/0_to_150001_Mobiles
LGX Screen,13999,Rs.,new,https://www.whatmobile.com.pk/0_to_150001_Mobiles
LGX Cam,35000,Rs.,new,https://www.whatmobile.com.pk/0_to_150001_Mobiles
QMobileNoir M350,10699,Rs.,new,https://www.whatmobile.com.pk/0_to_150001_Mobiles
LenovoZuk Z1,23999,Rs.,new,https://www.whatmobile.com.pk/0_to_150001_Mobiles
QMobileK160,1899,Rs.,new,https://www.whatmobile.com.pk/0_to_150001_Mobiles
QMobileK145,1899,Rs.,new,https://www.whatmobile.com.pk/0_to_150001_Mobiles
HuaweiY6 Pro,16999,Rs.,new,https://www.whatmobile.com.pk/0_to_150001_Mobiles
QMobileNoir W50,6900,Rs.,new,https://www.whatmobile.com.pk/0_to_150001_Mobiles
QMobileNoir M99,11800,Rs.,new,https://www.whatmobile.com.pk/0_to_150001_Mobiles
QMobileNoir i7i,8250,Rs.,new,https://www.whatmobile.com.pk/0_to_150001_Mobiles
HTCOne M10,51500,Rs.,new,https://www.whatmobile.com.pk/0_to_150001_Mobiles
OppoF1 Plus,39999,Rs.,new,https://www.whatmobile.com.pk/0_to_150001_Mobiles
LenovoK5 Note,31499,Rs.,new,https://www.whatmobile.com.pk/0_to_150001_Mobiles
SamsungGalaxy J7 2016,26999,Rs.,new,https://www.whatmobile.com.pk/0_to_150001_Mobiles
SamsungGalaxy J5 2016,22499,Rs.,new,https://www.whatmobile.com.pk/0_to_150001_Mobiles
QMobileK550,2550,Rs.,new,https://www.whatmobile.com.pk/0_to_150001_Mobiles
QMobileK140,1750,Rs.,new,https://www.whatmobile.com.pk/0_to_150001_Mobiles
RivoRhythm RX48,3600,Rs.,new,https://www.whatmobile.com.pk/0_to_150001_Mobiles
OppoF1,23999,Rs.,new,https://www.whatmobile.com.pk/0_to_150001_Mobiles
SamsungGalaxy J1 2016,14999,Rs.,new,https://www.whatmobile.com.pk/0_to_150001_Mobiles
QMobileE3,1750,Rs.,new,https://www.whatmobile.com.pk/0_to_150001_Mobiles
QMobileK150,1899,Rs.,new,https://www.whatmobile.com.pk/0_to_150001_Mobiles
QMobileBolt T360,6500,Rs.,new,https://www.whatmobile.com.pk/0_to_150001_Mobiles
QMobileK100,1950,Rs.,new,https://www.whatmobile.com.pk/0_to_150001_Mobiles
QMobileK135,1690,Rs.,new,https://www.whatmobile.com.pk/0_to_150001_Mobiles
QMobileXL25,2750,Rs.,new,https://www.whatmobile.com.pk/0_to_150001_Mobiles
LenovoVibe S1 Lite,26000,Rs.,new,https://www.whatmobile.com.pk/0_to_150001_Mobiles
HuaweiY6 LTE,19500,Rs.,new,https://www.whatmobile.com.pk/0_to_150001_Mobiles
MobilinkJazz Xcite JF100,2999,Rs.,new,https://www.whatmobile.com.pk/0_to_150001_Mobiles
MobilinkJazz Xplore JS700,7999,Rs.,new,https://www.whatmobile.com.pk/0_to_150001_Mobiles
MobilinkJazz Xplore JS500,5499,Rs.,new,https://www.whatmobile.com.pk/0_to_150001_Mobiles
MobilinkJazz Xplore JS300,4299,Rs.,new,https://www.whatmobile.com.pk/0_to_150001_Mobiles
LenovoA7010,29900,Rs.,new,https://www.whatmobile.com.pk/0_to_150001_Mobiles
QMobile3G Lite,2450,Rs.,new,https://www.whatmobile.com.pk/0_to_150001_Mobiles
QMobileNoir LT700,12200,Rs.,new,https://www.whatmobile.com.pk/0_to_150001_Mobiles
HaierEsteem V4,29900,Rs.,new,https://www.whatmobile.com.pk/0_to_150001_Mobiles
HuaweiShotX,30000,Rs.,new,https://www.whatmobile.com.pk/0_to_150001_Mobiles
LGRay,45000,Rs.,new,https://www.whatmobile.com.pk/0_to_150001_Mobiles
Nokia230,8550,Rs.,new,https://www.whatmobile.com.pk/0_to_150001_Mobiles
QMobileNoir Z10,16500,Rs.,new,https://www.whatmobile.com.pk/0_to_150001_Mobiles
RivoSapphire S650,2550,Rs.,new,https://www.whatmobile.com.pk/0_to_150001_Mobiles
QMobilePower 5,2475,Rs.,new,https://www.whatmobile.com.pk/0_to_150001_Mobiles
RivoPhantom PZ20,16500,Rs.,new,https://www.whatmobile.com.pk/0_to_150001_Mobiles
HaierKlassic P100,2599,Rs.,new,https://www.whatmobile.com.pk/0_to_150001_Mobiles
QMobileNoir E8,27500,Rs.,new,https://www.whatmobile.com.pk/0_to_150001_Mobiles
HTCOne X9,37500,Rs.,new,https://www.whatmobile.com.pk/0_to_150001_Mobiles
RivoRhythm RX150,11850,Rs.,new,https://www.whatmobile.com.pk/0_to_150001_Mobiles
SamsungGalaxy J3,16500,Rs.,new,https://www.whatmobile.com.pk/0_to_150001_Mobiles
iNewL3,20500,Rs.,new,https://www.whatmobile.com.pk/0_to_150001_Mobiles
LGG Vista 2,43500,Rs.,new,https://www.whatmobile.com.pk/0_to_150001_Mobiles
CalmeSpark S15,4500,Rs.,new,https://www.whatmobile.com.pk/0_to_150001_Mobiles
HaierEsteem i40,11500,Rs.,new,https://www.whatmobile.com.pk/0_to_150001_Mobiles
QMobileXL50,2750,Rs.,new,https://www.whatmobile.com.pk/0_to_150001_Mobiles
HaierEsteem i50,10900,Rs.,new,https://www.whatmobile.com.pk/0_to_150001_Mobiles
HaierEsteem i80,19500,Rs.,new,https://www.whatmobile.com.pk/0_to_150001_Mobiles
GFive4G LTE 2,5499,Rs.,new,https://www.whatmobile.com.pk/0_to_150001_Mobiles
RivoRhythm RX200,8200,Rs.,new,https://www.whatmobile.com.pk/0_to_150001_Mobiles
QMobileXL30,3150,Rs.,new,https://www.whatmobile.com.pk/0_to_150001_Mobiles
QMobileXL20,2550,Rs.,new,https://www.whatmobile.com.pk/0_to_150001_Mobiles
QMobileXL40,3050,Rs.,new,https://www.whatmobile.com.pk/0_to_150001_Mobiles
GFive4G LTE 3,8999,Rs.,new,https://www.whatmobile.com.pk/0_to_150001_Mobiles
MotorolaMoto X Style,37500,Rs.,new,https://www.whatmobile.com.pk/0_to_150001_Mobiles
LGNexus 5X,31799,Rs.,new,https://www.whatmobile.com.pk/0_to_150001_Mobiles
LenovoA1000,6499,Rs.,new,https://www.whatmobile.com.pk/0_to_150001_Mobiles
CalmeSpark S25,4800,Rs.,new,https://www.whatmobile.com.pk/0_to_150001_Mobiles
HuaweiY6,13500,Rs.,new,https://www.whatmobile.com.pk/0_to_150001_Mobiles
iNewL1,20500,Rs.,new,https://www.whatmobile.com.pk/0_to_150001_Mobiles
HaierPursuit G10,6500,Rs.,new,https://www.whatmobile.com.pk/0_to_150001_Mobiles
RivoPhantom PZ18,11400,Rs.,new,https://www.whatmobile.com.pk/0_to_150001_Mobiles
LGV10,41500,Rs.,new,https://www.whatmobile.com.pk/0_to_150001_Mobiles
LenovoA7000 Plus,19900,Rs.,new,https://www.whatmobile.com.pk/0_to_150001_Mobiles
HTCOne A9,51999,Rs.,new,https://www.whatmobile.com.pk/0_to_150001_Mobiles
LenovoA6010,14999,Rs.,new,https://www.whatmobile.com.pk/0_to_150001_Mobiles
LenovoVibe P1m,17900,Rs.,new,https://www.whatmobile.com.pk/0_to_150001_Mobiles
LenovoVibe P1,34000,Rs.,new,https://www.whatmobile.com.pk/0_to_150001_Mobiles
HaierNeon T20,3499,Rs.,new,https://www.whatmobile.com.pk/0_to_150001_Mobiles
SonyXperia Z5 Compact,41999,Rs.,new,https://www.whatmobile.com.pk/0_to_150001_Mobiles
SonyXperia Z5 Premium,44499,Rs.,new,https://www.whatmobile.com.pk/0_to_150001_Mobiles
RivoPhantom PZ1,5300,Rs.,new,https://www.whatmobile.com.pk/0_to_150001_Mobiles
SonyXperia Z5,40000,Rs.,new,https://www.whatmobile.com.pk/0_to_150001_Mobiles
QMobileTitan X700i,9900,Rs.,new,https://www.whatmobile.com.pk/0_to_150001_Mobiles
RivoRhythm RX45,3250,Rs.,new,https://www.whatmobile.com.pk/0_to_150001_Mobiles
Nokia222,4200,Rs.,new,https://www.whatmobile.com.pk/0_to_150001_Mobiles
QMobileNoir i6i,7500,Rs.,new,https://www.whatmobile.com.pk/0_to_150001_Mobiles
LenovoA2010,6500,Rs.,new,https://www.whatmobile.com.pk/0_to_150001_Mobiles
RivoRhythm RX100,9900,Rs.,new,https://www.whatmobile.com.pk/0_to_150001_Mobiles
RivoRhythm RX75,8400,Rs.,new,https://www.whatmobile.com.pk/0_to_150001_Mobiles
RivoRhythm RX80,9000,Rs.,new,https://www.whatmobile.com.pk/0_to_150001_Mobiles
QMobileNoir X40,6990,Rs.,new,https://www.whatmobile.com.pk/0_to_150001_Mobiles
QMobileNoir S5,12500,Rs.,new,https://www.whatmobile.com.pk/0_to_150001_Mobiles
SonyXperia M5,25500,Rs.,new,https://www.whatmobile.com.pk/0_to_150001_Mobiles
SonyXperia C5 Ultra,32849,Rs.,new,https://www.whatmobile.com.pk/0_to_150001_Mobiles
LGG4 Beat,15999,Rs.,new,https://www.whatmobile.com.pk/0_to_150001_Mobiles
RivoRhythm RX70,7699,Rs.,new,https://www.whatmobile.com.pk/0_to_150001_Mobiles
RivoRhythm RX65,6200,Rs.,new,https://www.whatmobile.com.pk/0_to_150001_Mobiles
QMobileM85,2690,Rs.,new,https://www.whatmobile.com.pk/0_to_150001_Mobiles
HuaweiY5,9499,Rs.,new,https://www.whatmobile.com.pk/0_to_150001_Mobiles
QMobileNoir Z9,19500,Rs.,new,https://www.whatmobile.com.pk/0_to_150001_Mobiles
HuaweiY3,7899,Rs.,new,https://www.whatmobile.com.pk/0_to_150001_Mobiles
QMobileNoir S1,8999,Rs.,new,https://www.whatmobile.com.pk/0_to_150001_Mobiles
GFivePresident Xhero 7,8999,Rs.,new,https://www.whatmobile.com.pk/0_to_150001_Mobiles
GFivePresident Smart 6,5499,Rs.,new,https://www.whatmobile.com.pk/0_to_150001_Mobiles
QMobilePower4,2275,Rs.,new,https://www.whatmobile.com.pk/0_to_150001_Mobiles
SamsungGalaxy J2,15300,Rs.,new,https://www.whatmobile.com.pk/0_to_150001_Mobiles
LenovoVibe S1,36500,Rs.,new,https://www.whatmobile.com.pk/0_to_150001_Mobiles
QMobilePower3,1875,Rs.,new,https://www.whatmobile.com.pk/0_to_150001_Mobiles
HuaweiHonor 7,40000,Rs.,new,https://www.whatmobile.com.pk/0_to_150001_Mobiles
LGG4 Stylus,19999,Rs.,new,https://www.whatmobile.com.pk/0_to_150001_Mobiles
LenovoA5000,13900,Rs.,new,https://www.whatmobile.com.pk/0_to_150001_Mobiles
QMobileNoir Z8 Plus,17990,Rs.,new,https://www.whatmobile.com.pk/0_to_150001_Mobiles
QMobileExplorer 3G,2850,Rs.,new,https://www.whatmobile.com.pk/0_to_150001_Mobiles
LenovoP70,22500,Rs.,new,https://www.whatmobile.com.pk/0_to_150001_Mobiles
Appleiphone 6s Plus,64999,Rs.,new,https://www.whatmobile.com.pk/0_to_150001_Mobiles
OppoR7 Plus,39990,Rs.,new,https://www.whatmobile.com.pk/0_to_150001_Mobiles
Appleiphone 6s,54500,Rs.,new,https://www.whatmobile.com.pk/0_to_150001_Mobiles
HaierKlassic M108,3100,Rs.,new,https://www.whatmobile.com.pk/0_to_150001_Mobiles
HaierKlassic M107,2800,Rs.,new,https://www.whatmobile.com.pk/0_to_150001_Mobiles
HaierKlassic M106,2490,Rs.,new,https://www.whatmobile.com.pk/0_to_150001_Mobiles
LenovoS90,26900,Rs.,new,https://www.whatmobile.com.pk/0_to_150001_Mobiles
LenovoVibe Z2,51000,Rs.,new,https://www.whatmobile.com.pk/0_to_150001_Mobiles
HaierEsteem L50,15990,Rs.,new,https://www.whatmobile.com.pk/0_to_150001_Mobiles
HaierEsteem i70,12500,Rs.,new,https://www.whatmobile.com.pk/0_to_150001_Mobiles
HaierPursuit G30,7999,Rs.,new,https://www.whatmobile.com.pk/0_to_150001_Mobiles
HaierPursuit G20,7300,Rs.,new,https://www.whatmobile.com.pk/0_to_150001_Mobiles
LenovoA6000,13900,Rs.,new,https://www.whatmobile.com.pk/0_to_150001_Mobiles
LGG4,31799,Rs.,new,https://www.whatmobile.com.pk/0_to_150001_Mobiles
LenovoS60,22700,Rs.,new,https://www.whatmobile.com.pk/0_to_150001_Mobiles
HuaweiHonor 4C,17499,Rs.,new,https://www.whatmobile.com.pk/0_to_150001_Mobiles
CalmeSpark S12,4200,Rs.,new,https://www.whatmobile.com.pk/0_to_150001_Mobiles
CalmeSpark S24,4800,Rs.,new,https://www.whatmobile.com.pk/0_to_150001_Mobiles
QMobileNoir Z8,12500,Rs.,new,https://www.whatmobile.com.pk/0_to_150001_Mobiles
MicrosoftLumia 430,5450,Rs.,new,https://www.whatmobile.com.pk/0_to_150001_Mobiles
LenovoA7000,17999,Rs.,new,https://www.whatmobile.com.pk/0_to_150001_Mobiles
RivoNeo N310,2150,Rs.,new,https://www.whatmobile.com.pk/0_to_150001_Mobiles
RivoSapphire S610,2275,Rs.,new,https://www.whatmobile.com.pk/0_to_150001_Mobiles
RivoJaguar J505,2890,Rs.,new,https://www.whatmobile.com.pk/0_to_150001_Mobiles
RivoAdvance A210,1975,Rs.,new,https://www.whatmobile.com.pk/0_to_150001_Mobiles
RivoAdvance A220,1825,Rs.,new,https://www.whatmobile.com.pk/0_to_150001_Mobiles
RivoAdvance A225,1875,Rs.,new,https://www.whatmobile.com.pk/0_to_150001_Mobiles
RivoAdvance A230,1790,Rs.,new,https://www.whatmobile.com.pk/0_to_150001_Mobiles
RivoAdvance A235,2375,Rs.,new,https://www.whatmobile.com.pk/0_to_150001_Mobiles
RivoAdvance A240,1850,Rs.,new,https://www.whatmobile.com.pk/0_to_150001_Mobiles
RivoRhythm RX40,4300,Rs.,new,https://www.whatmobile.com.pk/0_to_150001_Mobiles
RivoRhythm RX35,4675,Rs.,new,https://www.whatmobile.com.pk/0_to_150001_Mobiles
RivoRhythm RX50,4600,Rs.,new,https://www.whatmobile.com.pk/0_to_150001_Mobiles
RivoRhythm RX55,4700,Rs.,new,https://www.whatmobile.com.pk/0_to_150001_Mobiles
RivoRhythm RX60,9000,Rs.,new,https://www.whatmobile.com.pk/0_to_150001_Mobiles
RivoPhantom PZ15,14000,Rs.,new,https://www.whatmobile.com.pk/0_to_150001_Mobiles
RivoPhantom PZ8,8000,Rs.,new,https://www.whatmobile.com.pk/0_to_150001_Mobiles
LenovoA606,17000,Rs.,new,https://www.whatmobile.com.pk/0_to_150001_Mobiles
RivoPhantom PZ10,8500,Rs.,new,https://www.whatmobile.com.pk/0_to_150001_Mobiles
GFivePresident G6 Plus,5999,Rs.,new,https://www.whatmobile.com.pk/0_to_150001_Mobiles
GFivePresident Shark 2,2500,Rs.,new,https://www.whatmobile.com.pk/0_to_150001_Mobiles
HTCDesire 626,19500,Rs.,new,https://www.whatmobile.com.pk/0_to_150001_Mobiles
GFivePresident Shark 1,2499,Rs.,new,https://www.whatmobile.com.pk/0_to_150001_Mobiles
LenovoVibe X2,30600,Rs.,new,https://www.whatmobile.com.pk/0_to_150001_Mobiles
LenovoA319,7900,Rs.,new,https://www.whatmobile.com.pk/0_to_150001_Mobiles
Nokia215,4150,Rs.,new,https://www.whatmobile.com.pk/0_to_150001_Mobiles
LenovoA328,9800,Rs.,new,https://www.whatmobile.com.pk/0_to_150001_Mobiles
HTCOne M9,47900,Rs.,new,https://www.whatmobile.com.pk/0_to_150001_Mobiles
GFiveSmart 2,3250,Rs.,new,https://www.whatmobile.com.pk/0_to_150001_Mobiles
GFiveSmart 1,3250,Rs.,new,https://www.whatmobile.com.pk/0_to_150001_Mobiles
GFivePresident Tango 7,19900,Rs.,new,https://www.whatmobile.com.pk/0_to_150001_Mobiles
LenovoA536,12100,Rs.,new,https://www.whatmobile.com.pk/0_to_150001_Mobiles
OPhoneX325,2250,Rs.,new,https://www.whatmobile.com.pk/0_to_150001_Mobiles
OPhoneSpark X250,2950,Rs.,new,https://www.whatmobile.com.pk/0_to_150001_Mobiles
OPhoneOze4,7000,Rs.,new,https://www.whatmobile.com.pk/0_to_150001_Mobiles
QMobileX4,2699,Rs.,new,https://www.whatmobile.com.pk/0_to_150001_Mobiles
HTCDesire 816G Dual Sim,22499,Rs.,new,https://www.whatmobile.com.pk/0_to_150001_Mobiles
OPhoneVibe X300,2300,Rs.,new,https://www.whatmobile.com.pk/0_to_150001_Mobiles
OPhoneStag X321,2950,Rs.,new,https://www.whatmobile.com.pk/0_to_150001_Mobiles
OPhoneO2,1400,Rs.,new,https://www.whatmobile.com.pk/0_to_150001_Mobiles
OPhoneO1,1550,Rs.,new,https://www.whatmobile.com.pk/0_to_150001_Mobiles
OPhoneO9,3400,Rs.,new,https://www.whatmobile.com.pk/0_to_150001_Mobiles
OPhoneIris 410,3600,Rs.,new,https://www.whatmobile.com.pk/0_to_150001_Mobiles
OPhoneSmarty 350i,4700,Rs.,new,https://www.whatmobile.com.pk/0_to_150001_Mobiles
OPhoneSmarty 430,4700,Rs.,new,https://www.whatmobile.com.pk/0_to_150001_Mobiles
SamsungGalaxy Grand Prime,16999,Rs.,new,https://www.whatmobile.com.pk/0_to_150001_Mobiles
CalmeSpark S22,7500,Rs.,new,https://www.whatmobile.com.pk/0_to_150001_Mobiles
CalmeSpark S33,8300,Rs.,new,https://www.whatmobile.com.pk/0_to_150001_Mobiles
LenovoS860,19999,Rs.,new,https://www.whatmobile.com.pk/0_to_150001_Mobiles
LenovoS850,19500,Rs.,new,https://www.whatmobile.com.pk/0_to_150001_Mobiles
LenovoS650,14500,Rs.,new,https://www.whatmobile.com.pk/0_to_150001_Mobiles
LenovoA369i,7900,Rs.,new,https://www.whatmobile.com.pk/0_to_150001_Mobiles
CalmeSpark S30,7999,Rs.,new,https://www.whatmobile.com.pk/0_to_150001_Mobiles
CalmeSpark S20,8000,Rs.,new,https://www.whatmobile.com.pk/0_to_150001_Mobiles
CalmeSpark S11,4000,Rs.,new,https://www.whatmobile.com.pk/0_to_150001_Mobiles
CalmeSpark S7,4000,Rs.,new,https://www.whatmobile.com.pk/0_to_150001_Mobiles
CalmeSpark S10,5990,Rs.,new,https://www.whatmobile.com.pk/0_to_150001_Mobiles
CalmeSpark S9,7000,Rs.,new,https://www.whatmobile.com.pk/0_to_150001_Mobiles
CalmeSpark S8,7500,Rs.,new,https://www.whatmobile.com.pk/0_to_150001_Mobiles
QMobileB65,1490,Rs.,new,https://www.whatmobile.com.pk/0_to_150001_Mobiles
Appleiphone 6 Plus,42999,Rs.,new,https://www.whatmobile.com.pk/0_to_150001_Mobiles
HTCDesire 820,24000,Rs.,new,https://www.whatmobile.com.pk/0_to_150001_Mobiles
GRightInspire A480,14800,Rs.,new,https://www.whatmobile.com.pk/0_to_150001_Mobiles
GRightVIEW X X1,20500,Rs.,new,https://www.whatmobile.com.pk/0_to_150001_Mobiles
GRightS20,2100,Rs.,new,https://www.whatmobile.com.pk/0_to_150001_Mobiles
ClubHello 105,14000,Rs.,new,https://www.whatmobile.com.pk/0_to_150001_Mobiles
Nokia130,3549,Rs.,new,https://www.whatmobile.com.pk/0_to_150001_Mobiles
ClubA1,1800,Rs.,new,https://www.whatmobile.com.pk/0_to_150001_Mobiles
ClubA90i,2425,Rs.,new,https://www.whatmobile.com.pk/0_to_150001_Mobiles
Appleiphone 6,43999,Rs.,new,https://www.whatmobile.com.pk/0_to_150001_Mobiles
HuaweiHonor 6,36500,Rs.,new,https://www.whatmobile.com.pk/0_to_150001_Mobiles
HTCOne E8,50000,Rs.,new,https://www.whatmobile.com.pk/0_to_150001_Mobiles
HTCOne Mini 2,26999,Rs.,new,https://www.whatmobile.com.pk/0_to_150001_Mobiles
GRightInspire A380 Mini,12500,Rs.,new,https://www.whatmobile.com.pk/0_to_150001_Mobiles
GRightV888,2200,Rs.,new,https://www.whatmobile.com.pk/0_to_150001_Mobiles
GRightV666,2050,Rs.,new,https://www.whatmobile.com.pk/0_to_150001_Mobiles
GRightInspire A380,14500,Rs.,new,https://www.whatmobile.com.pk/0_to_150001_Mobiles
GRightG555,1750,Rs.,new,https://www.whatmobile.com.pk/0_to_150001_Mobiles
GFivePresident G10 Fashion,8499,Rs.,new,https://www.whatmobile.com.pk/0_to_150001_Mobiles
LGG Pro 2,41500,Rs.,new,https://www.whatmobile.com.pk/0_to_150001_Mobiles
GFiveBravo A2,4300,Rs.,new,https://www.whatmobile.com.pk/0_to_150001_Mobiles
GFivePresident G10 Octa Core,6999,Rs.,new,https://www.whatmobile.com.pk/0_to_150001_Mobiles
GFivePresident A97,6499,Rs.,new,https://www.whatmobile.com.pk/0_to_150001_Mobiles
GFivePresident G10,15900,Rs.,new,https://www.whatmobile.com.pk/0_to_150001_Mobiles
HTCDesire 610,33000,Rs.,new,https://www.whatmobile.com.pk/0_to_150001_Mobiles
QMobileTablet QTab Q300,11500,Rs.,new,https://www.whatmobile.com.pk/0_to_150001_Mobiles
ClubA72,2100,Rs.,new,https://www.whatmobile.com.pk/0_to_150001_Mobiles
GFivePresident G6,8500,Rs.,new,https://www.whatmobile.com.pk/0_to_150001_Mobiles
GFivePresident G7,6999,Rs.,new,https://www.whatmobile.com.pk/0_to_150001_Mobiles
ClubA52,2100,Rs.,new,https://www.whatmobile.com.pk/0_to_150001_Mobiles
ClubA80,2100,Rs.,new,https://www.whatmobile.com.pk/0_to_150001_Mobiles
LGG Flex,26500,Rs.,new,https://www.whatmobile.com.pk/0_to_150001_Mobiles
LGG2,19850,Rs.,new,https://www.whatmobile.com.pk/0_to_150001_Mobiles
LGNexus 5,32000,Rs.,new,https://www.whatmobile.com.pk/0_to_150001_Mobiles
Nokia106,2749,Rs.,new,https://www.whatmobile.com.pk/0_to_150001_Mobiles
Nokia108,3600,Rs.,new,https://www.whatmobile.com.pk/0_to_150001_Mobiles
Appleiphone 5S 16GB,25799,Rs.,new,https://www.whatmobile.com.pk/0_to_150001_Mobiles
LGOptimus L5 II,17000,Rs.,new,https://www.whatmobile.com.pk/0_to_150001_Mobiles
HTCDesire 600,30000,Rs.,new,https://www.whatmobile.com.pk/0_to_150001_Mobiles
HTCOne Mini,27499,Rs.,new,https://www.whatmobile.com.pk/0_to_150001_Mobiles
HTCButterfly S,42000,Rs.,new,https://www.whatmobile.com.pk/0_to_150001_Mobiles
GFivePresident G9,7999,Rs.,new,https://www.whatmobile.com.pk/0_to_150001_Mobiles
Nokia105,2899,Rs.,new,https://www.whatmobile.com.pk/0_to_150001_Mobiles
HTCOne,42000,Rs.,new,https://www.whatmobile.com.pk/0_to_150001_Mobiles
QMobileE4,2350,Rs.,new,https://www.whatmobile.com.pk/0_to_150001_Mobiles
LGOptimus Vu P895,28000,Rs.,new,https://www.whatmobile.com.pk/0_to_150001_Mobiles
LGPrada 3.0,24500,Rs.,new,https://www.whatmobile.com.pk/0_to_150001_Mobiles
LGOptimus 3D Max P720,30000,Rs.,new,https://www.whatmobile.com.pk/0_to_150001_Mobiles
LGOptimus 4X HD P880,27900,Rs.,new,https://www.whatmobile.com.pk/0_to_150001_Mobiles
LGNexus 4,33000,Rs.,new,https://www.whatmobile.com.pk/0_to_150001_Mobiles
GFiveA78 Ferrari,6500,Rs.,new,https://www.whatmobile.com.pk/0_to_150001_Mobiles
GFiveBeam A68 Plus,5500,Rs.,new,https://www.whatmobile.com.pk/0_to_150001_Mobiles
GFiveLuminous E660,5990,Rs.,new,https://www.whatmobile.com.pk/0_to_150001_Mobiles
GFiveG Haptic Plus A77,4900,Rs.,new,https://www.whatmobile.com.pk/0_to_150001_Mobiles
GFiveBlade F500,5400,Rs.,new,https://www.whatmobile.com.pk/0_to_150001_Mobiles
GFiveBlade X F600,6600,Rs.,new,https://www.whatmobile.com.pk/0_to_150001_Mobiles
GFiveGlory A86,9900,Rs.,new,https://www.whatmobile.com.pk/0_to_150001_Mobiles
LGP705 Optimus L7,13999,Rs.,new,https://www.whatmobile.com.pk/0_to_150001_Mobiles
GFiveBravo G95,7500,Rs.,new,https://www.whatmobile.com.pk/0_to_150001_Mobiles
GFiveA79,7000,Rs.,new,https://www.whatmobile.com.pk/0_to_150001_Mobiles
GFiveEshare A68,5500,Rs.,new,https://www.whatmobile.com.pk/0_to_150001_Mobiles
GFiveFanse A57,4500,Rs.,new,https://www.whatmobile.com.pk/0_to_150001_Mobiles
LGE400 Optimus L3,14600,Rs.,new,https://www.whatmobile.com.pk/0_to_150001_Mobiles
MegagateSwipe T410,2600,Rs.,new,https://www.whatmobile.com.pk/0_to_150001_Mobiles
Megagate4210 Movie Maker,2100,Rs.,new,https://www.whatmobile.com.pk/0_to_150001_Mobiles
MegagateMAXIMUS W750,8900,Rs.,new,https://www.whatmobile.com.pk/0_to_150001_Mobiles
MegagateW710 Wi Fii,4300,Rs.,new,https://www.whatmobile.com.pk/0_to_150001_Mobiles
Megagate5210 Rockstar,3300,Rs.,new,https://www.whatmobile.com.pk/0_to_150001_Mobiles
Megagate6610 BlockBuster,4150,Rs.,new,https://www.whatmobile.com.pk/0_to_150001_Mobiles
Megagate2210 Movie,1300,Rs.,new,https://www.whatmobile.com.pk/0_to_150001_Mobiles
MegagateT610 Titan,4000,Rs.,new,https://www.whatmobile.com.pk/0_to_150001_Mobiles
MegagateK510 Trackpad,3950,Rs.,new,https://www.whatmobile.com.pk/0_to_150001_Mobiles
MegagateK310 Messenger,3250,Rs.,new,https://www.whatmobile.com.pk/0_to_150001_Mobiles
Megagate5810 Sound Blaster,4100,Rs.,new,https://www.whatmobile.com.pk/0_to_150001_Mobiles
Megagate5510 Opel,2950,Rs.,new,https://www.whatmobile.com.pk/0_to_150001_Mobiles
Megagate4410 Play,2500,Rs.,new,https://www.whatmobile.com.pk/0_to_150001_Mobiles
Megagate3310 Max,2000,Rs.,new,https://www.whatmobile.com.pk/0_to_150001_Mobiles
LGGX300,9000,Rs.,new,https://www.whatmobile.com.pk/0_to_150001_Mobiles
Sony EricssonK330,5100,Rs.,new,https://www.whatmobile.com.pk/0_to_150001_Mobiles
LGOptimus L7 II,16949,Rs.,new,https://www.whatmobile.com.pk/0_to_150001_Mobiles
LGOptimus G,52800,Rs.,new,https://www.whatmobile.com.pk/0_to_150001_Mobiles
LGK40,,Coming,new,https://www.whatmobile.com.pk/0_to_150001_Mobiles
LGK50,,Coming,new,https://www.whatmobile.com.pk/0_to_150001_Mobiles
LGQ60,,Coming,new,https://www.whatmobile.com.pk/0_to_150001_Mobiles
LGK12 Plus,,Coming,new,https://www.whatmobile.com.pk/0_to_150001_Mobiles
LGQ9,,Coming,new,https://www.whatmobile.com.pk/0_to_150001_Mobiles
LGV40,,Coming,new,https://www.whatmobile.com.pk/0_to_150001_Mobiles
