,names,prices,currency
0,honor mobile for sell,18000,Rs
1,Samsung S8 used,31000,Rs
2,Samsung c5 pro,25000,Rs
3,Samsung Galaxy S7 edge,30000,Rs
4,Iphone Apple xs Max,180000,Rs
5,"S10 plus with FREE Screen Card & save Rs 30,000",167000,Rs
6,iPhone X 64 gb Space Grey 3 months used 100% battery health,125000,Rs
7,Unlock zong and telenor Devices,200,Rs
8,Iphone xs mas,210000,Rs
9,NOKIA 6,16000,Rs
10,Best Replica N-230 Mobile Phone in Pakistan,3999,Rs
11,3310 mobile in Pakistan,2499,Rs
12,Buy Best Replica Galaxy S8+ Online in Pakistan,12999,Rs
13,Samsung galaxy S6 (10/10) Condition,16000,Rs
14,Huawei Y7 Prime 2018 (6 months Official warranty),21500,Rs
15,Honor 7S,15000,Rs
16,Xioami Redmi Note 5 Pro,25000,Rs
17,Huawei Nova 3i,36000,Rs
18,huawei honor 9 lite,24000,Rs
19,Samsung A5 2015 (With Complete Box),13500,Rs
20,huawei Mate s in good condition,20000,Rs
21,Iphone 6s plus,36000,Rs
22,Oppo F5 6GB Ram 64 Memory for Sale,30000,Rs
23,brand new Samsung Galaxy Note 8 64GB original unlocked,40000,Rs
24,Galaxy s8 G950FD,40000,Rs
25,vivo y95 11 month warranty complete box 4gb 64gb,30000,Rs
26,HONOR 6X SELL IN GOOD CONDITION,19000,Rs
27,Best tablet for kids in very reasonable price,14000,Rs
28,Samsung galaxy j1 6,7000,Rs
29,Iphone 7 plus with complete box,63000,Rs
30,Vivo v11 pro,46000,Rs
31,Nokia 6.1 plus,35000,Rs
32,Samsung galaxy j3 pro,15000,Rs
33,Nokia 150 Dual Sim,2600,Rs
34,Iphone 5s,7000,Rs
35,Iphone 6 for sale,17000,Rs
36,Amazon fire phone,12000,Rs
37,Buy Nokia-Asha 200 in vey good condition at very fair price,2500,Rs
38,LG G4 urgently,9500,Rs
39,Set ok 10 by 10,12000,Rs
40,Huawei honor 6x,23500,Rs
41,Qmobile i9i pro,9000,Rs
42,Google Huawei Nexus 6p(128GB),18500,Rs
43,Huawei y7 prime 2018 only one week used,23000,Rs
44,Samsung Galaxy S4 Mobile for Sale,7500,Rs
45,Honor 9 lite,25000,Rs
46,C9 pro,34500,Rs
47,Motorola Moto E4,14000,Rs
48,Selling Nokia 3,14000,Rs
49,NOIR A1 4GB RAM,14990,Rs
50,Iphone 7 jetblack 256gb,52000,Rs
51,A4,8000,Rs
52,Huawei g8 3/32gb,14500,Rs
53,Iphone 7 32 GB factory unlock,44000,Rs
54,huawei y5 2018,17000,Rs
55,Samsung S9 plus,100000,Rs
56,Samsung s7 edge dual sim,33000,Rs
57,Huwaei mobile P8 Lite Ale L21,11000,Rs
58,samsung note 4,16000,Rs
59,Iphone 6 64GB,16000,Rs
60,motorola 912 maxx,5000,Rs
61,Samsung J3 Pro for sale in Best Condition,14000,Rs
62,SAMSUNG GALAXY J6 plus,27000,Rs
63,iPhone 6 16GB,21000,Rs
64,Iphone xs max,220000,Rs
65,5s 32gb,9500,Rs
66,iphone xs 256gb,215000,Rs
67,Iphone 7 black,35000,Rs
68,Samsung Galaxy S9 Plus 6GB RAM 128GB Storage Mid Night Black,80000,Rs
69,huawei honor 6x 3gb ram 32gb rom,17000,Rs
70,Samsung Note 8,55000,Rs
71,Vivo v9 youth,21000,Rs
72,Iphone x,90000,Rs
73,Samsung note 9 dual sim black color,110000,Rs
74,Samsung Galaxy S7 edge,32500,Rs
75,No Any Fault,7500,Rs
76,Iphone X 64 GB Black Color,115000,Rs
77,Samsung Note 9 Midnight Black with all accessories and Box,115000,Rs
78,Samsung Galaxy A7 2018 Balck With Full Warranty,52000,Rs
79,Moto e4,10500,Rs
80,samsung galaxy note 8,35000,Rs
81,Huwawei y3 II for sale,5000,Rs
82,Docomo Sharp 04G,4000,Rs
83,tablet,3000,Rs
84,Infinity k,8000,Rs
85,Samsung Galaxy J7 Prime,16000,Rs
86,HONOR 10,52000,Rs
87,Huawei Y3II Good Condition for Sale,5700,Rs
88,SAMSUNG GALAXY J5 PRO,19000,Rs
89,samsung galaxy j6,26500,Rs
90,iPhone 8 plus 256 gb PTA registered factory unlocked,120000,Rs
91,Nova 3i 128gb and 4gb,40000,Rs
92,Sony Experia L1 is available for sale,14000,Rs
93,Samsung j4 for sell,16000,Rs
94,One plus 3T for sale in cheap price,17500,Rs
95,Iphone x 256gb,70000,Rs
96,iphone 5s 9/10 condition for sale,12000,Rs
97,Honor 7A With  months Warranty,16000,Rs
98,Iphone 6 Gold 64 GB,30000,Rs
99,I Phone (64GB) Silver,25000,Rs
100,Huawei y9 2018,27500,Rs
101,I am selling my phone vivo y53,12500,Rs
102,Samsung c9 pro,40000,Rs
103,Samsung C7 pro for sale,28000,Rs
104,Sony Xperia z,6000,Rs
105,Infinix Hot Note Grey 1.4 GHZ Octa-Core 4000 mAh Battery 1 GB Ram,7500,Rs
106,Samsung Note 5 Duos,23000,Rs
107,One hand use 11 mha wrnity,10000,Rs
108,Asus ZenFone 2 for sale,17500,Rs
109,Samsung Galaxy Note 8 - Black - 64gb,75000,Rs
110,Set 4 sale. Not a single fault,24000,Rs
111,Samsung Galaxy S7 edge,25000,Rs
112,O-7 Mobile 4 Sale,3250,Rs
113,i want amegently money so i want to sell my phone,8000,Rs
114,Selling Honor 7X,30500,Rs
115,One hand used in excellent condition,16500,Rs
116,Samsung S8 Plus 64 GB Unlocked Mint Condition,50000,Rs
117,Samsung S8,47500,Rs
118,J5 S-M J500F,7500,Rs
119,Oppo mobile,10000,Rs
120,Oppo F5,24500,Rs
121,Grand prime plus (free memory card),12000,Rs
122,Huawei mate 10 pro,65000,Rs
123,Oppo F7 Price in Pakistan 2018,30999,Rs
124,iphone 7 - 128gb jet black,45000,Rs
125,Huawei honor 5x,12000,Rs
126,Samsung A8 Model 2015,13000,Rs
127,Oppo f5 64gb,23000,Rs
128,Asenzo z5 loks like a iphone 7 plus,14000,Rs
129,Samsung galaxy prime,6500,Rs
130,I want sale my oppo A71 mobile,15500,Rs
131,Sale or exchange,6000,Rs
132,Samsung galaxy note 4,15000,Rs
133,Samsung C9 pro,31000,Rs
134,galaxy grand duos gt-I9082,3000,Rs
135,Motorolla Turbo (Mint Condition),4998,Rs
136,J7 max just in 26000 mint condition full accessories,26000,Rs
137,Motorola turbo 2,10000,Rs
138,LG V10 very good condition 9/10 + charger + free iphone hands free (orignal),14000,Rs
139,QTAB Q300 Urgent For Sale,7000,Rs
140,Xiaomi Mi Mix,42000,Rs
141,iphone 7 - 128gb jet black,49500,Rs
142,OnePlus 3T 6/64 Gunmetal in mint condition,28500,Rs
143,Samsung s8 with complete box 10/10 condition,45000,Rs
144,Vgotel Venture V8,6000,Rs
145,IPHONE X 64 GB UNBEATABLE PRICE- USED CONDITION,78000,Rs
146,Samsung Level On Wireless Headphones Original,22000,Rs
147,Huawei Nova 3i new,39500,Rs
148,Samsung galaxy J7 max,24500,Rs
149,q mobile i6 metal 2017,6500,Rs
150,S7 32gb 4g lte gold color,20500,Rs
151,Samsung j6 2018,27000,Rs
152,Opo A71,13000,Rs
153,Samsung A7,18000,Rs
154,samsung galaxy on7 2gb ram,9499,Rs
155,Huawei Honor 3C lite,5000,Rs
156,Nova 3i,34000,Rs
157,Samsung j3 2017,16000,Rs
158,Infinix Hot S,24000,Rs
159,OPPO F7,32000,Rs
160,LG v20 4Gb 63Gb exchange possible,18500,Rs
161,iPhone 8 plus 64gb space gray,85000,Rs
162,Samsung galaxy S6 gold,16000,Rs
163,Iphone x 64gb space gray,109000,Rs
164,HTC U PLAY,19500,Rs
165,OPPO F7 YOUTH,26000,Rs
166,Huawei p8 lite,9500,Rs
167,Galaxy Note 5,19000,Rs
168,Huawei G8,14500,Rs
169,samsung c7,24000,Rs
170,vivo v11 pro,45000,Rs
171,samsung galaxy note II(2) for sale,12000,Rs
172,Galaxy Note 9,130000,Rs
173,Huawei Y9 2018 Final Rate,19000,Rs
174,Samsung A8+ 64gb,53000,Rs
175,Iphone Xs Max 256GB pin packed  Rose Gold,200000,Rs
176,Samsung Galaxy J6,24000,Rs
177,Samsung C5,21000,Rs
178,S8 Plus,40000,Rs
179,iphone 7 plus,57500,Rs
180,iphone,42000,Rs
181,HTC One M9,13500,Rs
182,SAMSUNG A5 2017,25500,Rs
183,Nokia-112 available for sale.,2600,Rs
184,OnePlus 5T,60000,Rs
185,honor 6x gaurnteed non repaired condition 10/10,18000,Rs
186,Samsung galaxy grand prime plus,13000,Rs
187,iphone 6s,22000,Rs
188,Apple Iphone 5s,9000,Rs
189,Huawei p20 lite 64 gb,31500,Rs
190,Nokia 6.1 6 months used,17000,Rs
191,Samsung Galaxy S9 plus Brand New,80000,Rs
192,Qmobile Z12 lush,13000,Rs
193,iPhone 8 plus Vietnam,40000,Rs
194,Motorola E4,11000,Rs
195,New Samsung note 8 in golden colour,72000,Rs
196,Samsung Galaxy S7 Edge,29999,Rs
197,Samsung note 4,22000,Rs
198,S6 edge plus,25000,Rs
199,SAMSUNG GALAXY J7 PRIME 2K17 IN 10 BY 10 CONDITION,22000,Rs
200,huawei mate 10 lite,23000,Rs
201,Galaxy Note 8 (SM-N950F) (DUAL SIM) (ORCHID GREY),65000,Rs
202,Samsung J7 Pro,30000,Rs
203,HUAWEI P8 LITE DOCOMO F01H TABLET,11000,Rs
204,iPhone 6,19000,Rs
205,Motorola moto e4 available in excellent condition with an adjustable appropriate price,9500,Rs
206,Lg v30 plus,50000,Rs
207,J7 prime 32gb,19500,Rs
208,iPhone 5,6500,Rs
209,Sony xperia XZ1,55000,Rs
210,Huawei Mate 10 lite 10 month Warranty 4 GB 64 GB,23500,Rs
211,iphone 5 panel,2200,Rs
212,"Samsung Galaxy S6 100% Working. CRYSTAL CLEAR FRONT. No Fault, Never Repaired.",13999,Rs
213,Mi A2 lite one week used,21500,Rs
214,Samsung note 8 10.10,69000,Rs
215,OnePlus 5t,50000,Rs
216,Huawei p20 lite,32000,Rs
217,OnePlus 3t 6gb ram 64gb rom,25000,Rs
218,Samsung A7 2017 water proof scratch less condition 10/10,35000,Rs
219,Samsung Galaxy S8,48000,Rs
220,Sale my phone,10000,Rs
221,Iphone 6 gold 16 gb,15000,Rs
222,samsung galaxy tablet 7.7,22000,Rs
223,Xiaomi Redmi Note 5 Pro 3/32GB,22500,Rs
224,Samsung galaxy tab 4,12000,Rs
225,Galaxy note 3 duo,12000,Rs
226,SAMSUNG A8 2018,43000,Rs
227,Iphone 8 Plus 256 GB Black,40000,Rs
228,Xiaomi Mi 4A 32gb,12000,Rs
229,iPhone 5S perfectly new space grey,15000,Rs
230,Sony Xperia Z2,8000,Rs
231,Samsung Galaxy S4 32gb RS 7500,7500,Rs
232,Urgent sale S8 plus,50000,Rs
233,Huawei Honor Band 3 Smart Wristband Watch,6000,Rs
234,Sony Xperia Z2,10000,Rs
235,Oppo a37 fw,15000,Rs
236,Iphone 7 plus silver 32GB,57000,Rs
237,samsung s6 edge dot on left side,18500,Rs
238,Nokie 6.1 Plus 4/64 GB for Sale or Exchange,34000,Rs
239,Iphone6 64gb,24000,Rs
240,Samsung A6,44000,Rs
241,Xiaomi MI A1 (Golden),27000,Rs
242,Samsung Galaxy note 4,13000,Rs
243,Oppo f5,23500,Rs
244,Samsung note 5,19000,Rs
245,Samsung C9 pro,34980,Rs
246,OALE X4,12500,Rs
247,Samsung Galaxy s7 edge,25000,Rs
248,Iphone 7 mate black,44000,Rs
249,Honor 7s,14500,Rs
250,Iphone 5s in black 32gb,12500,Rs
251,SAMSUNG GALAXY NOTE 9,125000,Rs
252,Samsung Galaxy Note 8 Dual Sim,70000,Rs
253,Amazon Fire Phone,7499,Rs
254,Infinix hot 6 pro 3GB ram 32 gb rom,20000,Rs
255,Q mobile i6 metal,7000,Rs
256,One Plus 2,19000,Rs
257,Moto X Pure 16GB,14000,Rs
258,iPhone 6s 64 GB from Dubai,37000,Rs
259,Brand New Samsung J8 2018,37000,Rs
260,Iphone  6 S,32000,Rs
261,Glaxay J600F,20000,Rs
262,Honor 8 lite - 3 Months Used with Warranty - Full Box and Cover,18000,Rs
263,HONOR 4C,10000,Rs
264,Samsung Galaxy J6,21000,Rs
265,Samsung s2 good condition,3800,Rs
266,Samsung galaxy J7,19500,Rs
267,Huawei Honor 8,26000,Rs
268,Huawei mate 10 lite with full warranty,27000,Rs
269,Huwaei y6 pro for sell,11000,Rs
270,Samsung Galaxy Note 5 Duos,25000,Rs
271,Galaxy s7 edge,32000,Rs
272,Iphone 6 16 GB GOLD,24000,Rs
273,Huawei P9 Lite 2017 Version with 3GB Ram,14000,Rs
274,I went to sell samsung S7 edge dual sim,32000,Rs
275,Samsung Galaxy A7,29500,Rs
276,iPhone 6s 64 GB with box and accessories,45000,Rs
277,Infinix note 5 lastest andorid,25500,Rs
278,Samsung Galaxy A5,28000,Rs
279,Qmobile Blue 5,9000,Rs
280,Iphone 6 (64GB),27000,Rs
281,Custom Phone Cases and Skins,1000,Rs
282,Samsung j7 prime 2,25000,Rs
283,Samsung Galaxy c5,20000,Rs
284,Apple iphone 6,21000,Rs
285,HTC Desire 610,33000,Rs
286,Meizu MX6,31500,Rs
287,LG Nexus 5X,31799,Rs
288,OnePlus 6,70000,Rs
289,Iphone 6 128GB,27500,Rs
290,Samsung Galaxy Grand Prime Plus for sale,11000,Rs
291,Huawei Y6ii,14000,Rs
292,OnePlus 3 10/10 condition 64 GB,35000,Rs
293,IPHONE 7 PLUS 128GB JET BLACK,65000,Rs
294,Samsung Galaxy S7 edge,30000,Rs
295,Huawei p20 lite,32500,Rs
296,Grand prime plus,9500,Rs
297,vivo y81,21000,Rs
298,Lava iris fuel 60,7000,Rs
299,J5 2015,15000,Rs
300,Infinix Zero 3 in good condition,10500,Rs
301,Nokia asha 311,2000,Rs
302,SONY XPERIA,6000,Rs
303,SONY XPERIA SO-04E URGENT SALE,6000,Rs
304,Xiaomi Redmi 5 plus,18000,Rs
305,Samsung Galaxy Note 3 100% Clean And Orignal not Copy or Refurbish,12000,Rs
306,i phone 6s plus 64 gb,35000,Rs
307,Samsung J3 pro 2017 clean condition only 10000,10000,Rs
308,samsung s8 minor cracked screen,32000,Rs
309,Samsung s6 edge kit with warranty offer,25000,Rs
310,One plus 3T 128gb,35000,Rs
311,Huawei nexus 6p 32gb black,24000,Rs
312,LG Nexus 5 for Sale in Lahore,7000,Rs
313,Urgent sale LG g-2 mobile,5000,Rs
314,Sony Xperia xz 10/10,30000,Rs
315,Samsung J7 prime,23000,Rs
316,LENOVO VIBE K5 NOTE BUY FROM DUBAI RS 15000,15000,Rs
317,"New Apple Iphone X, 256GB",75000,Rs
318,Q mobile S6 edge,7800,Rs
319,Qmobile noir s6,8000,Rs
320,oppo f5 blue limited edition,30000,Rs
321,Iphone 6 128gb factory unlocked for sale,32000,Rs
322,iPhone 5s 16gb 1gb ram best candishan,15000,Rs
323,SAMSUNG GALAXY S6 (64GB),18500,Rs
324,Samsung Galaxy S7 edge with box,45000,Rs
325,iPhone 7,38000,Rs
326,I Phone 6 64GB,28000,Rs
327,iPhone 7 sale original,45000,Rs
328,QMobile z12 pro 3 gb ram 32 gb ROM,13000,Rs
329,iPhone 5s 32gb,18000,Rs
330,sony xperia z3 plus,19000,Rs
331,IPhone 5s gold 2 days battery,1850,Rs
332,Obi SF 1,10000,Rs
333,Samsung galaxy s7 edge,45000,Rs
334,Iphone 6s,45000,Rs
335,Samsung GLAXY S5,17000,Rs
336,iPhone 6s,40000,Rs
337,IPHONE 5S home used,17000,Rs
338,BlackBerry Bold 4,6500,Rs
339,Sony Z3 Compact,Call,Rs
340,Balckberry Bold 4,Call,Rs
341,Huawei honor 4c,12000,Rs
342,Huawei mobile,8000,Rs
343,Samsug Galaxy S6 edge 32 GB,22000,Rs
344,Iphone 5 16gb 8/10 condition,10000,Rs
345,Samsung c5,22000,Rs
346,iPhone 6 plus,37000,Rs
347,Samsung S6 edge 64gb sm-g925f,32000,Rs
348,Samsung galaxy grand prime,10000,Rs
349,Samsung galaxy note 3,15500,Rs
350,Sony Xperia Z3 3gb ram 32gb rom xchnga possible,17999,Rs
351,iphone 5 32gb,9000,Rs
