,prices,currency,mobiles
0,161499,Rs,Apple IPhone 8 256GB With Official Warranty
1,101999,Rs,Apple IPhone 8 64GB
2,130499,Rs,Apple IPhone 8 64GB With Official Warranty
3,181999,Rs,Apple IPhone 8 Plus 256GB With Official Warranty
4,151499,Rs,Apple IPhone 8 Plus 64GB With Official Warranty
5,165999,.,Apple iPhone X 256GB
6,349999,Rs,Apple iPhone X 256GB 24kt Gold Plated
7,196999,Rs,Apple iPhone X 256GB With Official Warranty
8,131999,Rs,Apple iPhone X 64GB
9,329999,Rs,Apple iPhone X 64GB 24kt Gold Plated
10,172499,Rs,Apple iPhone X 64GB With Official Warranty
11,309999,Rs,Apple iPhone XR 128GB 24kt Gold Plated
12,172499,Rs,Apple iPhone XR 128GB Dual sim With Official Warranty
13,191999,Rs,Apple iPhone XR 256GB Dual sim With Official Warranty
14,289999,Rs,Apple iPhone XR 64GB 24kt Gold Plated
15,133000,Rs,Apple iPhone XR 64GB Dual sim
16,161599,Rs,Apple iPhone XR 64GB Dual sim With Official Warranty
17,359999,Rs,Apple iPhone XS 256GB 24kt Gold Plated
18,243499,Rs,Apple iPhone XS 256GB single sim+e-sim With Official Warranty
19,419999,Rs,Apple iPhone XS 512GB 24kt Gold Plated
20,284999,Rs,Apple iPhone XS 512GB Single sim+e-sim With Official Warranty
21,339999,Rs,Apple iPhone XS 64GB 24kt Gold Plated
22,167999,.,Apple iPhone XS 64GB single sim+e-sim
23,212999,Rs,Apple iPhone XS 64GB single sim+e-sim With Official Warranty
24,409999,Rs,Apple iPhone XS Max 256GB 24kt Gold Plated
25,199999,Rs,Apple iPhone XS Max 256GB Dual sim
26,263999,Rs,Apple iPhone XS Max 256GB Dual sim With Official Warranty
27,223999,.,Apple iPhone XS Max 256GB Single Sim
28,304999,Rs,Apple iPhone XS Max 512GB Dual sim With Official Warranty
29,379999,Rs,Apple iPhone XS Max 64GB 24kt Gold Plated
30,179999,Rs,Apple iPhone XS Max 64GB Dual sim
31,233499,Rs,Apple iPhone XS Max 64GB Dual sim With Official Warranty
32,164999,.,Apple iPhone XS Max 64GB Single Sim
33,69999,Rs,Get Your Phone 24kt Gold Plated (With Warranty & Certificate)
34,15499,Rs,"GlocalMe S1 (4GB, 32GB) Dual Sim with Backcover & Glass Protector"
35,18299,Rs,"Honor 7S (2GB, 16GB) With Official Warranty Dual sim"
36,26999,.,"Honor 8C (3GB, 32GB) Dual Sim Official Warranty"
37,45999,.,"Honor 8X (4GB, 128GB) With Official Warranty Dual sim"
38,34999,.,"Huawei Mate 10 Lite (4GB, 64GB) Dual sim With Official Warranty"
39,45199,.,"Huawei Nova 3i (4GB, 128GB) Dual Sim With Official Warranty"
40,19999,.,"Huawei Y5 Prime (2GB, 16GB) 2018 With Official Warranty Dual sim"
41,28999,.,"Huawei Y7 Prime 2019 (3GB, 32GB) Dual Sim With Official Warranty"
42,40849,.,"Huawei Y9 2019 (4GB, 64GB) With Official Warranty Dual Sim"
43,22499,.,"Infinix Hot 6 Pro (3GB, 32GB) With Official Warranty Dual sim"
44,25499,Rs,"Infinix Hot S3X (3GB, 32GB) With Official Warranty Dual sim"
45,32699,Rs,"Infinix Note 5 (4GB, 64GB) With Official Warranty"
46,16499,.,"Infinix Smart 2 (2GB, 16GB) With Official Warranty"
47,19499,.,"Infinix Smart 2 (3GB, 32GB) With Official Warranty"
48,12699,Rs,Infinix Smart 2 HD Dual Sim With Official Warranty
49,26999,.,Infinix X571 NOTE 4 PRO (32GB 3GB) With Official Warranty
50,16399,Rs,"Lenovo K320 2GB Ram, 16GB Rom Dual Sim With Official Warranty"
51,24999,Rs,"Lenovo K5 Play (3GB Ram,32GB Rom) Dual Sim With Official Warranty"
52,35749,Rs,"Lenovo S5 (4GB, 64GB) Dual Sim with official warranty"
53,29999,.,Lenovo Yoga Tab 3 YT3-850M 16GB Wifi single sim
54,16799,Rs,"Motorola Moto E4 (2GB ,16GB) 4G LTE Single sim With Official Warranty"
55,22449,Rs,Motorola Moto E5 2GB 16GB Dual Sim with Official Warranty
56,25399,.,Motorola Moto M 4G 32GB Dual Sim With Official Warranty
57,8899,Rs,"Nokia 1 (8GB, 1GB) Dual sim With Official Warranty"
58,23599,Rs,"Nokia 3.1 Plus (3GB, 32GB) With Official Warranty"
59,28999,.,"Nokia 5.1 Plus (3GB, 32GB) With Official Warranty"
60,34499,Rs,"Nokia 6.1 Plus (4GB, 64GB) With Official Warranty"
61,13299,Rs,"Oale P1 (2GB, 16GB) With Official Warranty"
62,92699,Rs,"OnePlus 6T (8GB,128GB) Dual Sim"
63,144999,.,"OnePlus 6T McLaren Edition (10GB, 256GB) Dual Sim"
64,22499,.,"Oppo A3s (2GB, 16GB) Dual sim With Official Warranty"
65,26499,.,"Oppo A3s (3GB, 32GB) Dual sim With Official Warranty"
66,39999,.,"Oppo A7 (4GB, 64GB) With Official Warranty"
67,44999,.,"Oppo F9 (4GB, 64GB) With Official Warranty"
68,11999,Rs,"QMobile Q Infinity E (2GB, 16GB) Dual sim With Official Warranty"
69,10599,Rs,QMobile X700 Pro II 3G Dual Sim with Official Warranty
70,57999,.,"Samsung Galaxy A7 (4GB,128GB) 2018 Dual sim With Official Warranty"
71,99999,.,"Samsung Galaxy A9 2018 (6GB,128GB) With Official Warranty"
72,16799,.,"Samsung Galaxy J2 Core (1GB, 8GB) With Official Warranty"
73,21999,.,"Samsung Galaxy J4 (2GB, 16GB) Dual sim With Official Warranty"
74,18499,.,"Samsung Galaxy J4 Core (1GB, 16GB) With Official Warranty"
75,23499,.,"Samsung Galaxy J4+ (2GB, 16GB) Dual sim With Official Warranty"
76,30999,.,"Samsung Galaxy J6+ (3GB, 32GB) Dual sim With Official Warranty"
77,139999,.,"Samsung Galaxy Note 9 (6GB, 128GB) Dual sim With Official Warranty"
78,164999,.,"Samsung Galaxy S10 (8GB, 128GB) With Official Warranty"
79,179999,.,"Samsung Galaxy S10 Plus (8GB, 128GB) With Official Warranty"
80,219999,.,"Samsung Galaxy S10 Plus (8GB, 512GB) With Official Warranty"
81,23999,Rs,"Vivo Y81 (3GB ,32GB) Dual sim With Official Warranty"
82,26999,Rs,"Vivo Y91 (3GB, 64GB) With Official Warranty"
83,31500,Rs,"Xiaomi Mi A2 Lite (4GB, 64GB) Dual sim With Official Warranty"
84,16999,Rs,"Xiaomi Redmi 6A (2GB, 16GB) Dual sim With Official Warranty"
85,36999,.,"Xiaomi Redmi Note 6 Pro (4GB, 64GB) With Official Warranty"
