"RT @SamiSwati_: آزادی مارچ کارواں کی ساہیوال آمد سے قبل 
فخر ساہیوال معروف ثناخواں شاہد عمران صاحب کی خوب صورت آواز میں کلام 

احباب سے شیئ…",FALSE,0,NA,2019-10-29 15:41:17,FALSE,NA,"1189205572681437185",NA,"<a href=\"http://twitter.com/download/iphone\" rel=\"nofollow\">Twitter for iPhone</a>","Haneef_ShahAgha",19,TRUE,FALSE,NA,NA
"Multan having a huge crowd from Molana Fazlur Rahman's Azadi March! Ma Sha Allah ❤🇵🇰
#عوامی_سمندر_اسلام_آباد_کی_طرف… https://t.co/9rEBA2Nw2S",FALSE,2,NA,2019-10-29 15:41:13,TRUE,NA,"1189205556373921793",NA,"<a href=\"http://twitter.com/download/iphone\" rel=\"nofollow\">Twitter for iPhone</a>","Haneef_ShahAgha",2,FALSE,FALSE,NA,NA
"یہ لو یوتھیوں یہ اپنے باپ کو دکھاؤ کہ کون ہوا ناکام  #فسادی_مارچ_ہوا_ناکام https://t.co/IIwvhWRCOl",FALSE,3,NA,2019-10-29 15:34:09,FALSE,NA,"1189203779104710661",NA,"<a href=\"http://twitter.com/download/iphone\" rel=\"nofollow\">Twitter for iPhone</a>","Haneef_ShahAgha",1,FALSE,FALSE,NA,NA
"@Haneef_ShahAgha Muhammad.s.a.w",FALSE,1,"Haneef_ShahAgha",2019-10-29 15:33:02,FALSE,"1189198252874326016","1189203496438030339","1067635996630630400","<a href=\"http://twitter.com/download/android\" rel=\"nofollow\">Twitter for Android</a>","ChKhali39993554",0,FALSE,FALSE,NA,NA
"@Haneef_ShahAgha @RabeelaShah @SoomroOfficial بے شک بے شک.. واقعی سومرو صاحب نے اپنے شہید والد کی روح کو واقعی خوش کر دیا ہے...",FALSE,0,"Haneef_ShahAgha",2019-10-29 15:24:49,FALSE,"1189191585512050691","1189201429610803200","1067635996630630400","<a href=\"http://twitter.com/download/android\" rel=\"nofollow\">Twitter for Android</a>","tohedi313",0,FALSE,FALSE,NA,NA
"#VoiceOfPakistan_AzadiMarch https://t.co/Cj3ua9SBgA",FALSE,3,NA,2019-10-29 15:13:55,FALSE,NA,"1189198686221488129",NA,"<a href=\"http://twitter.com/download/iphone\" rel=\"nofollow\">Twitter for iPhone</a>","Haneef_ShahAgha",3,FALSE,FALSE,NA,NA
"RT @Qudrat_ullah313: قائد تیرے ہر حکم کی تعمیل کرینگے
جان تجھ پے فِدا تیرے ابابیل کرینگے۔
ان شاءاللہ
#VioceOfPakistan_AzadiMarch",FALSE,0,NA,2019-10-29 15:12:23,FALSE,NA,"1189198299934408706",NA,"<a href=\"http://twitter.com/download/iphone\" rel=\"nofollow\">Twitter for iPhone</a>","Haneef_ShahAgha",4,TRUE,FALSE,NA,NA
"پاکستان میں ربیع الاول کا چاند نظر آگیا-

یہ مہینہ انبیاء کے ورثاء کے غلبے کا مہینہ ہو گا.
انشاءاللہ… https://t.co/e155q5I9cZ",FALSE,5,NA,2019-10-29 15:12:12,TRUE,NA,"1189198252874326016",NA,"<a href=\"http://twitter.com/download/iphone\" rel=\"nofollow\">Twitter for iPhone</a>","Haneef_ShahAgha",5,FALSE,FALSE,NA,NA
"ملتان والوں آپ کو استقبال کیا ہم اس کے بدلے نیازی کو بتائینگے کہ  نیازی مستعفی ہو جاؤ ورنہ… https://t.co/3y9oxFXsPp",FALSE,2,NA,2019-10-29 15:02:01,TRUE,NA,"1189195688778842112",NA,"<a href=\"http://twitter.com/download/iphone\" rel=\"nofollow\">Twitter for iPhone</a>","Haneef_ShahAgha",3,FALSE,FALSE,NA,NA
"مولانا راشد سومرو صاحب نے عشق، محبت، الفت، عقیدت، جان نثاری، قربانی اور اپنے قائد پر نچھاور ہونے کی نئی تاریخ رقم ک… https://t.co/jci7bhfhMS",FALSE,10,NA,2019-10-29 14:45:42,TRUE,NA,"1189191585512050691",NA,"<a href=\"http://twitter.com/download/iphone\" rel=\"nofollow\">Twitter for iPhone</a>","Haneef_ShahAgha",6,FALSE,FALSE,NA,NA
"ہم میڈیاکی آزادی کو ان کا آئینی حق تصور کرتے ہیں۔
جب ان پر قدغن لگتا ہے تو ہم ان کے شانہ بشانہ کھڑے ہوجاتے ہیں۔
مول… https://t.co/c6xQybuW7v",FALSE,8,NA,2019-10-29 14:45:37,TRUE,NA,"1189191562598600704",NA,"<a href=\"http://twitter.com/download/iphone\" rel=\"nofollow\">Twitter for iPhone</a>","Haneef_ShahAgha",7,FALSE,FALSE,NA,NA
"@MoulanaOfficial @Haneef_ShahAgha ماشااللہ",FALSE,1,"MoulanaOfficial",2019-10-29 14:30:41,FALSE,"1189131740343930880","1189187804342865923","907889245","<a href=\"http://twitter.com/download/android\" rel=\"nofollow\">Twitter for Android</a>","MRuongha",0,FALSE,FALSE,NA,NA
"لاہور ٹھوکر نیاز بیگ چوک پر پاکستان پپلزپارٹی کی جانب سے آزادی مارچ قافلےکی شاندار استقبال کی تیاریاں، اس موقع پر ج… https://t.co/t39RaivvL1",FALSE,5,NA,2019-10-29 14:27:16,TRUE,NA,"1189186946947407873",NA,"<a href=\"http://twitter.com/download/iphone\" rel=\"nofollow\">Twitter for iPhone</a>","Haneef_ShahAgha",6,FALSE,FALSE,NA,NA
"RT @MoulanaOfficial: کاروان آزادی مارچ رحیم یار خان پہنچ گیا، فضائی مناظر ۔ ۔ ۔
#عوامی_سمندر_اسلام_آباد_کی_طرف https://t.co/jNI06mBtm2",FALSE,0,NA,2019-10-29 14:24:54,FALSE,NA,"1189186350542512128",NA,"<a href=\"http://twitter.com/download/iphone\" rel=\"nofollow\">Twitter for iPhone</a>","Haneef_ShahAgha",952,TRUE,FALSE,NA,NA
"RT @MoulanaOfficial: یہ حکومت ناجائز ہونے کے ساتھ نااہل بھی ہے
انہوں نے ملکی معیشت کا بیڑا غرق کردیا آج عام آدمی مہنگائی سے پریشان ہے ایک ک…",FALSE,0,NA,2019-10-29 14:24:49,FALSE,NA,"1189186329646526465",NA,"<a href=\"http://twitter.com/download/iphone\" rel=\"nofollow\">Twitter for iPhone</a>","Haneef_ShahAgha",659,TRUE,FALSE,NA,NA
"RT @MoulanaOfficial: ملتان : آزادی مارچ
#عوامی_سمندر_اسلام_آباد_کی_طرف https://t.co/CUgXGMg4GH",FALSE,0,NA,2019-10-29 14:24:46,FALSE,NA,"1189186317738864640",NA,"<a href=\"http://twitter.com/download/iphone\" rel=\"nofollow\">Twitter for iPhone</a>","Haneef_ShahAgha",265,TRUE,FALSE,NA,NA
"RT @MoulanaOfficial: آج اس ملک کا کاروباری طبقہ اضطراب کا شکار ہے
سرمایہ کار اپنے سرمائے کو ملک سے باہر منتقل کررہا ہے
ہم اس ملک کی بقا کی…",FALSE,0,NA,2019-10-29 14:24:42,FALSE,NA,"1189186301615984648",NA,"<a href=\"http://twitter.com/download/iphone\" rel=\"nofollow\">Twitter for iPhone</a>","Haneef_ShahAgha",286,TRUE,FALSE,NA,NA
"RT @MoulanaOfficial: مودی کی جیت سے ہی مسئلہ کشمیر کو حل کرنے والے حکمرانوں کو اب قوم پہچان چکی ، کشمیریوں کی حقیقی مدد اس حکومت کا خاتمہ ہ…",FALSE,0,NA,2019-10-29 14:24:39,FALSE,NA,"1189186287145668609",NA,"<a href=\"http://twitter.com/download/iphone\" rel=\"nofollow\">Twitter for iPhone</a>","Haneef_ShahAgha",298,TRUE,FALSE,NA,NA
"RT @MoulanaOfficial: یہ کشمیر کے نام پر قوم کو بے وقوف بنا رہے ہیں
کشمیر کی جانب کشیدگی کا کہا جارہا ہے مگر اسی وقت دوسری جانب کرتارپور کور…",FALSE,0,NA,2019-10-29 14:24:35,FALSE,NA,"1189186272180334593",NA,"<a href=\"http://twitter.com/download/iphone\" rel=\"nofollow\">Twitter for iPhone</a>","Haneef_ShahAgha",602,TRUE,FALSE,NA,NA
"RT @MoulanaOfficial: کاروان آزادی مارچ ۔ ۔ ۔
#عوامی_سمندر_اسلام_آباد_کی_طرف
#VoiceOfPakistan_AzadiMarch https://t.co/VASaTMcnwn",FALSE,0,NA,2019-10-29 14:24:33,FALSE,NA,"1189186261874921472",NA,"<a href=\"http://twitter.com/download/iphone\" rel=\"nofollow\">Twitter for iPhone</a>","Haneef_ShahAgha",409,TRUE,FALSE,NA,NA
"RT @MoulanaOfficial: ملتان میں عوام کا یہ سیلاب اپنے آئینی حقوق کیلئے نکل پڑا ہے
ہم اس ملک میں اپنے ووٹ کی چوری کو برداشت نہیں کرسکتے
#عوام…",FALSE,0,NA,2019-10-29 14:24:10,FALSE,NA,"1189186166320320516",NA,"<a href=\"http://twitter.com/download/iphone\" rel=\"nofollow\">Twitter for iPhone</a>","Haneef_ShahAgha",537,TRUE,FALSE,NA,NA
"@Baigalzulfiqar1 @MoulanaOfficial بھائی میرے شاید بہت تکلیف ہے آپ مولانا سے",FALSE,0,"Baigalzulfiqar1",2019-10-29 14:21:36,FALSE,"1189184645784432641","1189185518992379904","1128567302386016256","<a href=\"http://twitter.com/download/iphone\" rel=\"nofollow\">Twitter for iPhone</a>","Haneef_ShahAgha",0,FALSE,FALSE,NA,NA
"ہم تھے خاموش کہ برہم نہ ھو عالم کا نظام 
ناداں یہ سمجھ بیٹھے کہ ہم میں قوت للکار نہیں
#VoiceOfPakistan_AzadiMarch https://t.co/tefqrwANKV",FALSE,4,NA,2019-10-29 14:20:43,FALSE,NA,"1189185296065105923",NA,"<a href=\"http://twitter.com/download/iphone\" rel=\"nofollow\">Twitter for iPhone</a>","Haneef_ShahAgha",4,FALSE,FALSE,NA,NA
"@MoulanaOfficial @Haneef_ShahAgha https://t.co/oz5ZifPPqe",FALSE,0,"MoulanaOfficial",2019-10-29 14:18:08,FALSE,"1189146492424151040","1189184645784432641","907889245","<a href=\"http://twitter.com/download/android\" rel=\"nofollow\">Twitter for Android</a>","Baigalzulfiqar1",0,FALSE,FALSE,NA,NA
"@MoulanaOfficial @Haneef_ShahAgha اللہ پاک اپکو سلامے رکھے",FALSE,1,"MoulanaOfficial",2019-10-29 14:13:27,FALSE,"1189128666577604608","1189183470393688068","907889245","<a href=\"http://twitter.com/download/android\" rel=\"nofollow\">Twitter for Android</a>","hafeezk74636544",0,FALSE,FALSE,NA,NA
"RT @MoulanaOfficial: اس سلیکٹیڈ نے تو پوری دنیا میں ملک کو بدنام کردیا
ہمیشہ ملکی اداروں اور اسکی پالیسیوں کے مخالف بیان دیگر دنیا میں اپنا…",FALSE,0,NA,2019-10-29 14:05:54,FALSE,NA,"1189181568352309249",NA,"<a href=\"http://twitter.com/download/iphone\" rel=\"nofollow\">Twitter for iPhone</a>","Haneef_ShahAgha",462,TRUE,FALSE,NA,NA
"RT @MoulanaOfficial: مدینة الاولیا ملتان
 #عوامی_سمندر_اسلام_آباد_کی_طرف https://t.co/XWzU437lUx",FALSE,0,NA,2019-10-29 14:05:41,FALSE,NA,"1189181512861671424",NA,"<a href=\"http://twitter.com/download/iphone\" rel=\"nofollow\">Twitter for iPhone</a>","Haneef_ShahAgha",1108,TRUE,FALSE,NA,NA
"@FarooquiJameel میرے میں آپ نیازی نے جیب بھر پیسے دئیے",FALSE,0,"FarooquiJameel",2019-10-29 13:57:25,FALSE,"1188885794532003840","1189179432910503939","577961482","<a href=\"http://twitter.com/download/iphone\" rel=\"nofollow\">Twitter for iPhone</a>","Haneef_ShahAgha",0,FALSE,FALSE,NA,NA
"آزادی مارچ کارواں ، انقلابی سفر کے کارواں کے ملتان میں مناظر ، مولانا فضل الرحمن کا خطاب ، جاوید ہاشمی ودیگر شریک… https://t.co/rrreO0L9Ok",FALSE,3,NA,2019-10-29 13:52:11,TRUE,NA,"1189178116100329473",NA,"<a href=\"http://twitter.com/download/iphone\" rel=\"nofollow\">Twitter for iPhone</a>","Haneef_ShahAgha",5,FALSE,FALSE,NA,NA
"آزادی مارچ کارواں ، انقلابی سفر کے کارواں کے ملتان میں مناظر ، مولانا فضل الرحمن کا خطاب ، جاوید ہاشمی ودیگر شریک… https://t.co/UfA7isqToH",FALSE,5,NA,2019-10-29 13:51:27,TRUE,NA,"1189177932922572801",NA,"<a href=\"http://twitter.com/download/iphone\" rel=\"nofollow\">Twitter for iPhone</a>","Haneef_ShahAgha",4,FALSE,FALSE,NA,NA
"RT @MoulanaOfficial: میڈیا سے شکایات کے باوجود جب ان پر قدغن لگائی جارہی ہے ہم ہی ہیں جو انکے حقوق کیلئے آواز بلند کررہے ہیں
اس ملک میں قیا…",FALSE,0,NA,2019-10-29 11:01:52,FALSE,NA,"1189135252867948545",NA,"<a href=\"http://twitter.com/download/iphone\" rel=\"nofollow\">Twitter for iPhone</a>","Haneef_ShahAgha",533,TRUE,FALSE,NA,NA
"@Haneef_ShahAgha @SirajOfficial @BlochistaniNwab حضور غلطی آپ کی نہیں اقتدار کے حواس اور مفاد نے آپ کو چوروں کے کان… https://t.co/8pdNMsQYN7",FALSE,1,"Haneef_ShahAgha",2019-10-29 03:21:34,TRUE,"1188848683594506240","1189019415502831617","1067635996630630400","<a href=\"http://twitter.com/download/android\" rel=\"nofollow\">Twitter for Android</a>","Muhamma05892514",0,FALSE,FALSE,NA,NA
"RT @iamowaisnoorani: میں قافلے کی ایک سمت تمام سیکیورٹی کے دوستوں کے تعاون کے باوجود دوسرے سرے تک نہیں جا سکا عام عوام کا وہ ہجوم ہے کہ بیا…",FALSE,0,NA,2019-10-28 16:09:31,FALSE,NA,"1188850291476709376",NA,"<a href=\"http://twitter.com/download/iphone\" rel=\"nofollow\">Twitter for iPhone</a>","Haneef_ShahAgha",934,TRUE,FALSE,NA,NA
"@SirajOfficial @BlochistaniNwab سراج لالا افسوس کہ آج وہی دوغلہ پالیسی",FALSE,8,"SirajOfficial",2019-10-28 16:03:08,FALSE,"1188837812319260672","1188848683594506240","549630210","<a href=\"http://twitter.com/download/iphone\" rel=\"nofollow\">Twitter for iPhone</a>","Haneef_ShahAgha",0,FALSE,FALSE,NA,NA
"#Panjab_Welcome_Azadi_March 
#آزادی_مارچ_سویلین_راج https://t.co/fRZ66pq11R",FALSE,7,NA,2019-10-28 16:01:51,FALSE,NA,"1188848361824247810",NA,"<a href=\"http://twitter.com/download/iphone\" rel=\"nofollow\">Twitter for iPhone</a>","Haneef_ShahAgha",6,FALSE,FALSE,NA,NA
"جب بھی اہلِ چمن کو ضرورت پڑی
خون ہم نے دیا گردنیں پیش کی

پھر بھی کہتے ہیں مجھ سے یہ اہلِ چمن
یہ چمن ہے ہمارا تمہار… https://t.co/KpJIsXPIye",FALSE,8,NA,2019-10-28 15:59:14,TRUE,NA,"1188847700374110208",NA,"<a href=\"http://twitter.com/download/iphone\" rel=\"nofollow\">Twitter for iPhone</a>","Haneef_ShahAgha",7,FALSE,FALSE,NA,NA
"@MoulanaOfficial قائد ہم جان ہتھیلی پر رکھ کر آئے ہیں",FALSE,6,"MoulanaOfficial",2019-10-28 15:56:59,FALSE,"1188846512480178176","1188847134604439552","907889245","<a href=\"http://twitter.com/download/iphone\" rel=\"nofollow\">Twitter for iPhone</a>","Haneef_ShahAgha",1,FALSE,FALSE,NA,NA
"RT @MoulanaOfficial: آزادی مارچ صوبہ پنجاب کی حدود میں داخل ۔ ۔ ۔
#عوامی_سمندر_اسلام_آباد_کی_طرف https://t.co/VpamrIFyFF",FALSE,0,NA,2019-10-28 15:56:02,FALSE,NA,"1188846895063601152",NA,"<a href=\"http://twitter.com/download/iphone\" rel=\"nofollow\">Twitter for iPhone</a>","Haneef_ShahAgha",1502,TRUE,FALSE,NA,NA
"آزادی مارچ یہ صرف سندھ کے کچھ اضلاع کے لوگ ہیں۔ اب بلوچستان سمیت سندھ کے کچھ دیگر اضلاع۔ کے پی کے پنجاب۔ آزادکشمیر۔… https://t.co/F8rAPkgc6o",FALSE,29,NA,2019-10-28 15:52:36,TRUE,NA,"1188846032488206338",NA,"<a href=\"http://twitter.com/download/iphone\" rel=\"nofollow\">Twitter for iPhone</a>","Haneef_ShahAgha",27,FALSE,FALSE,NA,NA
"اس وقت اگر کوئی پریشان ہے وہ سلیکشن کرنے والے اور نیازی کے حواری تو ان درباری مولیوں سے کہنا چاہتاہوں کہ اب سے دور… https://t.co/7p0keEpjTR",FALSE,19,NA,2019-10-28 15:50:50,TRUE,NA,"1188845586872705032",NA,"<a href=\"http://twitter.com/download/iphone\" rel=\"nofollow\">Twitter for iPhone</a>","Haneef_ShahAgha",16,FALSE,FALSE,NA,NA
"انشاءاللہ سندھ کے تمام قافلے اور قائد جمعیت آگے  #Panjab_Welcome_AzadiMarch",FALSE,10,NA,2019-10-28 15:48:40,FALSE,NA,"1188845043077001217",NA,"<a href=\"http://twitter.com/download/iphone\" rel=\"nofollow\">Twitter for iPhone</a>","Haneef_ShahAgha",6,FALSE,FALSE,NA,NA
"RT @Engr_Muaavia: اعلان ۔۔ ھدایات۔۔  حضرت مولانا عبدالواسع صاحب.  ۔۔۔امیر جمعیت علماء اسلام بلوچستان 
بلوچستان کے قافلے میں تمام شریک افراد…",FALSE,0,NA,2019-10-28 15:47:43,FALSE,NA,"1188844802831454211",NA,"<a href=\"http://twitter.com/download/iphone\" rel=\"nofollow\">Twitter for iPhone</a>","Haneef_ShahAgha",49,TRUE,FALSE,NA,NA
"@SenTi_GuLwisH انشاءاللہ",FALSE,2,"SenTi_GuLwisH",2019-10-28 15:47:28,FALSE,"1188833483776544770","1188844741099769856","228246488","<a href=\"http://twitter.com/download/iphone\" rel=\"nofollow\">Twitter for iPhone</a>","Haneef_ShahAgha",0,FALSE,FALSE,NA,NA
"RT @MoulanaOfficial: بی سی اردو سے گفتگو @BBCUrdu 
#عوامی_سمندر_اسلام_آباد_کی_طرف  
2/2 https://t.co/I5LlRiT02b",FALSE,0,NA,2019-10-28 15:46:12,FALSE,NA,"1188844423121113088",NA,"<a href=\"http://twitter.com/download/iphone\" rel=\"nofollow\">Twitter for iPhone</a>","Haneef_ShahAgha",342,TRUE,FALSE,NA,NA
"@MoulanaOfficial @BBCUrdu قائد اشارہ کوا بیا تماشہ کوا",FALSE,9,"MoulanaOfficial",2019-10-28 15:46:09,FALSE,"1188841217829888000","1188844407426035712","907889245","<a href=\"http://twitter.com/download/iphone\" rel=\"nofollow\">Twitter for iPhone</a>","Haneef_ShahAgha",0,FALSE,FALSE,NA,NA
"RT @MoulanaOfficial: بی سی اردو سے گفتگو @BBCUrdu 
#عوامی_سمندر_اسلام_آباد_کی_طرف  
1/2 https://t.co/e6Zzpz8O5i",FALSE,0,NA,2019-10-28 15:45:49,FALSE,NA,"1188844325674897410",NA,"<a href=\"http://twitter.com/download/iphone\" rel=\"nofollow\">Twitter for iPhone</a>","Haneef_ShahAgha",931,TRUE,FALSE,NA,NA
"RT @UbaidUl35614146: آزادی مارچ کارواں، 
عوام کا جوش و خروش اور قائدِجمعیۃ کے ساتھ والہانہ محبت کے مناظر https://t.co/bvt6xlkxZc",FALSE,0,NA,2019-10-28 13:14:28,FALSE,NA,"1188806235027595264",NA,"<a href=\"http://twitter.com/download/iphone\" rel=\"nofollow\">Twitter for iPhone</a>","Haneef_ShahAgha",8,TRUE,FALSE,NA,NA
"RT @MoulanaOfficial: #عوامی_سمندر_اسلام_آباد_کی_طرف https://t.co/3nP3mgwclz",FALSE,0,NA,2019-10-28 13:14:20,FALSE,NA,"1188806205038313473",NA,"<a href=\"http://twitter.com/download/iphone\" rel=\"nofollow\">Twitter for iPhone</a>","Haneef_ShahAgha",571,TRUE,FALSE,NA,NA
"RT @MoulanaOfficial: آزادی مارچ
#عوامی_سمندر_اسلام_آباد_کی_طرف https://t.co/FxSekRDexD",FALSE,0,NA,2019-10-28 13:14:17,FALSE,NA,"1188806190580539394",NA,"<a href=\"http://twitter.com/download/iphone\" rel=\"nofollow\">Twitter for iPhone</a>","Haneef_ShahAgha",1106,TRUE,FALSE,NA,NA
"عمران نے قوم سے خطاب اتنی جلدی میں کیا ، نا قومی ترانہ اور نا ہی خداخافظ۔ پیچھے سے آواز آ رہی تھی۔بھاگ، مولانا حیدر… https://t.co/437XAqHEBU",FALSE,11,NA,2019-10-28 12:29:25,TRUE,NA,"1188794899103207424",NA,"<a href=\"http://twitter.com/download/iphone\" rel=\"nofollow\">Twitter for iPhone</a>","Haneef_ShahAgha",7,FALSE,FALSE,NA,NA
"@Haneef_ShahAgha @MoulanaOfficial آپ اگر سید ہو تو اپنے آپ کو پہچانوں کیایہ مولانا اسلام کے مطابق ہیں",FALSE,1,"Haneef_ShahAgha",2019-10-28 12:13:12,FALSE,"1188752010562199552","1188790818217381888","1067635996630630400","<a href=\"http://twitter.com/download/android\" rel=\"nofollow\">Twitter for Android</a>","SyedIjazUlHass1",0,FALSE,FALSE,NA,NA
"@Haneef_ShahAgha @MoulanaOfficial INSHA-ALLAH TA'ALAA",FALSE,0,"Haneef_ShahAgha",2019-10-28 11:38:12,FALSE,"1188773743402901506","1188782008979341312","1067635996630630400","<a href=\"http://twitter.com/download/android\" rel=\"nofollow\">Twitter for Android</a>","AhmefTariq",0,FALSE,FALSE,NA,NA
"RT @Rasheed_hangvi: انصار السلام پر پابندی کا نوٹیفکیشن ہی غیر مؤثر ہے: چیف جسٹس اسلام آباد ہائیکورٹ

اگر وہ خاکی وردی کی بجائے سفید وردی پ…",FALSE,0,NA,2019-10-28 11:21:37,FALSE,NA,"1188777835290345472",NA,"<a href=\"http://twitter.com/download/iphone\" rel=\"nofollow\">Twitter for iPhone</a>","Haneef_ShahAgha",81,TRUE,FALSE,NA,NA
"آزادی مارچ سکھر کے قافلے فضائی ڈرون لیا گیا وڈیو کلپ
عوامی_سمندر_اسلام_آباد_کی_طرف# https://t.co/TuxtK1qVqd",FALSE,0,NA,2019-10-28 11:19:30,FALSE,NA,"1188777302722789376",NA,"<a href=\"http://twitter.com/download/iphone\" rel=\"nofollow\">Twitter for iPhone</a>","Haneef_ShahAgha",0,FALSE,FALSE,NA,NA
"RT @KaleemS78238284: آج کا سب سے 
ذہادہ لگایا جانے والا نعرہ 

ایک روپے کے سو نیازی
گو نیازی گو۔
#آزادی_مارچ_سویلین_راج",FALSE,0,NA,2019-10-28 11:19:07,FALSE,NA,"1188777207860269056",NA,"<a href=\"http://twitter.com/download/iphone\" rel=\"nofollow\">Twitter for iPhone</a>","Haneef_ShahAgha",5,TRUE,FALSE,NA,NA
"@Haneef_ShahAgha پیارے اواز بہت کم ہے زور سے بولو ں اواز نہی اتاہے",FALSE,1,"Haneef_ShahAgha",2019-10-28 11:19:07,FALSE,"1188776605499514881","1188777207742844930","1067635996630630400","<a href=\"http://twitter.com/download/android\" rel=\"nofollow\">Twitter for Android</a>","MurtazaBuneri92",0,FALSE,FALSE,NA,NA
"RT @KaleemS78238284: پنوعاقل میں آزادی مارچ کا زبردست استقبال۔گل پاشی ۔پانی کی بوتلیں تقسیم کرتے ہوئے۔سندھ کی عوام کی محبت ہمیشہ یاد رہیگی۔…",FALSE,0,NA,2019-10-28 11:19:03,FALSE,NA,"1188777193096306688",NA,"<a href=\"http://twitter.com/download/iphone\" rel=\"nofollow\">Twitter for iPhone</a>","Haneef_ShahAgha",10,TRUE,FALSE,NA,NA
"RT @waqasAhmad_Faiz: اس بھائی صاحب کے جذبے کو سلام 
@AimalKhanswati @SamiSwati_ 
#عوامی_سمندر_اسلام_آباد_کی_طرف https://t.co/Ik91ur5M7p",FALSE,0,NA,2019-10-28 11:18:56,FALSE,NA,"1188777163761311745",NA,"<a href=\"http://twitter.com/download/iphone\" rel=\"nofollow\">Twitter for iPhone</a>","Haneef_ShahAgha",14,TRUE,FALSE,NA,NA
"RT @Engr_Muaavia: اللہ اکبر۔۔!

صرف افرادی قوت ہی نہیں جے یو آئی کے کارکنان ایمانی قوت بھی استعمال کر رہے ہیں 

مارچ میں شریک جمعیت کا ایک…",FALSE,0,NA,2019-10-28 11:18:38,FALSE,NA,"1188777085134950400",NA,"<a href=\"http://twitter.com/download/iphone\" rel=\"nofollow\">Twitter for iPhone</a>","Haneef_ShahAgha",5,TRUE,FALSE,NA,NA
"اسلامک رائٹر فارم  صحافی امجد علی امجد سکھر سے برائے راست
#عوامی_سمندر_اسلام_آباد_کی_طرف https://t.co/ZREWY0bLNr",FALSE,35,NA,2019-10-28 11:16:43,FALSE,NA,"1188776605499514881",NA,"<a href=\"http://twitter.com/download/iphone\" rel=\"nofollow\">Twitter for iPhone</a>","Haneef_ShahAgha",18,FALSE,FALSE,NA,NA
"سندھ کے عوام قائد جمعیت کے قافلے کیلئے بچ گئی اور پھولوں سے استقبال روڈ کے دونوں جانب عوام کا محبت اور جعلی سلیکٹڈ… https://t.co/lAYk1E1qqI",FALSE,3,NA,2019-10-28 11:16:02,TRUE,NA,"1188776431997915136",NA,"<a href=\"http://twitter.com/download/iphone\" rel=\"nofollow\">Twitter for iPhone</a>","Haneef_ShahAgha",2,FALSE,FALSE,NA,NA
"@MoulanaOfficial قائد جمعیت جب تک نیازی مستعفی نہی ہوگا اس وقت ہم جگہ سے بھی نہی ہلیں گے انشاءاللہ",FALSE,2,"MoulanaOfficial",2019-10-28 11:05:21,FALSE,"1188772197214703622","1188773743402901506","907889245","<a href=\"http://twitter.com/download/iphone\" rel=\"nofollow\">Twitter for iPhone</a>","Haneef_ShahAgha",1,FALSE,FALSE,NA,NA
"RT @MoulanaOfficial: اس وقت ملک کی بقا خطرے میں ہے ملکی معیشت ڈوب رہی ہے
ہم ملکی سلامتی ، جمہوریت اور آئین کی حفاظت کیلئے نکل چکے
پاکستان ک…",FALSE,0,NA,2019-10-28 11:04:05,FALSE,NA,"1188773426233794560",NA,"<a href=\"http://twitter.com/download/iphone\" rel=\"nofollow\">Twitter for iPhone</a>","Haneef_ShahAgha",727,TRUE,FALSE,NA,NA
"اس کا انتخابی طور پر خیرمقدم نہیں کیا جاتا ہے کسی بھی وزیر اعلی کے ذریعہ اس کا خیرمقدم نہیں یہ ایم این اے نہیں ہے ی… https://t.co/8rlTvAbUaK",FALSE,5,NA,2019-10-28 10:58:49,TRUE,NA,"1188772098539446273",NA,"<a href=\"http://twitter.com/download/iphone\" rel=\"nofollow\">Twitter for iPhone</a>","Haneef_ShahAgha",1,FALSE,FALSE,NA,NA
"یہ تو صرف 3 ڈویژن کا قافلہ اسلام آباد 50 لاکھ افراد آمد متوقع نیازی اب سکون سے سوچ استعفی یا خودکشی… https://t.co/lWqNgHDWHZ",FALSE,7,NA,2019-10-28 10:58:44,TRUE,NA,"1188772080470368259",NA,"<a href=\"http://twitter.com/download/iphone\" rel=\"nofollow\">Twitter for iPhone</a>","Haneef_ShahAgha",5,FALSE,FALSE,NA,NA
"RT @MoulanaOfficial: جبر کی بنیاد ہے عوام پر حکومت کسی صورت قبول نہیں
رسول اللہﷺ نے ایسے شخص کو جو جبر کی بنیاد پر قوم پر مسلط ہو اسے ملعون…",FALSE,0,NA,2019-10-28 10:52:58,FALSE,NA,"1188770626779205632",NA,"<a href=\"http://twitter.com/download/iphone\" rel=\"nofollow\">Twitter for iPhone</a>","Haneef_ShahAgha",662,TRUE,FALSE,NA,NA
"قائد نیازی خود اسرائیلی اور بھارت کا ایجنڈے پر کام کر تھا ہے https://t.co/KZ8yMQq6h8",FALSE,8,NA,2019-10-28 10:41:58,FALSE,NA,"1188767858999865344",NA,"<a href=\"http://twitter.com/download/iphone\" rel=\"nofollow\">Twitter for iPhone</a>","Haneef_ShahAgha",5,FALSE,FALSE,NA,NA
"حامد میر صاحب معاہدہ اگر ہوا تھا کس چیز پر؟ ایک طرف حافظ صاحب غیر ملکی کلیر کرنا اور دوسری طرف مفتی کفایت صاحب کو گ… https://t.co/Iw958L3mkt",FALSE,1,NA,2019-10-28 10:09:13,TRUE,NA,"1188759617687506944",NA,"<a href=\"http://twitter.com/download/iphone\" rel=\"nofollow\">Twitter for iPhone</a>","Haneef_ShahAgha",1,FALSE,FALSE,NA,NA
"RT @RabeelaShah: سکھر:جمعیت علماء اسلام صوبہ سندھ کی طرف کراچی حیدرآباد نوابشاہ سکرنڈ سے آئے ہوئے کارکنان کیلئے 30 ایکڑ پر مشتمل پنڈال کا ا…",FALSE,0,NA,2019-10-28 10:06:51,FALSE,NA,"1188759023673335808",NA,"<a href=\"http://twitter.com/download/iphone\" rel=\"nofollow\">Twitter for iPhone</a>","Haneef_ShahAgha",6,TRUE,FALSE,NA,NA
"@MoulanaOfficial قائد تیری بصیرت کو سلام اور جرت کو سلام",FALSE,8,"MoulanaOfficial",2019-10-28 09:39:36,FALSE,"1188734403515691008","1188752164061143042","907889245","<a href=\"http://twitter.com/download/iphone\" rel=\"nofollow\">Twitter for iPhone</a>","Haneef_ShahAgha",3,FALSE,FALSE,NA,NA
"RT @MoulanaOfficial: سکھر آزادی مارچ
#AzadiMarch #GoNiaziGoNiazi https://t.co/aUsm5buXYc",FALSE,0,NA,2019-10-28 09:39:14,FALSE,NA,"1188752071178240000",NA,"<a href=\"http://twitter.com/download/iphone\" rel=\"nofollow\">Twitter for iPhone</a>","Haneef_ShahAgha",2263,TRUE,FALSE,NA,NA
"@MoulanaOfficial قائد آپ کا ایک اشارہ حاضر کہوں جاں ہمارا",FALSE,14,"MoulanaOfficial",2019-10-28 09:38:59,FALSE,"1188751114532995072","1188752010562199552","907889245","<a href=\"http://twitter.com/download/iphone\" rel=\"nofollow\">Twitter for iPhone</a>","Haneef_ShahAgha",0,FALSE,FALSE,NA,NA
"RT @MoulanaOfficial: انسانوں کا سیلاب اسلام آباد کا رخ کرچکا اور ایک بڑے طوفان کی صورت میں اسلام آباد میں داخل ہوگا انشاءاللہ 
#عوامی_سمندر…",FALSE,0,NA,2019-10-28 09:38:33,FALSE,NA,"1188751898742022144",NA,"<a href=\"http://twitter.com/download/iphone\" rel=\"nofollow\">Twitter for iPhone</a>","Haneef_ShahAgha",1965,TRUE,FALSE,NA,NA
"مہنگائی ، بیروزگاری اور نااہل جعلی حکومت کے خاتمے کیلئے
فیصلہ کن گھڑی \" آزادی مارچ \"
شاہ صاحب سکھر دے روانہ… https://t.co/jRyvyxHUJX",FALSE,1,NA,2019-10-28 09:14:50,TRUE,NA,"1188745930125783040",NA,"<a href=\"http://twitter.com/download/iphone\" rel=\"nofollow\">Twitter for iPhone</a>","Haneef_ShahAgha",3,FALSE,FALSE,NA,NA
"آج صبح سویرے نامعلوم افراد کی فائرنگ سے جمیعت علمائے اسلام کے سینئر رہنما اور سابق مخیر پی کے 102 مفتی سلطان محمد ش… https://t.co/MP1J1QUYh4",FALSE,1,NA,2019-10-28 09:13:51,TRUE,NA,"1188745684306055168",NA,"<a href=\"http://twitter.com/download/iphone\" rel=\"nofollow\">Twitter for iPhone</a>","Haneef_ShahAgha",0,FALSE,FALSE,NA,NA
"ہر طرف آزادی مارچ انسانوں کا سمندر سندھ خیبرپختونخوا بلوچستان احوال آپکی بصارتوں کی نظر ...
ہر طرف لوگوں کا جم غفیر… https://t.co/VowDtOihvk",FALSE,9,NA,2019-10-28 09:12:54,TRUE,NA,"1188745443112566792",NA,"<a href=\"http://twitter.com/download/iphone\" rel=\"nofollow\">Twitter for iPhone</a>","Haneef_ShahAgha",7,FALSE,FALSE,NA,NA
"مینے 4لاکھ لوگوں کا لکھ کر دیا تھا اب جو 4لاکھ سے بڑھ چکے ہیں وہ فیصل واوڈا کے لیے گفٹ ہے
قائد سندھ علامہ راشد محمود سومرو",FALSE,14,NA,2019-10-28 07:04:19,FALSE,NA,"1188713085432938496",NA,"<a href=\"http://twitter.com/download/iphone\" rel=\"nofollow\">Twitter for iPhone</a>","Haneef_ShahAgha",5,FALSE,FALSE,NA,NA
"RT @Nazeer54979961: مولانا کے آزادی مارچ میں شریک مدرسہ کے 2 بچے #آزادی_مارچ_سویلین_راج https://t.co/jckqGAKG1N",FALSE,0,NA,2019-10-28 03:46:41,FALSE,NA,"1188663349510332418",NA,"<a href=\"http://twitter.com/download/iphone\" rel=\"nofollow\">Twitter for iPhone</a>","Haneef_ShahAgha",38,TRUE,FALSE,NA,NA
"سکھر:جمعیت علماء اسلام صوبہ سندھ کی طرف کراچی حیدرآباد نوابشاہ سکرنڈ سے آئے ہوئے کارکنان کیلئے 30 ایکڑ پر مشتمل پنڈ… https://t.co/9pVgPKqCvf",FALSE,10,NA,2019-10-28 03:44:29,TRUE,NA,"1188662794570420224",NA,"<a href=\"http://twitter.com/download/iphone\" rel=\"nofollow\">Twitter for iPhone</a>","Haneef_ShahAgha",3,FALSE,FALSE,NA,NA
"@Haneef_ShahAgha لعنت ہو اے آر وائی نیوز پر",FALSE,1,"Haneef_ShahAgha",2019-10-28 02:45:48,FALSE,"1188480399992934400","1188648029898919937","1067635996630630400","<a href=\"http://twitter.com/download/android\" rel=\"nofollow\">Twitter for Android</a>","Abdullah_suhin",0,FALSE,FALSE,NA,NA
"@Haneef_ShahAgha @MazloumKayAwaz لعنت ary پر",FALSE,2,"Haneef_ShahAgha",2019-10-28 02:15:00,FALSE,"1188480399992934400","1188640276082020357","1067635996630630400","<a href=\"http://twitter.com/download/android\" rel=\"nofollow\">Twitter for Android</a>","molana_shah",0,FALSE,FALSE,NA,NA
"@RabeelaShah @Haneef_ShahAgha Good",FALSE,0,"RabeelaShah",2019-10-28 01:54:10,FALSE,"1188509512023588864","1188635033634037761","1170391239511945222","<a href=\"http://twitter.com/download/android\" rel=\"nofollow\">Twitter for Android</a>","JananaTanha",0,FALSE,FALSE,NA,NA
"RT @Umama78: گرفتاریاں دیوبند والوں کی شان ہے،
ڈٹ کے رہنا دیوبند والوں کی شان ہے،
بزدلوں اور ظالموں کو للکارنا دیوبند والوں کی شان ہے،
#آزا…",FALSE,0,NA,2019-10-28 01:23:02,FALSE,NA,"1188627199282307077",NA,"<a href=\"http://twitter.com/download/iphone\" rel=\"nofollow\">Twitter for iPhone</a>","Haneef_ShahAgha",24,TRUE,FALSE,NA,NA
"حامد میر صاحب اس وقت ریاست نے ایک سوتیلی ماں جیسا سلوک روا رکھا ہےُ کیونکہ انتقامی سیاست کی بنیاد اس وقت ڈال دی گئ… https://t.co/w2NL7oOdRT",FALSE,23,NA,2019-10-28 01:21:04,TRUE,NA,"1188626704488681476",NA,"<a href=\"http://twitter.com/download/iphone\" rel=\"nofollow\">Twitter for iPhone</a>","Haneef_ShahAgha",6,FALSE,FALSE,NA,NA
"RT @Qudrat_ullah313: @RabeelaShah @Haneef_ShahAgha We are our Pakistani sisters",FALSE,0,NA,2019-10-27 18:53:36,FALSE,NA,"1188529194269052929",NA,"<a href=\"http://twitter.com/download/android\" rel=\"nofollow\">Twitter for Android</a>","aliakbar1993",1,TRUE,FALSE,NA,NA
"@MoulanaOfficial @URDUVOA قائد اشارہ کوا بیا تماشہ کوا",FALSE,6,"MoulanaOfficial",2019-10-27 18:23:23,FALSE,"1188518070253490178","1188521589253591040","907889245","<a href=\"http://twitter.com/download/iphone\" rel=\"nofollow\">Twitter for iPhone</a>","Haneef_ShahAgha",0,FALSE,FALSE,NA,NA
"@Haneef_ShahAgha بلکل درست فرمایا آپ نے",FALSE,1,"Haneef_ShahAgha",2019-10-27 17:47:06,FALSE,"1188509297900183557","1188512458161430528","1067635996630630400","<a href=\"http://twitter.com/download/android\" rel=\"nofollow\">Twitter for Android</a>","hanfi_anas",0,FALSE,FALSE,NA,NA
"@RabeelaShah @Haneef_ShahAgha اللہ تعالیٰ آپ کو مزید استقامت نصیب فرمائے",FALSE,2,"RabeelaShah",2019-10-27 17:46:14,FALSE,"1188509512023588864","1188512242779734017","1170391239511945222","<a href=\"http://twitter.com/download/android\" rel=\"nofollow\">Twitter for Android</a>","hanfi_anas",0,FALSE,FALSE,NA,NA
"@RabeelaShah @Haneef_ShahAgha We are our Pakistani sisters",FALSE,4,"RabeelaShah",2019-10-27 17:44:28,FALSE,"1188509512023588864","1188511797499908097","1170391239511945222","<a href=\"http://twitter.com/download/iphone\" rel=\"nofollow\">Twitter for iPhone</a>","Qudrat_ullah313",1,FALSE,FALSE,NA,NA
"حق کا الم اٹھا کر مظلوموں کو ہنسا کر
پیغام جمیعت کو اب چار سو پھیلادو
اسلام آباد اکر باطل سبق سیکھادو
#AzadiMarch… https://t.co/BZUcucIB1s",FALSE,21,NA,2019-10-27 17:41:13,TRUE,NA,"1188510979618942977",NA,"<a href=\"http://twitter.com/download/iphone\" rel=\"nofollow\">Twitter for iPhone</a>","Haneef_ShahAgha",21,FALSE,FALSE,NA,NA
"@RabeelaShah مجھے وطن عزیز کی با پردہ بہنوں پر فخر ہیں",FALSE,3,"RabeelaShah",2019-10-27 17:40:34,FALSE,"1188509512023588864","1188510815852384257","1170391239511945222","<a href=\"http://twitter.com/download/iphone\" rel=\"nofollow\">Twitter for iPhone</a>","Haneef_ShahAgha",1,FALSE,FALSE,NA,NA
"RT @RabeelaShah: کامیابى اور جیت کى نیت سے اسلام آباد کى طرف نکلو جمیعت کے فرزندوں ہمارى بہنوں کى دعائیں آپ کے ساتھ ہے آج تہجد کے وقت گڑ گڑ…",FALSE,0,NA,2019-10-27 17:39:42,FALSE,NA,"1188510598532947971",NA,"<a href=\"http://twitter.com/download/iphone\" rel=\"nofollow\">Twitter for iPhone</a>","Haneef_ShahAgha",64,TRUE,FALSE,NA,NA
"بریک نیوز۔بی بی سی کے مطابق
پورے پاکستان جمعیت کی جلوسوں میں تقریبا 
47
 لاکھ لوگ سڑکوں پر ہے۔

دم ہے تو روک لو 💪 💪… https://t.co/ppoVRuRCfx",FALSE,41,NA,2019-10-27 17:38:55,TRUE,NA,"1188510399106375680",NA,"<a href=\"http://twitter.com/download/iphone\" rel=\"nofollow\">Twitter for iPhone</a>","Haneef_ShahAgha",25,FALSE,FALSE,NA,NA
"تاریخی لمحات

قائد انقلاب مولانا فضل الرحمن کی آج جگہ جگہ پر جتنا والہانہ استقبال کیا جاچکا ہے اور جو لوگ ان کیساتھ… https://t.co/qLvHyTslzY",FALSE,27,NA,2019-10-27 17:34:32,TRUE,NA,"1188509297900183557",NA,"<a href=\"http://twitter.com/download/iphone\" rel=\"nofollow\">Twitter for iPhone</a>","Haneef_ShahAgha",15,FALSE,FALSE,NA,NA
"بلوچستان سےہزاروں گاڑیوں پرمشتمل 70 کلومیٹرپر محیط طویل قافلہ اسلام آبادکی جانب رواں دواں
#آزادی_مارچ_سویلین_راج",FALSE,32,NA,2019-10-27 17:32:01,FALSE,NA,"1188508665374019585",NA,"<a href=\"http://twitter.com/download/iphone\" rel=\"nofollow\">Twitter for iPhone</a>","Haneef_ShahAgha",21,FALSE,FALSE,NA,NA
"RT @Engr_Muaavia: عوم کا سمندر ۔۔
مولانا کے ساتھ۔۔۔
#آزادی_مارچ_سویلین_راج
#میں_بھی_مفتی_کفایت_ہوں
#AzadiMarch27October https://t.co/9BoLdn…",FALSE,0,NA,2019-10-27 17:29:03,FALSE,NA,"1188507917575692288",NA,"<a href=\"http://twitter.com/download/iphone\" rel=\"nofollow\">Twitter for iPhone</a>","Haneef_ShahAgha",54,TRUE,FALSE,NA,NA
"RT @JamiatPage: ماشاءاللہ ہم آج ہی 4 لاکھ کا ٹارگٹ پورا کر چکے ہیں 
اور یہ آزادی مارچ عمران خان کو سسرال بیجھنے پر ہی ختم ہوگا 
انشاء الله…",FALSE,0,NA,2019-10-27 17:28:39,FALSE,NA,"1188507814500732932",NA,"<a href=\"http://twitter.com/download/iphone\" rel=\"nofollow\">Twitter for iPhone</a>","Haneef_ShahAgha",117,TRUE,FALSE,NA,NA
"RT @MoulanaOfficial: باب الاسلام سندھ کی عوام اور سیاسی قیادت کی محبتوں کے مشکور ہیں ، قومی یکجہتی سے یک آواز ہوکر اسلام آباد کی جانب روانہ…",FALSE,0,NA,2019-10-27 17:28:29,FALSE,NA,"1188507775078404096",NA,"<a href=\"http://twitter.com/download/iphone\" rel=\"nofollow\">Twitter for iPhone</a>","Haneef_ShahAgha",1084,TRUE,FALSE,NA,NA
"RT @hanfi_anas: آج کا ہیش ٹیگ 👇
#آزادی_مارچ_سویلین_راج
شروع ہے
ساتھی ٹویٹر پر آجائیں",FALSE,0,NA,2019-10-27 17:28:13,FALSE,NA,"1188507708439384064",NA,"<a href=\"http://twitter.com/download/iphone\" rel=\"nofollow\">Twitter for iPhone</a>","Haneef_ShahAgha",9,TRUE,FALSE,NA,NA
"@KhudAzad @sadaqatkhan_95 آمین ثم آمین",FALSE,1,"KhudAzad",2019-10-27 17:26:58,FALSE,"1188506982673719297","1188507393535160323","1119180128","<a href=\"http://twitter.com/download/iphone\" rel=\"nofollow\">Twitter for iPhone</a>","Haneef_ShahAgha",0,FALSE,FALSE,NA,NA
"ہم سب ایک ن کسی طرح جدوجہدکر رہے ہیں ہم پھنسے ہوئےمحسوس کرتے ہیں ، اکثر اپنی مشکلات کے آخر میںمغلوب اورکوئی راستہ ت… https://t.co/3CAmRhD9tB",FALSE,16,NA,2019-10-27 17:26:35,TRUE,NA,"1188507296009199617",NA,"<a href=\"http://twitter.com/download/iphone\" rel=\"nofollow\">Twitter for iPhone</a>","Haneef_ShahAgha",15,FALSE,FALSE,NA,NA
"قائد سندھ @SoomroOfficial  علامہ راشد محمود سومرو صاحب @HamidMirPAK کے پروگرام میں صرف سندھ سے چار لاکھ بندوں کا کہ… https://t.co/1Yj2suDEgw",FALSE,14,NA,2019-10-27 17:08:13,TRUE,NA,"1188502672787279872",NA,"<a href=\"http://twitter.com/download/iphone\" rel=\"nofollow\">Twitter for iPhone</a>","Haneef_ShahAgha",13,FALSE,FALSE,NA,NA
"حکومت نے چار کروڑ لعنتیں وصول کرنے کے بعد
 حافظ حمداللہ صاحب کا شناختی کارڈ بحال کر دیا
 دوبارہ پاکستانی قرار
😂😂
#آزادی_مارچ_سویلین_راج",FALSE,14,NA,2019-10-27 17:07:15,FALSE,NA,"1188502432235622400",NA,"<a href=\"http://twitter.com/download/iphone\" rel=\"nofollow\">Twitter for iPhone</a>","Haneef_ShahAgha",10,FALSE,FALSE,NA,NA
"ایک مشہور محاورہے کہ
دوسروں کیلئے گڑھا کھودو گے تو خود اس میں گرو گے
آج صحافیوں کے ساتھ یہی ہو رہا ہے 
کون نہیں جان… https://t.co/F8stYzLXNH",FALSE,12,NA,2019-10-27 17:06:42,TRUE,NA,"1188502292376576003",NA,"<a href=\"http://twitter.com/download/iphone\" rel=\"nofollow\">Twitter for iPhone</a>","Haneef_ShahAgha",9,FALSE,FALSE,NA,NA
"@Haneef_ShahAgha @sadaqatkhan_95 @JamiatPage @juipakofficial",FALSE,2,"Haneef_ShahAgha",2019-10-27 17:00:59,FALSE,"1188480399992934400","1188500851930910726","1067635996630630400","<a href=\"http://twitter.com/download/android\" rel=\"nofollow\">Twitter for Android</a>","adilifar0209859",0,FALSE,FALSE,NA,NA
"سونامی کی خالی کرسیاں دیکھانے والی میڈیا  اج پیمرا کے ہتھکڑیوں میں آزادی مارچ کا بلیک آؤٹ کیا ہیں. 
\"بزدلوں میڈیا ک… https://t.co/Vg4tx46YGg",FALSE,13,NA,2019-10-27 16:52:35,TRUE,NA,"1188498740774146053",NA,"<a href=\"http://twitter.com/download/iphone\" rel=\"nofollow\">Twitter for iPhone</a>","Haneef_ShahAgha",12,FALSE,FALSE,NA,NA
"عوام کا ٹھاٹھیں مارتاسمندر دیکھ کر خوف کی ماری حکومت کی جانب پھیلتی افواہوں اورمن گھڑت خبروں پر ہرگز کان نہ دھریں
ا… https://t.co/ySK8rG9u9W",FALSE,12,NA,2019-10-27 16:51:48,TRUE,NA,"1188498542576521216",NA,"<a href=\"http://twitter.com/download/iphone\" rel=\"nofollow\">Twitter for iPhone</a>","Haneef_ShahAgha",8,FALSE,FALSE,NA,NA
"حکومت ھمارے آزادی مارچ سے بوکھلاھٹ کا شکار ھے
مولانافضل الرحمان
#آزادی_مارچ_سویلین_راج",FALSE,10,NA,2019-10-27 16:50:12,FALSE,NA,"1188498141634596864",NA,"<a href=\"http://twitter.com/download/iphone\" rel=\"nofollow\">Twitter for iPhone</a>","Haneef_ShahAgha",7,FALSE,FALSE,NA,NA
"حکومت ھمارے آزادی مارچ سے بوکھلاھٹ کا شکار ھے
مولانافضل الرحمان
#آزادی_مارچ_سولین_راج",FALSE,5,NA,2019-10-27 16:50:11,FALSE,NA,"1188498136156823561",NA,"<a href=\"http://twitter.com/download/iphone\" rel=\"nofollow\">Twitter for iPhone</a>","Haneef_ShahAgha",4,FALSE,FALSE,NA,NA
"@Haneef_ShahAgha ماشاءاللہ",FALSE,1,"Haneef_ShahAgha",2019-10-27 16:38:52,FALSE,"1188469552482570241","1188495288195006465","1067635996630630400","<a href=\"http://twitter.com/download/iphone\" rel=\"nofollow\">Twitter for iPhone</a>","RabeelaShah",0,FALSE,FALSE,NA,NA
"ٹی وی چينل پر لکھ کر  آیا تھا کہ سندھ سے 4 لاکھ لوگ آزادی مارچ کے لئیے نکالوں گا  ليکن وہ ٹارگٹ 3 ڈویزن نے پورا کر… https://t.co/MHPqaNJ1Be",FALSE,30,NA,2019-10-27 16:14:10,TRUE,NA,"1188489072769163271",NA,"<a href=\"http://twitter.com/download/iphone\" rel=\"nofollow\">Twitter for iPhone</a>","Haneef_ShahAgha",19,FALSE,FALSE,NA,NA
"@Haneef_ShahAgha @SamiSwati_ 
@MoulanaOfficial 
@AimalKhanswati 
@SoomroOfficial @MAWasayOfficial 
@Maulanasherani",FALSE,2,"Haneef_ShahAgha",2019-10-27 16:00:47,FALSE,"1188480399992934400","1188485703799361536","1067635996630630400","<a href=\"http://twitter.com/download/android\" rel=\"nofollow\">Twitter for Android</a>","KaleemS78238284",0,FALSE,FALSE,NA,NA
"@Haneef_ShahAgha @AfridiTayab",FALSE,1,"Haneef_ShahAgha",2019-10-27 16:00:03,FALSE,"1188480399992934400","1188485520105623552","1067635996630630400","<a href=\"http://twitter.com/download/android\" rel=\"nofollow\">Twitter for Android</a>","2NZiWQlfmYFfBfw",0,FALSE,FALSE,NA,NA
"@SamiSwati_ 
@AmjidAliAmjid9 
@PaktaviAziz 
@qadeem_barech",FALSE,5,"Haneef_ShahAgha",2019-10-27 15:57:45,FALSE,"1188480399992934400","1188484941375574016","1067635996630630400","<a href=\"http://twitter.com/download/iphone\" rel=\"nofollow\">Twitter for iPhone</a>","Haneef_ShahAgha",3,FALSE,FALSE,NA,NA
"@MoulanaOfficial 
@Abdulla92091082 
@ShaheedDrKhalid",FALSE,5,"Haneef_ShahAgha",2019-10-27 15:56:15,FALSE,"1188480399992934400","1188484564420833280","1067635996630630400","<a href=\"http://twitter.com/download/iphone\" rel=\"nofollow\">Twitter for iPhone</a>","Haneef_ShahAgha",2,FALSE,FALSE,NA,NA
"RT @MoulanaOfficial: آج کا دن پوری قوم نے کشمیریوں سے یکجہتی کے طور پر منایا
میں اہل کشمیر کو پیغام دیتا ہوں کہ پاکستان کا بچہ بچہ آپ کے شا…",FALSE,0,NA,2019-10-27 15:39:16,FALSE,NA,"1188480287862415360",NA,"<a href=\"http://twitter.com/download/iphone\" rel=\"nofollow\">Twitter for iPhone</a>","Haneef_ShahAgha",1043,TRUE,FALSE,NA,NA
"#NewProfilePic https://t.co/WZdtLyvATf",FALSE,9,NA,2019-10-27 14:56:36,FALSE,NA,"1188469552482570241",NA,"<a href=\"http://twitter.com/download/iphone\" rel=\"nofollow\">Twitter for iPhone</a>","Haneef_ShahAgha",5,FALSE,FALSE,NA,NA
"کوئی پوچھےکہ ان ہیجڑوں کی ٹانگیں کیوں کانپ رہی ہیں تو بولو
#مولانا_آرہاہے۔
#میں_بھی_مفتی_کفایت_ہوں 

👇

#آزادی_مارچ_سویلین_راج",FALSE,15,NA,2019-10-27 14:33:43,FALSE,NA,"1188463794848182279",NA,"<a href=\"http://twitter.com/download/iphone\" rel=\"nofollow\">Twitter for iPhone</a>","Haneef_ShahAgha",9,FALSE,FALSE,NA,NA
"مجھے انصارالسلام کے ان سپاسلار پر فخر ہیں 
@Abdulla92091082 
#میں_بھی_مفتی_کفایت_ہوں 
#آزادی_مارچ_سویلین_راج https://t.co/h2bAdCl0nC",FALSE,17,NA,2019-10-27 14:01:13,FALSE,NA,"1188455613610766337",NA,"<a href=\"http://twitter.com/download/iphone\" rel=\"nofollow\">Twitter for iPhone</a>","Haneef_ShahAgha",9,FALSE,FALSE,NA,NA
"الحمد اللہ قائد جمعیت حیدرآباد پہنچ گئے اور کارکنوں سے خطاب 

#آزادی_مارچ_سویلین_راج https://t.co/3NaeOohZjf",FALSE,18,NA,2019-10-27 13:32:06,FALSE,NA,"1188448288485335040",NA,"<a href=\"http://twitter.com/download/iphone\" rel=\"nofollow\">Twitter for iPhone</a>","Haneef_ShahAgha",24,FALSE,FALSE,NA,NA
"حیدرآباد میں قائد_جمعیت خطاب فرماتے_ہوئے
شکریہ حیدرآباد https://t.co/SmNdH1f9Z2",FALSE,9,NA,2019-10-27 13:30:14,FALSE,NA,"1188447817918046209",NA,"<a href=\"http://twitter.com/download/iphone\" rel=\"nofollow\">Twitter for iPhone</a>","Haneef_ShahAgha",7,FALSE,FALSE,NA,NA
"RT @Rasheed_hangvi: یا اللہ
آزادی مارچ کو پُر امن رکھنا اور نیازی کو خیر و عافیت کیساتھ رخصت کرنا،
آمین یا رب العالمین
#AzadiMarch27October…",FALSE,0,NA,2019-10-27 12:38:04,FALSE,NA,"1188434690551832577",NA,"<a href=\"http://twitter.com/download/iphone\" rel=\"nofollow\">Twitter for iPhone</a>","Haneef_ShahAgha",32,TRUE,FALSE,NA,NA
"قائد ملت اسلامیہ مجھے بے پنا محبت ہیں آپ سے اور ہم سروں پر کفن باند کر نکل پڑھیں ہے آزادی مارچ اسلام آباد کی جانب… https://t.co/MNEKzXewry",FALSE,21,NA,2019-10-27 12:37:14,TRUE,NA,"1188434479938973698",NA,"<a href=\"http://twitter.com/download/iphone\" rel=\"nofollow\">Twitter for iPhone</a>","Haneef_ShahAgha",6,FALSE,FALSE,NA,NA
"RT @MoulanaOfficial: پورے ملک سے قافلے روانہ ہورہے ہیں
31 اکتوبر کو انشاءاللہ اسلام اباد میں داخل ہونگے ، 
عمران خان کو استعفی دینا پڑے گا…",FALSE,0,NA,2019-10-27 10:32:21,FALSE,NA,"1188403050676965376",NA,"<a href=\"http://twitter.com/download/iphone\" rel=\"nofollow\">Twitter for iPhone</a>","Haneef_ShahAgha",1775,TRUE,FALSE,NA,NA
"RT @HafizHamdullah_: جب میرے خلاف کرپشن کا کیس نہیں ملا
منی لانڈرنگ کا کیس نہیں ملا
آمدن سے زیادہ اثاثے نہیں ملے
تو تمام ثبوتوں کے ہوتے ہوئ…",FALSE,0,NA,2019-10-27 09:50:29,FALSE,NA,"1188392514966970368",NA,"<a href=\"http://twitter.com/download/iphone\" rel=\"nofollow\">Twitter for iPhone</a>","Haneef_ShahAgha",2198,TRUE,FALSE,NA,NA
"RT @SamiSwati_: کارواں آزادی مارچ ۔ شہر قائد کے مناظر
قائد جمعیت حضرت مولانا فضل الرحمن اسٹیج پر جلوہ افروز ہو چکے ہیں ۔
#AzadiMarch27Octob…",FALSE,0,NA,2019-10-27 09:44:19,FALSE,NA,"1188390965116977153",NA,"<a href=\"http://twitter.com/download/iphone\" rel=\"nofollow\">Twitter for iPhone</a>","Haneef_ShahAgha",279,TRUE,FALSE,NA,NA
"RT @MoulanaOfficial: موجودہ حکمرانوں کی مصلحت کے تحت کشمیر کا سودا ہوا
ہم پاکستان کے موجودہ حکمران کے کشمیر سے متعلق خفیہ معاہدات اور کشمیر…",FALSE,0,NA,2019-10-27 09:44:13,FALSE,NA,"1188390937086627840",NA,"<a href=\"http://twitter.com/download/iphone\" rel=\"nofollow\">Twitter for iPhone</a>","Haneef_ShahAgha",940,TRUE,FALSE,NA,NA
"RT @MoulanaOfficial: شکریہ اہل کراچی
 #AzadiMarch27October https://t.co/Qt7NNFHEBu",FALSE,0,NA,2019-10-27 09:44:07,FALSE,NA,"1188390910779891712",NA,"<a href=\"http://twitter.com/download/iphone\" rel=\"nofollow\">Twitter for iPhone</a>","Haneef_ShahAgha",2724,TRUE,FALSE,NA,NA
"RT @MoulanaOfficial: کراچی سہراب گوٹھ : آزادی مارچ کا باقاعدہ آغاز
#AzadiMarch27October https://t.co/FdW4FJBHza",FALSE,0,NA,2019-10-27 09:44:04,FALSE,NA,"1188390899270799360",NA,"<a href=\"http://twitter.com/download/iphone\" rel=\"nofollow\">Twitter for iPhone</a>","Haneef_ShahAgha",1902,TRUE,FALSE,NA,NA
"گو نیازی گو 
مولانا آرہا ہے۔۔!! https://t.co/fFM3hCqUwb",FALSE,7,NA,2019-10-27 09:43:51,FALSE,NA,"1188390845730476033",NA,"<a href=\"http://twitter.com/download/iphone\" rel=\"nofollow\">Twitter for iPhone</a>","Haneef_ShahAgha",3,FALSE,FALSE,NA,NA
"ایک طرف مذاکرات کی ڈھونگ رچایا
دوسری طرف انتقامی کارروائیاں حافظ صاحب غیر ملکی قرار دینا اور مفتی صاحب کو گرفتار کر… https://t.co/0Mnep1kpDH",FALSE,6,NA,2019-10-27 06:59:49,TRUE,NA,"1188349563754762240",NA,"<a href=\"http://twitter.com/download/iphone\" rel=\"nofollow\">Twitter for iPhone</a>","Haneef_ShahAgha",0,FALSE,FALSE,NA,NA
"آپس میں لڑ پڑے ہیں سب کے سب 
حکومت+اسٹبلشمنٹ+نیب+عدالت۔

ملکی حالات یہاں پر لاکر کھڑا کردیا گیا ہے۔
اور کوئی زمہ دا… https://t.co/Eyxm6lyuw0",FALSE,6,NA,2019-10-27 06:01:49,TRUE,NA,"1188334969493610496",NA,"<a href=\"http://twitter.com/download/iphone\" rel=\"nofollow\">Twitter for iPhone</a>","Haneef_ShahAgha",3,FALSE,FALSE,NA,NA
"مفتی کفایت اللہ صاحب گزشتہ کئی دنوں سے جبر ناراوا کے خلاف موثر آواز ہیں انکی گرفتاری حکومتی بوکھلاہٹ کا واضح ثبوت ہ… https://t.co/9zCvQRnuiP",FALSE,6,NA,2019-10-27 06:00:43,TRUE,NA,"1188334690719195136",NA,"<a href=\"http://twitter.com/download/iphone\" rel=\"nofollow\">Twitter for iPhone</a>","Haneef_ShahAgha",2,FALSE,FALSE,NA,NA
"ہمارے ہاتھ چوڑیوں کے نہیں 
ہتھکڑیوں کے لئے بنے ہیں ۔

مفتی کفایت اللہ صاحب 

اس سلیکٹڈ حکومت پر اللہ کی لعنت 

#میں_بھی_مفتی_کفایت_ہوں",FALSE,4,NA,2019-10-27 05:54:43,FALSE,NA,"1188333180585238528",NA,"<a href=\"http://twitter.com/download/iphone\" rel=\"nofollow\">Twitter for iPhone</a>","Haneef_ShahAgha",3,FALSE,FALSE,NA,NA
"جمعیت علماء اسلام کے مرکزی رہنما مفتی کفایت اللہ صاحب کو اسلام آباد سے گرفتار کرلیا گیا ہے،، 
مفتی کفایت اللہ صاحب… https://t.co/ZXhu4SYGOQ",FALSE,6,NA,2019-10-27 05:35:06,TRUE,NA,"1188328244522696706",NA,"<a href=\"http://twitter.com/download/iphone\" rel=\"nofollow\">Twitter for iPhone</a>","Haneef_ShahAgha",3,FALSE,FALSE,NA,NA
"مفتی صاحب کو میڈیا پر جرات مندانہ موقف اپنانے پر رات گئے انکے گھر سے گرفتار کر لیا گیا ہے.. 
#میں_بھی_مفتی_کفایت_ہوں",FALSE,3,NA,2019-10-27 05:26:00,FALSE,NA,"1188325954566918145",NA,"<a href=\"http://twitter.com/download/iphone\" rel=\"nofollow\">Twitter for iPhone</a>","Haneef_ShahAgha",0,FALSE,FALSE,NA,NA
"یکجہتی کشمیر کانفرنس 
سہراب گوٹھ کی جانب رواں دواں",FALSE,9,NA,2019-10-27 05:24:38,FALSE,NA,"1188325613242912769",NA,"<a href=\"http://twitter.com/download/iphone\" rel=\"nofollow\">Twitter for iPhone</a>","Haneef_ShahAgha",0,FALSE,FALSE,NA,NA
"RT @RabeelaShah: انگریز سامراج کےظلم وستم کےخلاف جب تحریکیں چلی تو اس وقت بھی یہی وطیرہ اختیارکیاگیاتھا جیسےاب مولانا حافظ حمداللہ صاحب کےس…",FALSE,0,NA,2019-10-27 05:22:12,FALSE,NA,"1188324999494545408",NA,"<a href=\"http://twitter.com/download/iphone\" rel=\"nofollow\">Twitter for iPhone</a>","Haneef_ShahAgha",15,TRUE,FALSE,NA,NA
"ہم اس بزدلی کو کیا نام یہ حکومت کا کام یا کسی اور کا؟ مگر اس گرفتاری سے مفتی صاحب کو زرا بھی نقصان ہوا تو تمام تر ذ… https://t.co/de495Gmfu4",FALSE,3,NA,2019-10-27 05:15:24,TRUE,NA,"1188323287392309248",NA,"<a href=\"http://twitter.com/download/iphone\" rel=\"nofollow\">Twitter for iPhone</a>","Haneef_ShahAgha",0,FALSE,FALSE,NA,NA
"الحمد اللہ آزادی مارچ اسلام آباد کیلئے روانہ اور اپنے محبوب قائد سے بے پناہ پیار اور محبت ہے بس اور کچھ نہی https://t.co/v1VJcntz5u",FALSE,69,NA,2019-10-27 05:11:11,FALSE,NA,"1188322228708003840",NA,"<a href=\"http://twitter.com/download/iphone\" rel=\"nofollow\">Twitter for iPhone</a>","Haneef_ShahAgha",22,FALSE,FALSE,NA,NA
"RT @Ummifarooq786: چلی رسم نہ کوئی سر اٹھا کر چلے

مفتی کفایت اللہ صاحب رات گئے اسلام آباد سے گرفتار 

#azadimarch27octobar 
#میں_بھی_مفتی_…",FALSE,0,NA,2019-10-27 05:07:51,FALSE,NA,"1188321386697318400",NA,"<a href=\"http://twitter.com/download/iphone\" rel=\"nofollow\">Twitter for iPhone</a>","Haneef_ShahAgha",56,TRUE,FALSE,NA,NA
"@Haneef_ShahAgha @MazloumKayAwaz وا زبردست وا زبردست وا زبردست  آخری جملہ   آپ نے    صحیح    کہا    باقی تو خود   کنون تے  کنون اے",FALSE,1,"Haneef_ShahAgha",2019-10-26 22:57:38,FALSE,"1188138089992130560","1188228218874204161","1067635996630630400","<a href=\"http://twitter.com/download/android\" rel=\"nofollow\">Twitter for Android</a>","wCa3ygWvLNo1rnp",0,FALSE,FALSE,NA,NA
"RT @JUIAnswersBack: شاہین جمعیت حافظ حمداللہ صاحب کا خصوصی انٹرویو 
پارٹ 1 https://t.co/feeK9DpfAs",FALSE,0,NA,2019-10-26 18:38:09,FALSE,NA,"1188162917767827458",NA,"<a href=\"http://twitter.com/download/iphone\" rel=\"nofollow\">Twitter for iPhone</a>","Haneef_ShahAgha",937,TRUE,FALSE,NA,NA
"نہ کوئی دلیل تھی نہ کوئی حوالہ تھا ان کے پاس ۔۔
عجیب لوگ تھے بس اختلاف رکھتے تھے ۔۔
#WeStandWithHafizHamdullah",FALSE,14,NA,2019-10-26 18:13:24,FALSE,NA,"1188156689343746048",NA,"<a href=\"http://twitter.com/download/iphone\" rel=\"nofollow\">Twitter for iPhone</a>","Haneef_ShahAgha",14,FALSE,FALSE,NA,NA
"RT @sadaqatkhan_95: سپینی سپینی مــــا وایہ !!

ماجر بہ شے !!
😄
#WeStandWithHafizHamdullah
#HafizHamdullah",FALSE,0,NA,2019-10-26 17:25:10,FALSE,NA,"1188144553158742016",NA,"<a href=\"http://twitter.com/download/iphone\" rel=\"nofollow\">Twitter for iPhone</a>","Haneef_ShahAgha",31,TRUE,FALSE,NA,NA
"حافظ حمداللہ کا بیٹا شبیر احمد جو کہ پالستانی فوج میں سیکنڈ لیفٹینٹ ہے، پوچھ رہا ہے کہ میرے والد کے ساتھ میری بھی ش… https://t.co/FQwlDOg0gE",FALSE,12,NA,2019-10-26 17:04:59,TRUE,NA,"1188139472166248454",NA,"<a href=\"http://twitter.com/download/iphone\" rel=\"nofollow\">Twitter for iPhone</a>","Haneef_ShahAgha",10,FALSE,FALSE,NA,NA
"حافظ حمد اللہ کے حوالے سے اب تک سرکاری طور پر آگاہ نہیں کیاگیا ہے

 حکمرانوں کی جانب سے ہمیں افغانی یا ایرانی قرار… https://t.co/a3VBxDAeEt",FALSE,5,NA,2019-10-26 17:04:29,TRUE,NA,"1188139346278453249",NA,"<a href=\"http://twitter.com/download/iphone\" rel=\"nofollow\">Twitter for iPhone</a>","Haneef_ShahAgha",5,FALSE,FALSE,NA,NA
"اگر جمعیت علماء اسلام کے ہر کارکن کو پیدائش کے سرٹیفیکیٹ کے ساتھ ہی غداری کے سرٹیفیکیٹ دے دئے جائیں 
تو یاد رکھ پھر… https://t.co/z1HZfqQoDL",FALSE,25,NA,2019-10-26 17:02:13,TRUE,NA,"1188138777375657985",NA,"<a href=\"http://twitter.com/download/iphone\" rel=\"nofollow\">Twitter for iPhone</a>","Haneef_ShahAgha",15,FALSE,FALSE,NA,NA
"یاد رہے ختم نبوت فارمز میں تبدیلی کے خلاف پارلیمنٹ میں سب سے پہلے آواز بلند کرنے والے حافظ حمدللہ ہی تھے۔
#WeStandWithHafizHamdullah",FALSE,14,NA,2019-10-26 17:00:43,FALSE,NA,"1188138398055317511",NA,"<a href=\"http://twitter.com/download/iphone\" rel=\"nofollow\">Twitter for iPhone</a>","Haneef_ShahAgha",11,FALSE,FALSE,NA,NA
"سینٹر حافظ حمدا للّٰہ کی پاکستانی شہریت ختم کر دی گئی۔ ہم عجیب قوم ہیں کوشش ہے کوئی پاکستانی نہ رہے جو بچ جائیں اُن… https://t.co/WNcDdzmhXw",FALSE,17,NA,2019-10-26 17:00:18,TRUE,NA,"1188138294242168832",NA,"<a href=\"http://twitter.com/download/iphone\" rel=\"nofollow\">Twitter for iPhone</a>","Haneef_ShahAgha",9,FALSE,FALSE,NA,NA
"ایک آدمی 1968 میں پیدا ہوا 51 برس پڑھا شناختی کارڈ رکھا وزیر بنا سینیٹر بنا پھر دھرنے سے ایک دن پہلے غیر ملکی ہوگیا… https://t.co/QCfeNLmrSQ",FALSE,34,NA,2019-10-26 16:59:29,TRUE,NA,"1188138089992130560",NA,"<a href=\"http://twitter.com/download/iphone\" rel=\"nofollow\">Twitter for iPhone</a>","Haneef_ShahAgha",25,FALSE,FALSE,NA,NA
"حافظ صاحب کے والد سرکاری ملازم، بیٹا پاک فوج میں 
سیکنڈ لیفٹینٹ لیکن حافظ صاحب غیرملکی
واہ تبدیلی واہ… https://t.co/YOvdCPjN9Q",FALSE,19,NA,2019-10-26 16:58:21,TRUE,NA,"1188137803047194630",NA,"<a href=\"http://twitter.com/download/iphone\" rel=\"nofollow\">Twitter for iPhone</a>","Haneef_ShahAgha",21,FALSE,FALSE,NA,NA
"سابق سنیٹر حافظ حمد اللہ کو صرف سیاسی انتقام کا نشانہ بنایا جارہاہے اور انہوں ہمیشہ جماعت کا موقف پیش کیا اور بلخصو… https://t.co/QnMDgR96xY",FALSE,11,NA,2019-10-26 16:38:06,TRUE,NA,"1188132706552561664",NA,"<a href=\"http://twitter.com/download/iphone\" rel=\"nofollow\">Twitter for iPhone</a>","Haneef_ShahAgha",8,FALSE,FALSE,NA,NA
"یہ کیسا فیصلہ ہے ؟کیا یہ کام نادرا کا یا نکے دے ابا کے کہنے پر اگر  حافظ حمداللہ افغانی ہے تو پاکستان رہنے والے پشت… https://t.co/SOgQ4wEXcZ",FALSE,17,NA,2019-10-26 16:35:18,TRUE,NA,"1188132004052770824",NA,"<a href=\"http://twitter.com/download/iphone\" rel=\"nofollow\">Twitter for iPhone</a>","Haneef_ShahAgha",11,FALSE,FALSE,NA,NA
"حافظ حمد اللہ ایک شخص نہیں بلکہ تحریک کا نام ہے اور اس تحریک کو تم روک نہیں سکتے: حافظ حسین احمد
#WeStandWithHafizHamdullah",FALSE,11,NA,2019-10-26 16:31:12,FALSE,NA,"1188130972505640971",NA,"<a href=\"http://twitter.com/download/iphone\" rel=\"nofollow\">Twitter for iPhone</a>","Haneef_ShahAgha",11,FALSE,FALSE,NA,NA
"@HafizHamdullah_ 
@AfridiTayab 
@KaleemS78238284 
@Haneef_ShahAgha",FALSE,2,"2NZiWQlfmYFfBfw",2019-10-26 12:58:26,FALSE,"1188077424845701120","1188077427341381634","1174452080305672192","<a href=\"http://twitter.com/download/android\" rel=\"nofollow\">Twitter for Android</a>","2NZiWQlfmYFfBfw",0,FALSE,FALSE,NA,NA
"RT @BilalKh31085013: لگتا ہے انڈیا بھارت ہندوستان ایک ملک نہیں تین ملک ہیں انڈیا کے ساتھ ہم حالات جنگ میں ہیں بھارت کو نیازی نے اقوام متحدہ…",FALSE,0,NA,2019-10-26 08:49:34,FALSE,NA,"1188014798698622976",NA,"<a href=\"http://twitter.com/download/iphone\" rel=\"nofollow\">Twitter for iPhone</a>","Haneef_ShahAgha",51,TRUE,FALSE,NA,NA
"میں کیوں کروں ان بہنوں پر فخر ماشاءاللہ آج پاکستان کی بیٹیاں اور بہنیں آزدای مارچ کیلئے دعا گوں ہے https://t.co/h82icm1BWT",FALSE,33,NA,2019-10-26 03:24:40,FALSE,NA,"1187933034940719104",NA,"<a href=\"http://twitter.com/download/iphone\" rel=\"nofollow\">Twitter for iPhone</a>","Haneef_ShahAgha",12,FALSE,FALSE,NA,NA
"RT @Ummifarooq786: جمعیت علماء اسلام ضلع جنوبی کی جانب آزادی مارچ کے سلسلے میں عظیم الشان موٹر سائیکل ریلی 😍

#بھاگ_نیازی_مولاناآرہاہے http…",FALSE,0,NA,2019-10-26 03:11:16,FALSE,NA,"1187929660828594177",NA,"<a href=\"http://twitter.com/download/iphone\" rel=\"nofollow\">Twitter for iPhone</a>","Haneef_ShahAgha",26,TRUE,FALSE,NA,NA
"RT @UmerFarooqJUI: کچھ ہی دنوں میں آپ لوگوں کق یہ نعرہ سچ ہوجائیں گا 👇👇👇
#بھاگ_نیازی_مولاناآرہاہے",FALSE,0,NA,2019-10-25 18:34:35,FALSE,NA,"1187799632384090113",NA,"<a href=\"http://twitter.com/download/iphone\" rel=\"nofollow\">Twitter for iPhone</a>","Haneef_ShahAgha",7,TRUE,FALSE,NA,NA
"RT @KaleemS78238284: *امریکی سفارت خانے کے بیت المقدس منتقل کرنے کے اعلان کے بعد گزشتہ سنیچر کو جو مظاہرے کیے گئے اس میں ایک اسرائیلی پولیس…",FALSE,0,NA,2019-10-25 18:34:30,FALSE,NA,"1187799614159818752",NA,"<a href=\"http://twitter.com/download/iphone\" rel=\"nofollow\">Twitter for iPhone</a>","Haneef_ShahAgha",3,TRUE,FALSE,NA,NA
"RT @MuftiShakoor: انصار اسلام پر پابندی کو کسی صورت نہیں مانیں گے -
 پہلے ان مسلح تنظیموں پر پابندی لگاؤ جن کو خود پال رہے ہو اور جن کے ٹری…",FALSE,0,NA,2019-10-25 18:34:27,FALSE,NA,"1187799597818757122",NA,"<a href=\"http://twitter.com/download/iphone\" rel=\"nofollow\">Twitter for iPhone</a>","Haneef_ShahAgha",48,TRUE,FALSE,NA,NA
"RT @sadaqatkhan_95: عمران خان نے پاکستانی سیاست میں جتنی نفرت بھر دی ہے،
 جو اب ختم ہونے والی نہیں،

اب کسی کو این آر او کی ضرورت نہیں ،
اب…",FALSE,0,NA,2019-10-25 18:34:24,FALSE,NA,"1187799586569633792",NA,"<a href=\"http://twitter.com/download/iphone\" rel=\"nofollow\">Twitter for iPhone</a>","Haneef_ShahAgha",18,TRUE,FALSE,NA,NA
"RT @MuftiShakoor: مذاکرات بےنتیجہ ختم 
جب تک سیلکٹڈ وزیراعظم نیازی استعفی نہیں دیگا
کوئی مذاکرات آگے نہیں بڑھے گی..
اپوزیشن رہبر کمیٹی کا م…",FALSE,0,NA,2019-10-25 18:34:22,FALSE,NA,"1187799576826339329",NA,"<a href=\"http://twitter.com/download/iphone\" rel=\"nofollow\">Twitter for iPhone</a>","Haneef_ShahAgha",53,TRUE,FALSE,NA,NA
"جب قافلے روانےھونگے
رسالت کے پروانےھونگے
جمعیت کے دیوانےھونگے

نہ ناچ ھوگا نہ گاناھوگا
اللہ اکبر کا تراناھوگا
بس گو… https://t.co/5pfiqHn441",FALSE,23,NA,2019-10-25 17:53:40,TRUE,NA,"1187789334625374210",NA,"<a href=\"http://twitter.com/download/iphone\" rel=\"nofollow\">Twitter for iPhone</a>","Haneef_ShahAgha",11,FALSE,FALSE,NA,NA
"@TahirMughalpmln @Haneef_ShahAgha",FALSE,2,"TahirMughalpmln",2019-10-25 09:35:17,FALSE,"1187599565823848448","1187663912793194496","1119233927946936321","<a href=\"http://twitter.com/download/iphone\" rel=\"nofollow\">Twitter for iPhone</a>","Haneef_ShahAgha",0,FALSE,FALSE,NA,NA
"Ok https://t.co/q4MIxa4Jhh",FALSE,1,NA,2019-10-25 09:35:11,FALSE,NA,"1187663890701791234",NA,"<a href=\"http://twitter.com/download/iphone\" rel=\"nofollow\">Twitter for iPhone</a>","Haneef_ShahAgha",0,FALSE,FALSE,NA,NA
"@yousaf1788 آمین ثم آمین",FALSE,1,"yousaf1788",2019-10-25 04:30:34,FALSE,"1187415479788417025","1187587227594960896","1581181554","<a href=\"http://twitter.com/download/iphone\" rel=\"nofollow\">Twitter for iPhone</a>","Haneef_ShahAgha",0,FALSE,FALSE,NA,NA
"حسینؓ کا مؤقف لیے ہوئے ہیں، یزید کے ہاتھ پر بیعت نہیں کریں گے،،      
قائد جمعیت مولانا فضل الرحمن  ❤️",FALSE,21,NA,2019-10-25 03:27:34,FALSE,NA,"1187571375021666304",NA,"<a href=\"http://twitter.com/download/iphone\" rel=\"nofollow\">Twitter for iPhone</a>","Haneef_ShahAgha",9,FALSE,FALSE,NA,NA
"RT @MoulanaOfficial: جمعیۃ علماء اسلام کی مرکزی مجلس شوری نے میاں محمد نواز شریف کی صحت کی بھگڑتی ہوئی صورتحال پر تشویش کا اظہار کیا، اجلاس…",FALSE,0,NA,2019-10-24 18:36:37,FALSE,NA,"1187437757825802240",NA,"<a href=\"http://twitter.com/download/iphone\" rel=\"nofollow\">Twitter for iPhone</a>","Haneef_ShahAgha",781,TRUE,FALSE,NA,NA
"RT @MoulanaOfficial: 27 اکتوبر کو جمعیۃ علماء اسلام ملک بھر میں کشمیریوں کیطرح یوم سیاہ منائے گی، اور شیڈیول کے مطابق 31 اکتوبر کو آزادی ما…",FALSE,0,NA,2019-10-24 18:36:33,FALSE,NA,"1187437738758496257",NA,"<a href=\"http://twitter.com/download/iphone\" rel=\"nofollow\">Twitter for iPhone</a>","Haneef_ShahAgha",718,TRUE,FALSE,NA,NA
"RT @MoulanaOfficial: آزادی مارچ سے عام آدمی کی امیدیں وابسطہ ہیں
ہر شعبہ ہائے زندگی سے وابسطہ افراد اس میں شرکت کیلئے تیار ہیں
مگر حکومتی س…",FALSE,0,NA,2019-10-24 18:36:33,FALSE,NA,"1187437738473250817",NA,"<a href=\"http://twitter.com/download/iphone\" rel=\"nofollow\">Twitter for iPhone</a>","Haneef_ShahAgha",1010,TRUE,FALSE,NA,NA
"RT @MoulanaOfficial: قوم اور اپنے کارکنان سے اپیل کرتا ہوں کہ ہمت نہیں ہارنی اب ہمیں قوم کا سہارا بننا ہوگا ، 
ہم حسین ؓکا مؤقف لئے ہوئے ہی…",FALSE,0,NA,2019-10-24 18:36:32,FALSE,NA,"1187437737302986753",NA,"<a href=\"http://twitter.com/download/iphone\" rel=\"nofollow\">Twitter for iPhone</a>","Haneef_ShahAgha",1342,TRUE,FALSE,NA,NA
"RT @MoulanaOfficial: ہم ریاستی اداروں سے کسی قسم تصادم نہیں چاہتے ملک گیر 15 ملین مارچ ہمارے پُرامن ہونے کی دلیل ہے، یہ ایک تحریک ہے اور تح…",FALSE,0,NA,2019-10-24 18:36:11,FALSE,NA,"1187437648555708418",NA,"<a href=\"http://twitter.com/download/iphone\" rel=\"nofollow\">Twitter for iPhone</a>","Haneef_ShahAgha",1185,TRUE,FALSE,NA,NA
"(اATM)پر حملہ کرنےوالا ماراگیا
(اPTV)پر حملہ کرنےوالا وزیراعظم بن گیا
پاکستان پر حملہ کرنےوالا چائے پی کر 
چلاگیا… https://t.co/P9gLFwVSGS",FALSE,1,NA,2019-10-24 18:04:33,TRUE,NA,"1187429686416171009",NA,"<a href=\"http://twitter.com/download/android\" rel=\"nofollow\">Twitter for Android</a>","QarniPdf257",0,FALSE,FALSE,NA,NA
"RT @shahidkhanjana: @Haneef_ShahAgha
@IhsanMarwat_786
@imSafeerAhmed1
@MMA_0fficial
@AimalKhanswati
@fazalkhan8430
#باب_الاسلام_سے_آزادی_ما…",FALSE,0,NA,2019-10-24 16:07:58,FALSE,NA,"1187400346991243266",NA,"<a href=\"http://twitter.com/download/android\" rel=\"nofollow\">Twitter for Android</a>","shahidkhanjana",2,TRUE,FALSE,NA,NA
"RT @shahidkhanjana: @Haneef_ShahAgha
@IhsanMarwat_786
@imSafeerAhmed1
@MMA_0fficial
@AimalKhanswati
@fazalkhan8430
#باب_الاسلام_سے_آزادی_ما…",FALSE,0,NA,2019-10-24 15:58:44,FALSE,NA,"1187398024588382208",NA,"<a href=\"http://twitter.com/download/android\" rel=\"nofollow\">Twitter for Android</a>","khanjee0334",2,TRUE,FALSE,NA,NA
"@Haneef_ShahAgha
@IhsanMarwat_786
@imSafeerAhmed1
@MMA_0fficial
@AimalKhanswati
@fazalkhan8430
#باب_الاسلام_سے_آزادی_مارچ",FALSE,3,"Haneef_ShahAgha",2019-10-24 15:55:26,FALSE,NA,"1187397192492998657","1067635996630630400","<a href=\"http://twitter.com/download/android\" rel=\"nofollow\">Twitter for Android</a>","shahidkhanjana",2,FALSE,FALSE,NA,NA
"@Haneef_ShahAgha Nyc",FALSE,1,"Haneef_ShahAgha",2019-10-24 13:11:52,FALSE,"1177301874606772224","1187356031405481986","1067635996630630400","<a href=\"http://twitter.com/download/android\" rel=\"nofollow\">Twitter for Android</a>","IrfanAchakzai9",0,FALSE,FALSE,NA,NA
"@Ayaz__Muhammad چل جھوٹے",FALSE,0,"Ayaz__Muhammad",2019-10-24 09:04:20,FALSE,"1187016549263122432","1187293737396908032","631039404","<a href=\"http://twitter.com/download/iphone\" rel=\"nofollow\">Twitter for iPhone</a>","Haneef_ShahAgha",0,FALSE,FALSE,NA,NA
"انشاءاللہ  آزادی مارچ دنیا کی تاریخ کا تاریخی مارچ ہوگا انشاءاللہ 
#NationSays_GoNiyaziGo",FALSE,17,NA,2019-10-23 18:11:33,FALSE,NA,"1187069059281629184",NA,"<a href=\"http://twitter.com/download/iphone\" rel=\"nofollow\">Twitter for iPhone</a>","Haneef_ShahAgha",11,FALSE,FALSE,NA,NA
"اپنا سامان پیک کریں @ImranKhanPTI اب ، آپ کے پاس پارکنگ کے لئے بھی وقت نہیں ہوگا جب آتا ہے @MoulanaOfficial . #NationSays_GoNiaziGo",FALSE,12,NA,2019-10-23 14:39:17,FALSE,NA,"1187015640919564295",NA,"<a href=\"http://twitter.com/download/iphone\" rel=\"nofollow\">Twitter for iPhone</a>","Haneef_ShahAgha",13,FALSE,FALSE,NA,NA
"_ ڈی ایچ اے / آر ایچ اے بل کے 14 صفحات پر قریبی مطالعہ سے معلوم ہوتا ہے کہ صحت کے شعبے میں اصلاحات کے بہانے کے تحت… https://t.co/EBnYBzVwHf",FALSE,11,NA,2019-10-23 14:38:27,TRUE,NA,"1187015432710033408",NA,"<a href=\"http://twitter.com/download/iphone\" rel=\"nofollow\">Twitter for iPhone</a>","Haneef_ShahAgha",17,FALSE,FALSE,NA,NA
"السلام علیکم جمعیت کے جیالوں سے گزارش ہے کہ اکثراوقت میں پی ٹی آئی کے لوگ ٹرینڈ میں آجاتے ہیں ساتھی بنا پڑھیں لائک… https://t.co/GCSzWeZeTW",FALSE,19,NA,2019-10-23 14:36:14,TRUE,NA,"1187014873017978880",NA,"<a href=\"http://twitter.com/download/iphone\" rel=\"nofollow\">Twitter for iPhone</a>","Haneef_ShahAgha",21,FALSE,FALSE,NA,NA
"آزادی مارچ میں صرف 4 دن باقی ہے تو نکلو اپنے ووٹ کے چوری کی خاطر بنی ص کے ناموس کے اہل پاکستان شرکت اپیل ہے 
 #پنجاب_کو_جاگنا_ہوگا",FALSE,12,NA,2019-10-23 09:43:27,FALSE,NA,"1186941195001446401",NA,"<a href=\"http://twitter.com/download/iphone\" rel=\"nofollow\">Twitter for iPhone</a>","Haneef_ShahAgha",9,FALSE,FALSE,NA,NA
"RT @Ahmed_WB: بلوچستان یونیورسٹی میں خفیہ کیمروں سے ویڈیوز بنا کر طالبات کو بلیک میل کرنے میں فوجی اہلکار ملوث ہیں ، https://t.co/cRRuX07tqp",FALSE,0,NA,2019-10-23 09:40:49,FALSE,NA,"1186940529537404928",NA,"<a href=\"http://twitter.com/download/iphone\" rel=\"nofollow\">Twitter for iPhone</a>","Haneef_ShahAgha",176,TRUE,FALSE,NA,NA
"RT @SamiSwati_: عام انتخابات میں سب سے زیادہ نقصان پنجاب کا ہوا تھا ۔ وہ سارے عوامی منصوبے اور ترقی کا تابناک سفر بکھیر کر رکھ دیا گیا ۔ اب…",FALSE,0,NA,2019-10-23 09:38:26,FALSE,NA,"1186939932918648832",NA,"<a href=\"http://twitter.com/download/iphone\" rel=\"nofollow\">Twitter for iPhone</a>","Haneef_ShahAgha",115,TRUE,FALSE,NA,NA
"RT @Ummifarooq786: یہ ہے یوتھیوں کا علامہ عامر لیاقت 😡
جس کو اسلام کے ایک مشہور واقعہ کا بھی شدبد نہیں اور الٹا دوسروں  پر الزام لگارہا ہے…",FALSE,0,NA,2019-10-23 09:38:12,FALSE,NA,"1186939871321120769",NA,"<a href=\"http://twitter.com/download/iphone\" rel=\"nofollow\">Twitter for iPhone</a>","Haneef_ShahAgha",41,TRUE,FALSE,NA,NA
"@ImranKhanPTI نیازی 27 اکتوبر بعد آپ وزیراعظم نہی رہییگے انشاءاللہ",FALSE,0,"ImranKhanPTI",2019-10-23 09:36:11,FALSE,"1186671048663752704","1186939366918311936","122453931","<a href=\"http://twitter.com/download/iphone\" rel=\"nofollow\">Twitter for iPhone</a>","Haneef_ShahAgha",0,FALSE,FALSE,NA,NA
"آج کے دن23 اکتوبر 2014 کوئٹہ میں میرے قائد پر حملہ ہوا جن حملے میں میرے قائد الحمد اللہ مکمّل محفوظ رہے اللّه رب ال… https://t.co/1bd56IBzmY",FALSE,1,NA,2019-10-23 09:33:17,TRUE,NA,"1186938635016388608",NA,"<a href=\"http://twitter.com/download/iphone\" rel=\"nofollow\">Twitter for iPhone</a>","Haneef_ShahAgha",1,FALSE,FALSE,NA,NA
"جاوید چوہدری آپکو ایک قاتل علی امین گنڈا پورکیساتھ نہیں بٹھانا چاہیے تھا
علی امین گنڈا پوراس حکومت کی چھتری تلے بیٹ… https://t.co/I99nKWAGar",FALSE,25,NA,2019-10-23 09:33:13,TRUE,NA,"1186938616150478848",NA,"<a href=\"http://twitter.com/download/iphone\" rel=\"nofollow\">Twitter for iPhone</a>","Haneef_ShahAgha",16,FALSE,FALSE,NA,NA
"Our biggest fans this week: Haneef_ShahAgha, ikramlunri, mohammad_neelmi. Thank you! via https://t.co/6EMr3hGX99 https://t.co/hIpIPnX7WI",FALSE,0,NA,2019-10-23 05:00:25,FALSE,NA,"1186869967498743812",NA,"<a href=\"https://sumall.com/\" rel=\"nofollow\">SumAll</a>","sahibzada50344",0,FALSE,FALSE,NA,NA
"RT @qadeem_barech: حکومت بلوچستان نے بھی دھمکیاں دینا شروع کردیا آئینی پرامن مارچ کا راستہ کیسی کا باپ بھی نہیں روک سکتا باپ والوں سن لو

#…",FALSE,0,NA,2019-10-23 04:30:27,FALSE,NA,"1186862423619317760",NA,"<a href=\"http://twitter.com/download/iphone\" rel=\"nofollow\">Twitter for iPhone</a>","Haneef_ShahAgha",10,TRUE,FALSE,NA,NA
"آج سے پہلے ہاسپٹل میں میرے بھائی نواز شریف سے ملنے گیا۔ میں اس کی تیزی سے بگڑتی ہوئی صحت کی حالت پر سخت تشویش اور ف… https://t.co/TpdA1jD3Is",FALSE,8,NA,2019-10-23 04:29:52,TRUE,NA,"1186862277900804097",NA,"<a href=\"http://twitter.com/download/iphone\" rel=\"nofollow\">Twitter for iPhone</a>","Haneef_ShahAgha",6,FALSE,FALSE,NA,NA
"RT @ziaurrehman76: اکبرؔ نے سنا ہے اہل غیرت سے یہی 
جینا ذلت سے ہو تو مرنا اچھا 
#AzadiMarch4CivilSupremacy",FALSE,0,NA,2019-10-23 04:29:11,FALSE,NA,"1186862105372352513",NA,"<a href=\"http://twitter.com/download/iphone\" rel=\"nofollow\">Twitter for iPhone</a>","Haneef_ShahAgha",25,TRUE,FALSE,NA,NA
"RT @qadeem_barech: آزادی مارچ کا مطلب پورا پاکستان نکلیں گا 
نیازی صاحب اٹک پل کے کنٹینر اسلام آباد پہنچا دینگے یہ آپ جیسے چند ہزار کی دھرن…",FALSE,0,NA,2019-10-23 04:12:53,FALSE,NA,"1186858004437708800",NA,"<a href=\"http://twitter.com/download/iphone\" rel=\"nofollow\">Twitter for iPhone</a>","Haneef_ShahAgha",11,TRUE,FALSE,NA,NA
"انشاءاللہ https://t.co/Bij6ewzH53",FALSE,10,NA,2019-10-22 18:58:43,FALSE,NA,"1186718542575689728",NA,"<a href=\"http://twitter.com/download/iphone\" rel=\"nofollow\">Twitter for iPhone</a>","Haneef_ShahAgha",4,FALSE,FALSE,NA,NA
"RT @AmjidAliAmjid9: مجھے کسی نے کہا کہ آپ کا قائد 
مجھے اچھا نہیں لگتا 
میں نے بھی کہہ دیا 
شیر شیروں کو اچھا لگتا ہے کتوں کو نہیں

@Moulan…",FALSE,0,NA,2019-10-22 17:59:41,FALSE,NA,"1186703688150274050",NA,"<a href=\"http://twitter.com/download/iphone\" rel=\"nofollow\">Twitter for iPhone</a>","Haneef_ShahAgha",41,TRUE,FALSE,NA,NA
"RT @qadeem_barech: نیازی صاحب اتنا ظلم کرو 
جو کل تم برداشت کرسکو 
کرسی آج ہے کل نہیں

#AzadiMarch4CivilSupremacy",FALSE,0,NA,2019-10-22 17:58:45,FALSE,NA,"1186703450022785026",NA,"<a href=\"http://twitter.com/download/iphone\" rel=\"nofollow\">Twitter for iPhone</a>","Haneef_ShahAgha",6,TRUE,FALSE,NA,NA
"اگر کسی بھی پختہ جمہوریت میں حکومت کے نظام کو دیکھیں تو یہ معلوم ہوتا ہے کہ ریاست کا حتمی اختیار منتخب نمائندوں پر… https://t.co/ToQLnkKOCz",FALSE,9,NA,2019-10-22 14:46:11,TRUE,NA,"1186654992121417728",NA,"<a href=\"http://twitter.com/download/iphone\" rel=\"nofollow\">Twitter for iPhone</a>","Haneef_ShahAgha",13,FALSE,FALSE,NA,NA
"مولانا فضل الرحمن پہلے سیاست کے امام تھے اور اب وہ سیاستدانوں کے قائد بھی بن چکے ہیں۔ 
#AzadiMarch27October
#AzadiMarch4CivilSupremacy",FALSE,3,NA,2019-10-22 14:45:34,FALSE,NA,"1186654835220848640",NA,"<a href=\"http://twitter.com/download/iphone\" rel=\"nofollow\">Twitter for iPhone</a>","Haneef_ShahAgha",8,FALSE,FALSE,NA,NA
"بے انصافی اور جھوٹ اور لالچ کے خلاف دیانتداری اور سچائی اور ہمدردی کئلے آپ آواز اٹھانے سے کبھی نہ گھبرائیں۔ اگر پور… https://t.co/XgpogdXaqw",FALSE,13,NA,2019-10-22 14:41:06,TRUE,NA,"1186653710023319554",NA,"<a href=\"http://twitter.com/download/iphone\" rel=\"nofollow\">Twitter for iPhone</a>","Haneef_ShahAgha",19,FALSE,FALSE,NA,NA
"آزادی مارچ میں ہم عام شہریوں کی حفاظت کر رہے ہیں۔ ہم غیر مسلح ہیں۔ ہمیں آپ سے کوئی خطرہ نہیں ہے۔ براہ کرم ڈرو مت #AzadiMarch4CivilSupremacy",FALSE,15,NA,2019-10-22 14:40:21,FALSE,NA,"1186653522152099840",NA,"<a href=\"http://twitter.com/download/iphone\" rel=\"nofollow\">Twitter for iPhone</a>","Haneef_ShahAgha",16,FALSE,FALSE,NA,NA
"سے دو گھنٹے گپ شپ کی پھرمرحوم جنرل حمیدگل کی اہلیہ کےفاتحہ خوانی کے لئے اکھٹے پنڈی گئےاور آئےمسلسل کریدتا رہا لیکن… https://t.co/9LyjNnAZol",FALSE,14,NA,2019-10-22 14:33:03,TRUE,NA,"1186651686984654848",NA,"<a href=\"http://twitter.com/download/iphone\" rel=\"nofollow\">Twitter for iPhone</a>","Haneef_ShahAgha",15,FALSE,FALSE,NA,NA
"RT @Shahroo73367309: کنٹینر نہیں روڈ میں 🗻 پہاڑ کھڑا کرلیں پھر بھی مفتی محمود اورمولانا فضل الرحمن کے جانثار اسلام آباد ضرور پہنچےگے۔
ان شا…",FALSE,0,NA,2019-10-22 13:01:49,FALSE,NA,"1186628726949371904",NA,"<a href=\"http://twitter.com/download/iphone\" rel=\"nofollow\">Twitter for iPhone</a>","Haneef_ShahAgha",6,TRUE,FALSE,NA,NA
"RT @Muftifazlighfor: پاکستان کی تاریخ کی سیاہ ترین حکومت ختم ہوتی جارہی ہے۔مزدوروں ،تاجروں، ڈاکٹروں،سیاستدانوں ،کاشتکاروں ، غریبوں ، حریت پ…",FALSE,0,NA,2019-10-22 11:18:42,FALSE,NA,"1186602774609485824",NA,"<a href=\"http://twitter.com/download/iphone\" rel=\"nofollow\">Twitter for iPhone</a>","Haneef_ShahAgha",73,TRUE,FALSE,NA,NA
"RT @HafizHamdullah_: اچانک نوازشریف کی طبیعت کا خراب ہونا لمحہ فکریہ ہے،
حکومت سیاسی مخالفین سے بدلے لے رہی ہے۔۔
اللہ تعالیٰ میاں محمد نواز…",FALSE,0,NA,2019-10-22 11:18:38,FALSE,NA,"1186602757358264326",NA,"<a href=\"http://twitter.com/download/iphone\" rel=\"nofollow\">Twitter for iPhone</a>","Haneef_ShahAgha",872,TRUE,FALSE,NA,NA
"RT @KaleemS78238284: ہمارے جذبوں کو ایسی مادی اشیاء سے نہ ماند کرسکو گے۔
ہم روحانی طاقت سے شیطانی قوتوں کا قلعہ قمہ کرینگے
🌹کہو ان شاءاللہ…",FALSE,0,NA,2019-10-22 11:18:28,FALSE,NA,"1186602719253028864",NA,"<a href=\"http://twitter.com/download/iphone\" rel=\"nofollow\">Twitter for iPhone</a>","Haneef_ShahAgha",12,TRUE,FALSE,NA,NA
"RT @2NZiWQlfmYFfBfw: @Haneef_ShahAgha
@KaleemS78238284
@AfridiTayab
#AzadiMarch27October
#جمہوریت_کی_روپ_میں_آمریت
@MoulanaOfficial 
@juipa…",FALSE,0,NA,2019-10-21 16:35:56,FALSE,NA,"1186320224133537792",NA,"<a href=\"http://twitter.com/download/android\" rel=\"nofollow\">Twitter for Android</a>","agha_rabnawaz",3,TRUE,FALSE,NA,NA
"RT @2NZiWQlfmYFfBfw: @Haneef_ShahAgha
@KaleemS78238284
@AfridiTayab
#AzadiMarch27October
#جمہوریت_کی_روپ_میں_آمریت
@MoulanaOfficial 
@juipa…",FALSE,0,NA,2019-10-21 15:57:42,FALSE,NA,"1186310599493505024",NA,"<a href=\"http://twitter.com/download/android\" rel=\"nofollow\">Twitter for Android</a>","KaleemS78238284",3,TRUE,FALSE,NA,NA
"@Haneef_ShahAgha Ameen",FALSE,1,"Haneef_ShahAgha",2019-10-21 13:59:33,FALSE,"1185953124055502848","1186280869419466754","1067635996630630400","<a href=\"http://twitter.com/download/android\" rel=\"nofollow\">Twitter for Android</a>","ZafarullahMemo4",0,FALSE,FALSE,NA,NA
"@qadeem_barech انشاءاللہ",FALSE,1,"qadeem_barech",2019-10-21 10:25:45,FALSE,"1186219971661172736","1186227060987060225","1076244989619912704","<a href=\"http://twitter.com/download/iphone\" rel=\"nofollow\">Twitter for iPhone</a>","Haneef_ShahAgha",0,FALSE,FALSE,NA,NA
"@Ex_JUI تمہیں موت کیوں نہ آئی ایک  یہ پوسٹ کرتے ہوئے",FALSE,3,"Ex_JUI",2019-10-21 09:41:27,FALSE,"1185784871735705600","1186215914640941057","1162648343203520513","<a href=\"http://twitter.com/download/iphone\" rel=\"nofollow\">Twitter for iPhone</a>","Haneef_ShahAgha",0,FALSE,FALSE,NA,NA
"@Haneef_ShahAgha @MoulanaOfficial امیرالمنافقین ،امیرالمنافقین، امیرالمنافقین ،امیرالمنافقین، امیرالمنافقین ،امیرال… https://t.co/vv1USvSuIr",FALSE,0,"Haneef_ShahAgha",2019-10-21 09:13:14,TRUE,"1185921181523808256","1186208813197807616","1067635996630630400","<a href=\"http://twitter.com/download/android\" rel=\"nofollow\">Twitter for Android</a>","muji253",0,FALSE,FALSE,NA,NA
"بہت بنالیا بےوقوف پاکستانی عوام کو اب نہی چلے گا یہ ڈرامہ کیوں مولانا آرہا ہے 
 #مہرے_تیرےدن_تھوڑے",FALSE,10,NA,2019-10-21 08:45:56,FALSE,NA,"1186201942680375296",NA,"<a href=\"http://twitter.com/download/iphone\" rel=\"nofollow\">Twitter for iPhone</a>","Haneef_ShahAgha",6,FALSE,FALSE,NA,NA
"جتنی بھی من گھڑے یا پروپوگینڈے کرو #27 اکتوبر تک انتظار کرو 
#مہرے_تیرےدن_تھوڑے",FALSE,5,NA,2019-10-21 08:44:33,FALSE,NA,"1186201594842492928",NA,"<a href=\"http://twitter.com/download/iphone\" rel=\"nofollow\">Twitter for iPhone</a>","Haneef_ShahAgha",2,FALSE,FALSE,NA,NA
"@Haneef_ShahAgha @RabeelaShah بلکل درست فرمایا آپ نے حضرت",FALSE,2,"Haneef_ShahAgha",2019-10-20 21:51:35,FALSE,"1185651133290811392","1186037271235059713","1067635996630630400","<a href=\"http://twitter.com/download/android\" rel=\"nofollow\">Twitter for Android</a>","hanfi_anas",0,FALSE,FALSE,NA,NA
"RT @AmjidAliAmjid9: انشاءاللہ
#مہنگائی_سے_نجات_آزادی_مارچ",FALSE,0,NA,2019-10-20 19:35:16,FALSE,NA,"1186002964781109249",NA,"<a href=\"http://twitter.com/download/iphone\" rel=\"nofollow\">Twitter for iPhone</a>","Haneef_ShahAgha",3,TRUE,FALSE,NA,NA
"RT @Ummifarooq786: ہم اسلام آباد اس لیے آرہے ہیں کہ انہوں نے کشمیر کا سودا کیا،عمران نیازی نے کشمیر کو بیچااورمودی نے خریدا اور بےشرموں کی…",FALSE,0,NA,2019-10-20 19:35:12,FALSE,NA,"1186002947144126471",NA,"<a href=\"http://twitter.com/download/iphone\" rel=\"nofollow\">Twitter for iPhone</a>","Haneef_ShahAgha",35,TRUE,FALSE,NA,NA
"ایک یادگار کلپ، قائد محترم ڈھائی منٹ تک پارلیمنٹ میں عمران کا آپریشن کرتے رہے اور تمام ممبران ڈیسک بجاتے رہے

#مہنگائی_سے_نجات_آزادی_مارچ",FALSE,13,NA,2019-10-20 16:48:12,FALSE,NA,"1185960921081901056",NA,"<a href=\"http://twitter.com/download/iphone\" rel=\"nofollow\">Twitter for iPhone</a>","Haneef_ShahAgha",14,FALSE,FALSE,NA,NA
"@Haneef_ShahAgha @MoulanaOfficial Fazlu ki laho lahaan karay ga 🇵🇰🇵🇰🇵🇰🇵🇰🇵🇰",FALSE,0,"Haneef_ShahAgha",2019-10-20 16:43:42,FALSE,"1185921009691627521","1185959788741574656","1067635996630630400","<a href=\"https://mobile.twitter.com\" rel=\"nofollow\">Twitter Web App</a>","Ziacoolboy",0,FALSE,FALSE,NA,NA
"RT @AyazAhmedPitaf2: پلان a.b.c.d
بہی تیار کیا گیا ہے
#مہنگائی_سے_نجات_آزادی_مارچ",FALSE,0,NA,2019-10-20 16:38:26,FALSE,NA,"1185958462464745472",NA,"<a href=\"http://twitter.com/download/iphone\" rel=\"nofollow\">Twitter for iPhone</a>","Haneef_ShahAgha",5,TRUE,FALSE,NA,NA
"RT @KaleemS78238284: ٹماٹر دو سو 
گوبی سو روپے
#مہنگائی_سے_نجات_آزادی_مارچ",FALSE,0,NA,2019-10-20 16:38:19,FALSE,NA,"1185958434224537601",NA,"<a href=\"http://twitter.com/download/iphone\" rel=\"nofollow\">Twitter for iPhone</a>","Haneef_ShahAgha",10,TRUE,FALSE,NA,NA
"RT @JamiatPage: کشمیر ایک نے بیچا اور ایک نے خریدا

کیا نئے پاکستان کا معنیٰ یہ تھا کہ کشمیر کو منفی کیا جائے
اب سرینگر کی بات ختم مظفرآباد…",FALSE,0,NA,2019-10-20 16:37:21,FALSE,NA,"1185958192921989123",NA,"<a href=\"http://twitter.com/download/iphone\" rel=\"nofollow\">Twitter for iPhone</a>","Haneef_ShahAgha",22,TRUE,FALSE,NA,NA
"RT @Rasheed_hangvi: کہتے ہیں

اگر جھوٹ بولنے پر سو روپیہ جرمانہ ہوتا تو پاکستان کا سارا قرضہ عمران خان کے جرمانے سے اتر جاتا😂😂
#مہنگائی_سے_…",FALSE,0,NA,2019-10-20 16:37:18,FALSE,NA,"1185958179391148034",NA,"<a href=\"http://twitter.com/download/iphone\" rel=\"nofollow\">Twitter for iPhone</a>","Haneef_ShahAgha",27,TRUE,FALSE,NA,NA
"RT @ibadnasih9: ڈاکٹرز، تاجر وغیرہ کا پریشان ہونا اتنی بڑی بات نہیں، پریشانی کی بات یہ ہے کہ روزانہ 500روپے کمانے والا مزدور پریشان ہے۔
#مہ…",FALSE,0,NA,2019-10-20 16:37:15,FALSE,NA,"1185958167051558912",NA,"<a href=\"http://twitter.com/download/iphone\" rel=\"nofollow\">Twitter for iPhone</a>","Haneef_ShahAgha",13,TRUE,FALSE,NA,NA
"RT @sadaqatkhan_95: ایک سوال؟
اگر مولانا انڈیا یا دشمن ایجنڈے پہ کام کررہے،
 تو حکومت کے پاس ساری اتھارٹیاں ہیں،
 فون ٹیپ کرنے اور ٹرانزیکش…",FALSE,0,NA,2019-10-20 16:37:01,FALSE,NA,"1185958106410303488",NA,"<a href=\"http://twitter.com/download/iphone\" rel=\"nofollow\">Twitter for iPhone</a>","Haneef_ShahAgha",47,TRUE,FALSE,NA,NA
"RT @Hussain38881366: ملک میں آئی ایم ایف کے تیار کردہ معیشت پلان پر عمل درآمد کیا جارہا ہے ، جس سے ملک دیوالیہ بنتا جارہا ہے۔۔!!
#مہنگائی_س…",FALSE,0,NA,2019-10-20 16:26:49,FALSE,NA,"1185955538582081537",NA,"<a href=\"http://twitter.com/download/iphone\" rel=\"nofollow\">Twitter for iPhone</a>","Haneef_ShahAgha",15,TRUE,FALSE,NA,NA
"RT @Majidk987: مولانا کے دھرنے کے 
اعلان سے اس بار
اے آر وائی نیوز سے
زیادہ سما نیوز والوں کی پھٹ رہی ہے
#مہنگائی_سے_نجات_آزادی_مارچ",FALSE,0,NA,2019-10-20 16:26:05,FALSE,NA,"1185955357669122050",NA,"<a href=\"http://twitter.com/download/iphone\" rel=\"nofollow\">Twitter for iPhone</a>","Haneef_ShahAgha",8,TRUE,FALSE,NA,NA
"RT @FazalF58dF8GrdK: گو بھی 100 روپے کلو
#مہنگائی_سے_نجات_آزادی_مارچ",FALSE,0,NA,2019-10-20 16:26:02,FALSE,NA,"1185955341932122119",NA,"<a href=\"http://twitter.com/download/iphone\" rel=\"nofollow\">Twitter for iPhone</a>","Haneef_ShahAgha",6,TRUE,FALSE,NA,NA
"RT @NaseebU30487812: سلیکڑر کہتا ہے کہ مجھے ٹیم اچھی نہیں ملی سوال یہ ہے کہ ٹیم کوئی ریڑھی پر پڑی ہوئی چپل تھی جو اچھی نہیں ملی ہمارے کان پ…",FALSE,0,NA,2019-10-20 16:25:59,FALSE,NA,"1185955331219824641",NA,"<a href=\"http://twitter.com/download/iphone\" rel=\"nofollow\">Twitter for iPhone</a>","Haneef_ShahAgha",40,TRUE,FALSE,NA,NA
"RT @AM_Afridi99: #مہنگائی_سے_نجات_آزادی_مارچ
یہ حکومت ناموس رسالت کیلۓ بہت بڑا خطرہ ھیں ، @AM_Afridi99 
@abaseen_afridi",FALSE,0,NA,2019-10-20 16:25:52,FALSE,NA,"1185955300257533952",NA,"<a href=\"http://twitter.com/download/iphone\" rel=\"nofollow\">Twitter for iPhone</a>","Haneef_ShahAgha",7,TRUE,FALSE,NA,NA
"RT @FazalF58dF8GrdK: ہری مرچ 70 روپے پاو
#مہنگائی_سے_نجات_آزادی_مارچ",FALSE,0,NA,2019-10-20 16:25:45,FALSE,NA,"1185955272923197440",NA,"<a href=\"http://twitter.com/download/iphone\" rel=\"nofollow\">Twitter for iPhone</a>","Haneef_ShahAgha",7,TRUE,FALSE,NA,NA
"RT @AyazAhmedPitaf2: مہنگائ کا طوفان اس نااہل حکومت کے نااہلی کا منہ بولتا ثبوت ہے.ایاز پتافی
#مہنگائی_سے_نجات_آزادی_مارچ",FALSE,0,NA,2019-10-20 16:25:44,FALSE,NA,"1185955268569522177",NA,"<a href=\"http://twitter.com/download/iphone\" rel=\"nofollow\">Twitter for iPhone</a>","Haneef_ShahAgha",19,TRUE,FALSE,NA,NA
"RT @ShiraziOffical: We have no need for this nonsense and enveloping media growing up on Jewish pieces and dictations. Praise be to Allaah.…",FALSE,0,NA,2019-10-20 16:25:42,FALSE,NA,"1185955261166641152",NA,"<a href=\"http://twitter.com/download/iphone\" rel=\"nofollow\">Twitter for iPhone</a>","Haneef_ShahAgha",24,TRUE,FALSE,NA,NA
"RT @Haneef_ShahAgha: اہم اعلان 
سپیشلسٹ سرجن مولانا فضل الرحمن 27 اکتوبر کو تبدیلی والے کیڑے کے لا علاج مریضوں کیلئے اسلام آباد میں فری کیم…",FALSE,0,NA,2019-10-20 16:25:40,FALSE,NA,"1185955250911490048",NA,"<a href=\"http://twitter.com/download/iphone\" rel=\"nofollow\">Twitter for iPhone</a>","Haneef_ShahAgha",17,TRUE,FALSE,NA,NA
"RT @M_S_Sulemani: اس دھرنے میں اور عمران خان کے دھرنے میں بہت فرق  ہیں
 عمران خان کے دھرنے کی پیچھے راحیل شریف تھا مولانا فضل الرحمن کے آزا…",FALSE,0,NA,2019-10-20 16:25:34,FALSE,NA,"1185955223908601862",NA,"<a href=\"http://twitter.com/download/iphone\" rel=\"nofollow\">Twitter for iPhone</a>","Haneef_ShahAgha",196,TRUE,FALSE,NA,NA
"RT @Ehsan_Ullah_380: مولانا صاحب۔۔۔۔! آپ نے کپتان اینڈ کمپنی کو کہیں کا نہیں چھوڑا، آپ کی خود اعتمادی پر مخالفین انگشت بدندان رہ گئے۔
#مہنگ…",FALSE,0,NA,2019-10-20 16:25:31,FALSE,NA,"1185955211367604224",NA,"<a href=\"http://twitter.com/download/iphone\" rel=\"nofollow\">Twitter for iPhone</a>","Haneef_ShahAgha",7,TRUE,FALSE,NA,NA
"RT @zahir_usmani: اگر مولانا فضل الرحمن صاحب شیخ رشید کی طرح ایک تقریر کرے کہ اٹھو نکلو اس ملک کو آگ لگا دو توڑ پوڑ کرو مارو جلاو تو قسم سے…",FALSE,0,NA,2019-10-20 16:25:27,FALSE,NA,"1185955197945823232",NA,"<a href=\"http://twitter.com/download/iphone\" rel=\"nofollow\">Twitter for iPhone</a>","Haneef_ShahAgha",8,TRUE,FALSE,NA,NA
"سوشل میڈیا کے دوستوں کو بہت بہت مبارک ہو
قائد محترم نے ختم نبوت کانفرنس مردان میں فرمایا
نو ماہ میں پندرہ ملین مارچ… https://t.co/7UHJpGktR0",FALSE,49,NA,2019-10-20 16:24:26,TRUE,NA,"1185954939627102208",NA,"<a href=\"http://twitter.com/download/iphone\" rel=\"nofollow\">Twitter for iPhone</a>","Haneef_ShahAgha",35,FALSE,FALSE,NA,NA
"اہم اعلان 
سپیشلسٹ سرجن مولانا فضل الرحمن 27 اکتوبر کو تبدیلی والے کیڑے کے لا علاج مریضوں کیلئے اسلام آباد میں فری… https://t.co/JG8CYEYuak",FALSE,13,NA,2019-10-20 16:19:52,TRUE,NA,"1185953791650217985",NA,"<a href=\"http://twitter.com/download/iphone\" rel=\"nofollow\">Twitter for iPhone</a>","Haneef_ShahAgha",17,FALSE,FALSE,NA,NA
"ایک درھنا تم نے دھرنا دیا تھا اور راتوں میں عورتے چنواتے تھے 
اب پاکستانی قوم تمہیں سکھائینگے کہ دھرنا ہوتا کیا ہے۔… https://t.co/bbf87KUTPO",FALSE,28,NA,2019-10-20 15:30:09,TRUE,NA,"1185941279173009413",NA,"<a href=\"http://twitter.com/download/iphone\" rel=\"nofollow\">Twitter for iPhone</a>","Haneef_ShahAgha",27,FALSE,FALSE,NA,NA
"ریاست ایک مولوی سے ڈرتی ہے ،ریاست میڈیا کو دبا سکتے ہے مگر مولانا فضل الرحمن کو نہی 
@HamidMirPAK
 #مہنگائی_سے_نجات_آزادی_مارچ",FALSE,7,NA,2019-10-20 15:28:03,FALSE,NA,"1185940750686535681",NA,"<a href=\"http://twitter.com/download/iphone\" rel=\"nofollow\">Twitter for iPhone</a>","Haneef_ShahAgha",8,FALSE,FALSE,NA,NA
"آسیہ ملعونہ کو خود امریکہ بھیج دیا 
قادیانی کو مشیر مقرر کردیا 
تحریک لبیک کے علماء کو جیلوں میں شہید کرائے 
کے پی… https://t.co/IscUq7fDhl",FALSE,38,NA,2019-10-20 15:20:16,TRUE,NA,"1185938793985015811",NA,"<a href=\"http://twitter.com/download/iphone\" rel=\"nofollow\">Twitter for iPhone</a>","Haneef_ShahAgha",31,FALSE,FALSE,NA,NA
"RT @KaleemS78238284: چلو چلو اسلام آباد چلو 
جعلی نیاٰ ٰ کو بھگانے چلو #مہنگائی_سے_نجات_آزادی_مارچ",FALSE,0,NA,2019-10-20 15:19:43,FALSE,NA,"1185938654813999106",NA,"<a href=\"http://twitter.com/download/iphone\" rel=\"nofollow\">Twitter for iPhone</a>","Haneef_ShahAgha",12,TRUE,FALSE,NA,NA
"@MoulanaOfficial قائد اشارہ کوا بیا تماشہ کوا",FALSE,4,"MoulanaOfficial",2019-10-20 15:18:18,FALSE,"1185932097497829377","1185938295836106753","907889245","<a href=\"http://twitter.com/download/iphone\" rel=\"nofollow\">Twitter for iPhone</a>","Haneef_ShahAgha",0,FALSE,FALSE,NA,NA
"RT @MoulanaOfficial: پشاور :روزنامہ آج کے چیف ایڈیٹراور خیبر پختونخوا کے سینئر صحافی عبدالواحدیوسفی کی وفات پر ان کے برخوردار علی یوسفی اور…",FALSE,0,NA,2019-10-20 15:17:58,FALSE,NA,"1185938215540277248",NA,"<a href=\"http://twitter.com/download/iphone\" rel=\"nofollow\">Twitter for iPhone</a>","Haneef_ShahAgha",398,TRUE,FALSE,NA,NA
