"@tallalchodhry شہریت کیا چیز ہے مولانا!
 ہماری تو \"شوہریت\" تک منسوخ کی گئی ہے۔

خاور مانیکا کا حافظ حمداللہ کو روتے ہوئے فون 😜😜😜😜",FALSE,0,"tallalchodhry",2019-10-29 15:38:29,FALSE,"1189204699943178245","1189204867388194817","555013811","<a href=\"http://twitter.com/download/android\" rel=\"nofollow\">Twitter for Android</a>","JUI_Mera_Junoon",0,FALSE,FALSE,NA,NA
"@JUI_Mera_Junoon @HamidMirPAK hahaha",FALSE,0,"JUI_Mera_Junoon",2019-10-29 15:25:15,FALSE,"1189097534049964032","1189201539228782593","1155853525248827392","<a href=\"http://twitter.com/download/android\" rel=\"nofollow\">Twitter for Android</a>","ArmyChoot",0,FALSE,FALSE,NA,NA
"@HamidMirPAK مولانا صاحب کو اس حکومت کے خاتمے تک آذادی مارچ جاری رکھنا چاہیے",FALSE,1,"HamidMirPAK",2019-10-29 15:23:05,FALSE,"1189181079128698885","1189200993189355526","213539531","<a href=\"http://twitter.com/download/android\" rel=\"nofollow\">Twitter for Android</a>","JUI_Mera_Junoon",1,FALSE,FALSE,NA,NA
"@JUI_Mera_Junoon @HamidMirPAK لواطت کی پیداوار فضلاتی ملّے اسلام آباد دور است ذرا آؤ نہ خوشبو لگا کے",FALSE,0,"JUI_Mera_Junoon",2019-10-29 13:47:21,FALSE,"1189097534049964032","1189176899408289794","1155853525248827392","<a href=\"http://twitter.com/download/iphone\" rel=\"nofollow\">Twitter for iPhone</a>","khanjeezai",0,FALSE,FALSE,NA,NA
"@JUI_Mera_Junoon @SaleemKhanSafi اور اسی کرسی کے لیے عوام کی ماؤں کو روزے رکھنے کے لیے کہا گیا۔ اور ایک بہت بڑا اسل… https://t.co/9NX1bMRnqI",FALSE,0,"JUI_Mera_Junoon",2019-10-29 13:23:48,TRUE,"1188729445722578945","1189170973800579073","1155853525248827392","<a href=\"http://twitter.com/download/android\" rel=\"nofollow\">Twitter for Android</a>","Akhter78M",0,FALSE,FALSE,NA,NA
"@FrehmanD عثمان بزدارنے 
 مولانا کا پروٹوکول دیکھ کر پوچھا یہ کون سے ملک کا وزیراعظم ہے 😂",FALSE,0,"FrehmanD",2019-10-29 13:04:03,FALSE,"1189165636863385600","1189166002036264960","163945358","<a href=\"http://twitter.com/download/android\" rel=\"nofollow\">Twitter for Android</a>","JUI_Mera_Junoon",0,FALSE,FALSE,NA,NA
"@JUI_Mera_Junoon @MoulanaOfficial Lakh lanat is banday per",FALSE,0,"JUI_Mera_Junoon",2019-10-29 12:59:46,FALSE,"1188816956234690562","1189164925345763336","1155853525248827392","<a href=\"http://twitter.com/download/android\" rel=\"nofollow\">Twitter for Android</a>","zayansabir",0,FALSE,FALSE,NA,NA
"RT @MoulanaOfficial: مدینة الاولیا ملتان
 #عوامی_سمندر_اسلام_آباد_کی_طرف https://t.co/XWzU437lUx",FALSE,0,NA,2019-10-29 12:48:21,FALSE,NA,"1189162052461486080",NA,"<a href=\"http://twitter.com/download/android\" rel=\"nofollow\">Twitter for Android</a>","JUI_Mera_Junoon",1107,TRUE,FALSE,NA,NA
"RT @MoulanaOfficial: یہ کشمیر کے نام پر قوم کو بے وقوف بنا رہے ہیں
کشمیر کی جانب کشیدگی کا کہا جارہا ہے مگر اسی وقت دوسری جانب کرتارپور کور…",FALSE,0,NA,2019-10-29 12:47:31,FALSE,NA,"1189161843501293568",NA,"<a href=\"http://twitter.com/download/android\" rel=\"nofollow\">Twitter for Android</a>","JUI_Mera_Junoon",602,TRUE,FALSE,NA,NA
"@SaleemKhanSafi عثمان بزدارنے 
 مولانا کا پروٹوکول دیکھ کر پوچھا یہ کون سے ملک کا وزیراعظم ہے 😂",FALSE,0,"SaleemKhanSafi",2019-10-29 12:47:12,FALSE,"1189138550496858112","1189161763725565952","615983648","<a href=\"http://twitter.com/download/android\" rel=\"nofollow\">Twitter for Android</a>","JUI_Mera_Junoon",0,FALSE,FALSE,NA,NA
"@JUI_Mera_Junoon @HamidMirPAK تمہیں واقعی 'بُخار' لگتا ھے - ٹھنڈی پٹیاں پیشانی پہ رکھو، ٹھیک ھو جاؤ گے",FALSE,0,"JUI_Mera_Junoon",2019-10-29 11:01:23,FALSE,"1189097534049964032","1189135133749760001","1155853525248827392","<a href=\"https://mobile.twitter.com\" rel=\"nofollow\">Twitter Web App</a>","SEAsia17",0,FALSE,FALSE,NA,NA
"@atifzia @JUI_Mera_Junoon @MoulanaOfficial Haahahahha",FALSE,0,"atifzia",2019-10-29 10:37:07,FALSE,"1189035394123337728","1189129024783732736","25019309","<a href=\"http://twitter.com/download/android\" rel=\"nofollow\">Twitter for Android</a>","Khani52154502",0,FALSE,FALSE,NA,NA
"@JUI_Mera_Junoon @SoomroOfficial 🤣🤣",FALSE,0,"JUI_Mera_Junoon",2019-10-29 10:26:23,FALSE,"1188898614883565568","1189126326336274432","1155853525248827392","<a href=\"http://twitter.com/download/android\" rel=\"nofollow\">Twitter for Android</a>","chattha9293",0,FALSE,FALSE,NA,NA
"@JUI_Mera_Junoon @murtazasolangi @marvisirmed بچے بازوں کو شہریت اب لتر کھانے پہ ملے گی۔",FALSE,0,"JUI_Mera_Junoon",2019-10-29 09:37:51,FALSE,"1189097385026342913","1189114112548245504","1155853525248827392","<a href=\"http://twitter.com/download/iphone\" rel=\"nofollow\">Twitter for iPhone</a>","mohsinraza_88",0,FALSE,FALSE,NA,NA
"@RehamKhan1 جمہوریت کسی کی باب کی جاگیر نہیں ۔۔ https://t.co/KuAYxNVwdn https://t.co/j467gZZGOE",FALSE,0,"RehamKhan1",2019-10-29 09:02:33,FALSE,"1189093417940336640","1189105227984707586","298959564","<a href=\"http://twitter.com/download/android\" rel=\"nofollow\">Twitter for Android</a>","JUI_Mera_Junoon",0,FALSE,FALSE,NA,NA
"@murtazasolangi جمہوریت کسی کی باب کی جاگیر نہیں https://t.co/k2UjODm8Uj",FALSE,0,"murtazasolangi",2019-10-29 09:01:47,FALSE,"1189099361604722688","1189105035508101120","37641696","<a href=\"http://twitter.com/download/android\" rel=\"nofollow\">Twitter for Android</a>","JUI_Mera_Junoon",0,FALSE,FALSE,NA,NA
"@IrshadBhatti336 جمہوریت کسی کی باب کی جاگیر نہیں ۔۔ https://t.co/5xf8vfqRhc",FALSE,1,"IrshadBhatti336",2019-10-29 09:01:37,FALSE,"1189099902598549505","1189104991358914562","723309166782255104","<a href=\"http://twitter.com/download/android\" rel=\"nofollow\">Twitter for Android</a>","JUI_Mera_Junoon",0,FALSE,FALSE,NA,NA
"جمہوریت کسی کی باب کی جاگیر نہیں ۔۔ https://t.co/KuAYxNVwdn",FALSE,1,NA,2019-10-29 09:00:21,FALSE,NA,"1189104674223349761",NA,"<a href=\"http://twitter.com/download/android\" rel=\"nofollow\">Twitter for Android</a>","JUI_Mera_Junoon",1,FALSE,FALSE,NA,NA
"@HamidMirPAK آزادی مارچ کا مجمع دیکھ کر عمران خان کی شلوار اوپر سے ڈھیلی نیچے سے گیلی اور پیچھے سے پیلی ہوگئ ہے",FALSE,1,"HamidMirPAK",2019-10-29 08:31:59,FALSE,"1189087003410862080","1189097534049964032","213539531","<a href=\"http://twitter.com/download/android\" rel=\"nofollow\">Twitter for Android</a>","JUI_Mera_Junoon",1,FALSE,FALSE,NA,NA
"@murtazasolangi @marvisirmed شہریت کیا چیز ہے مولانا!
 ہماری تو \"شوہریت\" تک منسوخ کی گئی ہے۔

خاور مانیکا کا حافظ ح… https://t.co/q21ZEWxAMV",FALSE,1,"murtazasolangi",2019-10-29 08:31:23,TRUE,"1189094717985820673","1189097385026342913","37641696","<a href=\"http://twitter.com/download/android\" rel=\"nofollow\">Twitter for Android</a>","JUI_Mera_Junoon",1,FALSE,FALSE,NA,NA
"@JUI_Mera_Junoon @asmashirazi جس سے پوچھا اس نے بتایا کہ یہ سعودی عرب کا بڑا شیطان ہے وہاں سے بھاگ کر آیا ہے
تیز اس… https://t.co/nst0MEiCHu",FALSE,0,"JUI_Mera_Junoon",2019-10-29 07:00:18,TRUE,"1189065158171209729","1189074464744624129","1155853525248827392","<a href=\"http://twitter.com/download/android\" rel=\"nofollow\">Twitter for Android</a>","a_q_khan_niazi",0,FALSE,FALSE,NA,NA
"@HamidMirPAK ملتان میں مرد بحران https://t.co/DFJcwXrOrq",FALSE,0,"HamidMirPAK",2019-10-29 06:39:34,FALSE,"1189067739148771329","1189069245965058048","213539531","<a href=\"http://twitter.com/download/android\" rel=\"nofollow\">Twitter for Android</a>","JUI_Mera_Junoon",1,FALSE,FALSE,NA,NA
"@WaseemBadami یہ سنو https://t.co/IHLpaRgbpd",FALSE,1,"WaseemBadami",2019-10-29 06:38:20,FALSE,"1189067709432172544","1189068934269591552","903495284","<a href=\"http://twitter.com/download/android\" rel=\"nofollow\">Twitter for Android</a>","JUI_Mera_Junoon",0,FALSE,FALSE,NA,NA
"@WaseemBadami شہریت کیا چیز ہے مولانا!
 ہماری تو \"شوہریت\" تک منسوخ کی گئی ہے۔

خاور مانیکا کا حافظ حمداللہ کو روتے ہوئے فون 😜😜😜😜",FALSE,2,"WaseemBadami",2019-10-29 06:35:00,FALSE,"1189067709432172544","1189068096792944640","903495284","<a href=\"http://twitter.com/download/android\" rel=\"nofollow\">Twitter for Android</a>","JUI_Mera_Junoon",2,FALSE,FALSE,NA,NA
"@HamidMirPAK شہریت کیا چیز ہے مولانا!
 ہماری تو \"شوہریت\" تک منسوخ کی گئی ہے۔

خاور مانیکا کا حافظ حمداللہ کو روتے ہوئے فون 😜😜😜😜",FALSE,1,"HamidMirPAK",2019-10-29 06:34:45,FALSE,"1189067739148771329","1189068030824849408","213539531","<a href=\"http://twitter.com/download/android\" rel=\"nofollow\">Twitter for Android</a>","JUI_Mera_Junoon",0,FALSE,FALSE,NA,NA
"یہ پی ٹی آئی کے جلسے میں اسلحہ نہیں ہے۔۔
چاچا فردوس سے گذارش ہے کہ بڑے لوگوں کے ساتھ لائسنس والا اسلحہ ہوتا ہے سیکو… https://t.co/uBZjTnQYDq",FALSE,1,NA,2019-10-29 06:33:09,TRUE,NA,"1189067631518720000",NA,"<a href=\"http://twitter.com/download/android\" rel=\"nofollow\">Twitter for Android</a>","JUI_Mera_Junoon",1,FALSE,FALSE,NA,NA
"@Dr_FirdousPTI عثمان بزدارنے 
 مولانا کا پروٹوکول دیکھ کر پوچھا یہ کون سے ملک کا وزیراعظم ہے 😂",FALSE,3,"Dr_FirdousPTI",2019-10-29 06:28:08,FALSE,"1189052471727087616","1189066367833722885","869239266651418625","<a href=\"http://twitter.com/download/android\" rel=\"nofollow\">Twitter for Android</a>","JUI_Mera_Junoon",0,FALSE,FALSE,NA,NA
"@Dr_FirdousPTI شہریت کیا چیز ہے مولانا!
 ہماری تو \"شوہریت\" تک منسوخ کی گئی ہے۔

خاور مانیکا کا حافظ حمداللہ کو روتے ہوئے فون 😜😜😜😜",FALSE,0,"Dr_FirdousPTI",2019-10-29 06:27:58,FALSE,"1189052570762956801","1189066324594565120","869239266651418625","<a href=\"http://twitter.com/download/android\" rel=\"nofollow\">Twitter for Android</a>","JUI_Mera_Junoon",0,FALSE,FALSE,NA,NA
"@JUI_Mera_Junoon @asmashirazi us mulk ka naam ansarul islam jis me kuch din pehle salami de gayi 😂🤣😂",FALSE,0,"JUI_Mera_Junoon",2019-10-29 06:27:23,FALSE,"1189065158171209729","1189066179710730241","1155853525248827392","<a href=\"http://twitter.com/download/android\" rel=\"nofollow\">Twitter for Android</a>","zahoorikk83",0,FALSE,FALSE,NA,NA
"@nadeemmalik عثمان بزدارنے 
 مولانا کا پروٹوکول دیکھ کر پوچھا یہ کون سے ملک کا وزیراعظم ہے 😂",FALSE,0,"nadeemmalik",2019-10-29 06:23:37,FALSE,"1189060578012291072","1189065231852621824","39927901","<a href=\"http://twitter.com/download/android\" rel=\"nofollow\">Twitter for Android</a>","JUI_Mera_Junoon",0,FALSE,FALSE,NA,NA
"@asmashirazi عثمان بزدارنے 
 مولانا کا پروٹوکول دیکھ کر پوچھا یہ کون سے ملک کا وزیراعظم ہے 😂",FALSE,0,"asmashirazi",2019-10-29 06:23:20,FALSE,"1189064806399127552","1189065158171209729","256556724","<a href=\"http://twitter.com/download/android\" rel=\"nofollow\">Twitter for Android</a>","JUI_Mera_Junoon",0,FALSE,FALSE,NA,NA
"@murtazasolangi شہریت کیا چیز ہے مولانا!
 ہماری تو \"شوہریت\" تک منسوخ کی گئی ہے۔

خاور مانیکا کا حافظ حمداللہ کو روتے ہوئے فون 😜😜😜😜",FALSE,0,"murtazasolangi",2019-10-29 05:50:19,FALSE,"1189054351647621120","1189056852602052608","37641696","<a href=\"http://twitter.com/download/android\" rel=\"nofollow\">Twitter for Android</a>","JUI_Mera_Junoon",0,FALSE,FALSE,NA,NA
"@_Mansoor_Ali شہریت کیا چیز ہے مولانا!
 ہماری تو \"شوہریت\" تک منسوخ کی گئی ہے۔

خاور مانیکا کا حافظ حمداللہ کو روتے ہوئے فون 😜😜😜😜",FALSE,2,"_Mansoor_Ali",2019-10-29 05:50:06,FALSE,"1189054849129816064","1189056795488247808","62710586","<a href=\"http://twitter.com/download/android\" rel=\"nofollow\">Twitter for Android</a>","JUI_Mera_Junoon",0,FALSE,FALSE,NA,NA
"شہریت کیا چیز ہے مولانا!
 ہماری تو \"شوہریت\" تک منسوخ کی گئی ہے۔

خاور مانیکا کا حافظ حمداللہ کو روتے ہوئے فون 😜😜😜😜",FALSE,0,NA,2019-10-29 05:49:58,FALSE,NA,"1189056761824710657",NA,"<a href=\"http://twitter.com/download/android\" rel=\"nofollow\">Twitter for Android</a>","JUI_Mera_Junoon",0,FALSE,FALSE,NA,NA
"@Wabbasi007 @UrduNewsCom 📢📢خوشخبری📢📢
جے یو آئی رہنما حافظ حمد اللہ کی پاکستانی شہریت بحال

#AzadiMarch27October… https://t.co/f8tzZMz2X2",FALSE,3,"Wabbasi007",2019-10-29 05:37:55,TRUE,"1189052338541072385","1189053731968557056","70358322","<a href=\"http://twitter.com/download/android\" rel=\"nofollow\">Twitter for Android</a>","JUI_Mera_Junoon",1,FALSE,FALSE,NA,NA
"📢📢خوشخبری📢📢
جے یو آئی رہنما حافظ حمد اللہ کی پاکستانی شہریت بحال

#AzadiMarch27October
#GoNiaziGo… https://t.co/Tpz01tkGJg",FALSE,1,NA,2019-10-29 05:37:46,TRUE,NA,"1189053693997604864",NA,"<a href=\"http://twitter.com/download/android\" rel=\"nofollow\">Twitter for Android</a>","JUI_Mera_Junoon",0,FALSE,FALSE,NA,NA
"@murtazasolangi عثمان بزدارنے 
 مولانا کا پروٹوکول دیکھ کر پوچھا یہ کون سے ملک کا وزیراعظم ہے 😂",FALSE,2,"murtazasolangi",2019-10-29 05:37:21,FALSE,"1189048882283646976","1189053588875763712","37641696","<a href=\"http://twitter.com/download/android\" rel=\"nofollow\">Twitter for Android</a>","JUI_Mera_Junoon",0,FALSE,FALSE,NA,NA
"عثمان بزدارنے 
 مولانا کا پروٹوکول دیکھ کر پوچھا یہ کون سے ملک کا وزیراعظم ہے 😂",FALSE,1,NA,2019-10-29 05:36:25,FALSE,NA,"1189053351251660800",NA,"<a href=\"http://twitter.com/download/android\" rel=\"nofollow\">Twitter for Android</a>","JUI_Mera_Junoon",0,FALSE,FALSE,NA,NA
"RT @SaleemKhanSafi: نجی چینلز  نےمولانا کےدس ملین مارچوں کو  دس منٹ بھی نہیں دکھایا۔آج بھی یہ چینلز ان کےانٹرویوزنہیں چلا سکتے لیکن وہ اس ک…",FALSE,0,NA,2019-10-29 04:40:41,FALSE,NA,"1189039325113176065",NA,"<a href=\"http://twitter.com/download/android\" rel=\"nofollow\">Twitter for Android</a>","JUI_Mera_Junoon",3261,TRUE,FALSE,NA,NA
"@Khani52154502 @JUI_Mera_Junoon @MoulanaOfficial فضل الرحمان بنگلہ نمبر بائیس کی خاطر بلٹ پروف کنٹینر میں بیٹھ کر ج… https://t.co/R1JUtAWzNl",FALSE,0,"Khani52154502",2019-10-29 04:25:03,TRUE,"1188866780065869826","1189035394123337728","1163842248531951616","<a href=\"http://twitter.com/download/iphone\" rel=\"nofollow\">Twitter for iPhone</a>","atifzia",0,FALSE,FALSE,NA,NA
"@JUI_Mera_Junoon @SaleemKhanSafi اس کرسی پربیٹھنے کے خواب اکثر لوگوں کو آتے ہیں اور سو کالڈ انقلابی تو دن میں بھی ا… https://t.co/VxdQ8nS5zy",FALSE,0,"JUI_Mera_Junoon",2019-10-29 03:14:20,TRUE,"1188729445722578945","1189017597456478208","1155853525248827392","<a href=\"http://twitter.com/download/android\" rel=\"nofollow\">Twitter for Android</a>","HaqNawa89283034",0,FALSE,FALSE,NA,NA
"@JUI_Mera_Junoon @SaleemKhanSafi Aisa na ho k dunya bhe gharak aur eman bhe.",FALSE,0,"JUI_Mera_Junoon",2019-10-29 03:09:55,FALSE,"1188831045069742080","1189016484380581888","1155853525248827392","<a href=\"http://twitter.com/download/android\" rel=\"nofollow\">Twitter for Android</a>","ProudToBeKhan2",0,FALSE,FALSE,NA,NA
"@JUI_Mera_Junoon @SaleemKhanSafi Jui ka fever la na dobay kahi ap ko",FALSE,0,"JUI_Mera_Junoon",2019-10-29 03:09:13,FALSE,"1188831045069742080","1189016308052045824","1155853525248827392","<a href=\"http://twitter.com/download/android\" rel=\"nofollow\">Twitter for Android</a>","ProudToBeKhan2",0,FALSE,FALSE,NA,NA
"@JUI_Mera_Junoon @MoulanaOfficial یا اللہ فضلو کو شہادت نصیب کر",FALSE,0,"JUI_Mera_Junoon",2019-10-29 01:38:26,FALSE,"1188816956234690562","1188993460256284672","1155853525248827392","<a href=\"http://twitter.com/download/android\" rel=\"nofollow\">Twitter for Android</a>","faryrana",0,FALSE,FALSE,NA,NA
"@Khani52154502 @JUI_Mera_Junoon @MoulanaOfficial Yes right",FALSE,2,"Khani52154502",2019-10-29 01:24:56,FALSE,"1188989775023398912","1188990063213985792","1163842248531951616","<a href=\"http://twitter.com/download/android\" rel=\"nofollow\">Twitter for Android</a>","Muhamma26546821",0,FALSE,FALSE,NA,NA
"@Muhamma26546821 @JUI_Mera_Junoon @MoulanaOfficial Indeed 😂",FALSE,1,"Muhamma26546821",2019-10-29 01:23:47,FALSE,"1188876045136596992","1188989775023398912","1167008882448883712","<a href=\"http://twitter.com/download/android\" rel=\"nofollow\">Twitter for Android</a>","Khani52154502",0,FALSE,FALSE,NA,NA
"@JUI_Mera_Junoon @MoulanaOfficial Ameen",FALSE,0,"JUI_Mera_Junoon",2019-10-29 00:26:04,FALSE,"1188816956234690562","1188975248844185600","1155853525248827392","<a href=\"http://twitter.com/download/android\" rel=\"nofollow\">Twitter for Android</a>","Mohamma36247758",0,FALSE,FALSE,NA,NA
"@JUI_Mera_Junoon @MoulanaOfficial پونکا پچھواڑا لال کروانے آریا ہے https://t.co/N8WDodTPTc",FALSE,1,"JUI_Mera_Junoon",2019-10-28 23:52:19,FALSE,"1188816956234690562","1188966755680559105","1155853525248827392","<a href=\"http://twitter.com/download/android\" rel=\"nofollow\">Twitter for Android</a>","AsifTarzan",0,FALSE,FALSE,NA,NA
"@JUI_Mera_Junoon @newseyeofficial @meherbokhari @betterpakistan @Dawn_News چور چوروں کے ساتھی۔۔  منافق۔۔   ان پر ال… https://t.co/XCj3EiTzf9",FALSE,0,"JUI_Mera_Junoon",2019-10-28 21:12:18,TRUE,"1188898314454011907","1188926488181202945","1155853525248827392","<a href=\"http://twitter.com/download/android\" rel=\"nofollow\">Twitter for Android</a>","AishAazar2017",0,FALSE,FALSE,NA,NA
"@JUI_Mera_Junoon @SaleemKhanSafi Hahahahahaha sahi",FALSE,1,"JUI_Mera_Junoon",2019-10-28 20:06:19,FALSE,"1188729445722578945","1188909880998088706","1155853525248827392","<a href=\"http://twitter.com/download/android\" rel=\"nofollow\">Twitter for Android</a>","AliRaza56591321",0,FALSE,FALSE,NA,NA
"@SoomroOfficial خدا کرے سلامت  رہیں  ان کی    ہمت 
یہ اک چراغ کئی اندھیروں پہ بھاری ہے… https://t.co/2jqW0j4zdv",FALSE,2,"SoomroOfficial",2019-10-28 19:21:33,TRUE,"1188878335453093888","1188898614883565568","1068143935741198336","<a href=\"http://twitter.com/download/android\" rel=\"nofollow\">Twitter for Android</a>","JUI_Mera_Junoon",0,FALSE,FALSE,NA,NA
"@newseyeofficial @meherbokhari @betterpakistan @Dawn_News خدا کرے سلامت  رہیں  ان کی    ہمت 
یہ اک چراغ کئی اندھیرو… https://t.co/RvYxzFcxEH",FALSE,0,"newseyeofficial",2019-10-28 19:20:21,TRUE,"1188889470772350976","1188898314454011907","4502142136","<a href=\"http://twitter.com/download/android\" rel=\"nofollow\">Twitter for Android</a>","JUI_Mera_Junoon",0,FALSE,FALSE,NA,NA
"خدا کرے سلامت  رہے  ان کی    ہمت 
یہ اک چراغ کئی اندھیروں پہ بھاری ہے 
#عوامی_سمندر_اسلام_آباد_کی_طرف https://t.co/TKw0sHhofv",FALSE,2,NA,2019-10-28 19:18:40,FALSE,NA,"1188897892221759488",NA,"<a href=\"http://twitter.com/download/android\" rel=\"nofollow\">Twitter for Android</a>","JUI_Mera_Junoon",0,FALSE,FALSE,NA,NA
"جیو https://t.co/EpFwInb32I",FALSE,0,NA,2019-10-28 19:07:20,FALSE,NA,"1188895039675600896",NA,"<a href=\"http://twitter.com/download/android\" rel=\"nofollow\">Twitter for Android</a>","JUI_Mera_Junoon",0,FALSE,FALSE,NA,NA
"RT @MoulanaOfficial: بی سی اردو سے گفتگو @BBCUrdu 
#عوامی_سمندر_اسلام_آباد_کی_طرف  
1/2 https://t.co/e6Zzpz8O5i",FALSE,0,NA,2019-10-28 19:07:04,FALSE,NA,"1188894973325918208",NA,"<a href=\"http://twitter.com/download/android\" rel=\"nofollow\">Twitter for Android</a>","JUI_Mera_Junoon",931,TRUE,FALSE,NA,NA
"ایک دھرنا تمہارا تھا اور ایک دھرنا ہمارا ہے
فرق جان لو
تم مرد عورت ایک ساتھ اونچی آواز سے موسیقی لگا کر ناچے تھے او… https://t.co/yp68F5mIfw",FALSE,3,NA,2019-10-28 19:06:23,TRUE,NA,"1188894801271414784",NA,"<a href=\"http://twitter.com/download/android\" rel=\"nofollow\">Twitter for Android</a>","JUI_Mera_Junoon",0,FALSE,FALSE,NA,NA
"فضائی مناظر https://t.co/pRWSXHgpjO",FALSE,0,NA,2019-10-28 18:36:15,FALSE,NA,"1188887215134429187",NA,"<a href=\"http://twitter.com/download/android\" rel=\"nofollow\">Twitter for Android</a>","JUI_Mera_Junoon",0,FALSE,FALSE,NA,NA
"RT @TalhaGhouri786: ہم پر پابندی ھے آزادی مارچ کی فوٹیج اور مولانا فضل الرحمٰن کے کلپس ہم نہیں دکھا سکتے،منیب فاروقی https://t.co/T3jqvk6x6z",FALSE,0,NA,2019-10-28 18:30:21,FALSE,NA,"1188885730094997517",NA,"<a href=\"http://twitter.com/download/android\" rel=\"nofollow\">Twitter for Android</a>","JUI_Mera_Junoon",1336,TRUE,FALSE,NA,NA
"@mc160402882 @JUI_Mera_Junoon @MoulanaOfficial Zabardast reply yaar 👊 😍",FALSE,1,"mc160402882",2019-10-28 18:29:41,FALSE,"1188877579614347275","1188885562628947968","1090314691119927296","<a href=\"http://twitter.com/download/android\" rel=\"nofollow\">Twitter for Android</a>","TruthAn75400367",0,FALSE,FALSE,NA,NA
"@JUI_Mera_Junoon @TalatHussain12 Hahaha",FALSE,0,"JUI_Mera_Junoon",2019-10-28 18:17:04,FALSE,"1188875462614900736","1188882388417466370","1155853525248827392","<a href=\"http://twitter.com/download/android\" rel=\"nofollow\">Twitter for Android</a>","Rehan79502762",0,FALSE,FALSE,NA,NA
"@HamidMirPAK یااللہ 
مولانا فضل الرحمن صاحب اپنی جان خطرے میں ڈال کر ھماری خاطر جمہوریت اور اداروں کی بالادستی کی ج… https://t.co/vCzNgCdn78",FALSE,0,"HamidMirPAK",2019-10-28 17:59:11,TRUE,"1188877238873264128","1188877887291695112","213539531","<a href=\"http://twitter.com/download/android\" rel=\"nofollow\">Twitter for Android</a>","JUI_Mera_Junoon",0,FALSE,FALSE,NA,NA
"RT @mc160402882: @JUI_Mera_Junoon @MoulanaOfficial کرسی JUI کے پاس ہے نہیں اور ڈیزل بہت۔",FALSE,0,NA,2019-10-28 17:58:12,FALSE,NA,"1188877639085412354",NA,"<a href=\"http://twitter.com/download/android\" rel=\"nofollow\">Twitter for Android</a>","mc160402882",1,TRUE,FALSE,NA,NA
"@JUI_Mera_Junoon @MoulanaOfficial کرسی JUI کے پاس ہے نہیں اور ڈیزل بہت۔",FALSE,1,"JUI_Mera_Junoon",2019-10-28 17:57:57,FALSE,"1188876137583169536","1188877579614347275","1155853525248827392","<a href=\"http://twitter.com/download/android\" rel=\"nofollow\">Twitter for Android</a>","mc160402882",1,FALSE,FALSE,NA,NA
"@MoulanaOfficial لوگوں کے جلسے کی کرسیاں گنی جاتی تھی.

جے یو آئی کی گاڑیاں گنی جارہی رہی ہیں.
سبحان__________اللہ",FALSE,2,"MoulanaOfficial",2019-10-28 17:52:14,FALSE,"1188874462361509889","1188876137583169536","907889245","<a href=\"http://twitter.com/download/android\" rel=\"nofollow\">Twitter for Android</a>","JUI_Mera_Junoon",0,FALSE,FALSE,NA,NA
"@Khani52154502 @JUI_Mera_Junoon @MoulanaOfficial Seat",FALSE,2,"Khani52154502",2019-10-28 17:51:52,FALSE,"1188866780065869826","1188876045136596992","1163842248531951616","<a href=\"http://twitter.com/download/android\" rel=\"nofollow\">Twitter for Android</a>","Muhamma26546821",0,FALSE,FALSE,NA,NA
"RT @MoulanaOfficial: کاروان آزادی مارچ رحیم یار خان پہنچ گیا، فضائی مناظر ۔ ۔ ۔
#عوامی_سمندر_اسلام_آباد_کی_طرف https://t.co/jNI06mBtm2",FALSE,0,NA,2019-10-28 17:51:45,FALSE,NA,"1188876016414003206",NA,"<a href=\"http://twitter.com/download/android\" rel=\"nofollow\">Twitter for Android</a>","JUI_Mera_Junoon",952,TRUE,FALSE,NA,NA
"@TalatHussain12 یااللہ 
مولانا فضل الرحمن صاحب اپنی جان خطرے میں ڈال کر ھماری خاطر جمہوریت اور اداروں کی بالادستی ک… https://t.co/e38qv1B3HT",FALSE,5,"TalatHussain12",2019-10-28 17:49:33,TRUE,"1188874127236632583","1188875462614900736","286042531","<a href=\"http://twitter.com/download/android\" rel=\"nofollow\">Twitter for Android</a>","JUI_Mera_Junoon",0,FALSE,FALSE,NA,NA
"@JUI_Mera_Junoon @MoulanaOfficial I’ll ppl",FALSE,0,"JUI_Mera_Junoon",2019-10-28 17:29:01,FALSE,"1188816956234690562","1188870297862180864","1155853525248827392","<a href=\"http://twitter.com/download/iphone\" rel=\"nofollow\">Twitter for iPhone</a>","OAlizeh",0,FALSE,FALSE,NA,NA
"@JUI_Mera_Junoon @MoulanaOfficial Ap ki khatir assembly ki seat ki khatir 😂😂😂",FALSE,17,"JUI_Mera_Junoon",2019-10-28 17:15:03,FALSE,"1188816956234690562","1188866780065869826","1155853525248827392","<a href=\"http://twitter.com/download/android\" rel=\"nofollow\">Twitter for Android</a>","Khani52154502",0,FALSE,FALSE,NA,NA
"@JUI_Mera_Junoon @TalatHussain12 Zara batana seats kitni hoti hain har election main apki?",FALSE,1,"JUI_Mera_Junoon",2019-10-28 14:54:19,FALSE,"1188823782657576961","1188831365011251205","1155853525248827392","<a href=\"http://twitter.com/download/android\" rel=\"nofollow\">Twitter for Android</a>","zaheer2010059",0,FALSE,FALSE,NA,NA
"@SaleemKhanSafi ہر مسلے کا ایک ہی حل 
بسترہ لے اسلام آباد چل ۔۔",FALSE,12,"SaleemKhanSafi",2019-10-28 14:53:03,FALSE,"1188830711014400001","1188831045069742080","615983648","<a href=\"http://twitter.com/download/android\" rel=\"nofollow\">Twitter for Android</a>","JUI_Mera_Junoon",0,FALSE,FALSE,NA,NA
"لوگوں کے جلسے کی کرسیاں گنی جاتی تھی.

جے یو آئی کی گاڑیاں گنی جارہی رہی ہیں.
سبحان__________اللہ… https://t.co/pzILSvXmCx",FALSE,0,NA,2019-10-28 14:26:15,TRUE,NA,"1188824301924958208",NA,"<a href=\"http://twitter.com/download/android\" rel=\"nofollow\">Twitter for Android</a>","JUI_Mera_Junoon",0,FALSE,FALSE,NA,NA
"@TalatHussain12 لوگوں کے جلسے کی کرسیاں گنی جاتی تھی.

جے یو آئی کی گاڑیاں گنی جارہی رہی ہیں.
سبحان__________اللہ",FALSE,15,"TalatHussain12",2019-10-28 14:24:11,FALSE,"1188823462288199681","1188823782657576961","286042531","<a href=\"http://twitter.com/download/android\" rel=\"nofollow\">Twitter for Android</a>","JUI_Mera_Junoon",2,FALSE,FALSE,NA,NA
"@HamidMirPAK معاہدہ ختم ہوگیا ہے اور ریڈ زون میں داخل بھی ہوگا",FALSE,1,"HamidMirPAK",2019-10-28 14:23:12,FALSE,"1188820799240704000","1188823534182764544","213539531","<a href=\"http://twitter.com/download/android\" rel=\"nofollow\">Twitter for Android</a>","JUI_Mera_Junoon",0,FALSE,FALSE,NA,NA
"@MoulanaOfficial یااللہ 
مولانا فضل الرحمن صاحب اپنی جان خطرے میں ڈال کر ھماری خاطر جمہوریت اور اداروں کی بالادستی… https://t.co/5MngHUbhvy",FALSE,41,"MoulanaOfficial",2019-10-28 13:57:04,TRUE,"1188816265042976769","1188816956234690562","907889245","<a href=\"http://twitter.com/download/android\" rel=\"nofollow\">Twitter for Android</a>","JUI_Mera_Junoon",5,FALSE,FALSE,NA,NA
"RT @MoulanaOfficial: آزادی مارچ کارواں ۔ ۔ ۔
#عوامی_سمندر_اسلام_آباد_کی_طرف https://t.co/MBVLNrqk4T",FALSE,0,NA,2019-10-28 13:56:49,FALSE,NA,"1188816893160972288",NA,"<a href=\"http://twitter.com/download/android\" rel=\"nofollow\">Twitter for Android</a>","JUI_Mera_Junoon",1743,TRUE,FALSE,NA,NA
"RT @BilalAzmat7: گھوٹکی میں مولانا صاحب کا والہانہ استقبال

#GameOverSelected 
#AzadiMarch https://t.co/DvL7nvG9Fe",FALSE,0,NA,2019-10-28 13:52:01,FALSE,NA,"1188815686031855617",NA,"<a href=\"http://twitter.com/download/android\" rel=\"nofollow\">Twitter for Android</a>","JUI_Mera_Junoon",181,TRUE,FALSE,NA,NA
"@RehamKhan1 ابتدائی عشق ہے روتا ہے کیا 
آگے آگے دیکھئے ہوتا ہے کیا 
#عوامی_سمندر_اسلام_آباد_کی_طرف",FALSE,0,"RehamKhan1",2019-10-28 13:51:42,FALSE,"1188814923943550980","1188815607292223490","298959564","<a href=\"http://twitter.com/download/android\" rel=\"nofollow\">Twitter for Android</a>","JUI_Mera_Junoon",1,FALSE,FALSE,NA,NA
"@JUI_Mera_Junoon @TalatHussain12 Bawa rota hai saal say or rota he rahay ga",FALSE,0,"JUI_Mera_Junoon",2019-10-28 13:31:20,FALSE,"1188799340850102272","1188810482620260352","1155853525248827392","<a href=\"http://twitter.com/download/iphone\" rel=\"nofollow\">Twitter for iPhone</a>","kingkhang121",0,FALSE,FALSE,NA,NA
"یااللہ 
مولانا فضل الرحمن صاحب اپنی جان خطرے میں ڈال کر ھماری خاطر جمہوریت اور اداروں کی بالادستی کی جنگ لڑنے نکل پ… https://t.co/OPQWPrzrTX",FALSE,3,NA,2019-10-28 13:27:36,TRUE,NA,"1188809543670738944",NA,"<a href=\"http://twitter.com/download/android\" rel=\"nofollow\">Twitter for Android</a>","JUI_Mera_Junoon",1,FALSE,FALSE,NA,NA
"RT @MoulanaOfficial: #عوامی_سمندر_اسلام_آباد_کی_طرف https://t.co/3nP3mgwclz",FALSE,0,NA,2019-10-28 13:25:23,FALSE,NA,"1188808983362134016",NA,"<a href=\"http://twitter.com/download/android\" rel=\"nofollow\">Twitter for Android</a>","JUI_Mera_Junoon",571,TRUE,FALSE,NA,NA
"@MAWasayOfficial ابتدائی عشق ہے روتا ہے کیا 
آگے آگے دیکھئے ہوتا ہے کیا 
#عوامی_سمندر_اسلام_آباد_کی_طرف",FALSE,2,"MAWasayOfficial",2019-10-28 13:25:02,FALSE,"1188808619980181504","1188808897425035265","1254539972","<a href=\"http://twitter.com/download/android\" rel=\"nofollow\">Twitter for Android</a>","JUI_Mera_Junoon",1,FALSE,FALSE,NA,NA
"@MoulanaOfficial اللہ سلامت رکھے آپ کو",FALSE,1,"MoulanaOfficial",2019-10-28 13:23:59,FALSE,"1188803653764833280","1188808630533083136","907889245","<a href=\"http://twitter.com/download/android\" rel=\"nofollow\">Twitter for Android</a>","JUI_Mera_Junoon",0,FALSE,FALSE,NA,NA
"RT @MoulanaOfficial: آزادی مارچ
#عوامی_سمندر_اسلام_آباد_کی_طرف https://t.co/FxSekRDexD",FALSE,0,NA,2019-10-28 13:23:38,FALSE,NA,"1188808544910483463",NA,"<a href=\"http://twitter.com/download/android\" rel=\"nofollow\">Twitter for Android</a>","JUI_Mera_Junoon",1106,TRUE,FALSE,NA,NA
"RT @ShahidaAkhtrMNA: یااللہ 
مولانا فضل الرحمن صاحب اپنی جان خطرے میں ڈال کر ھماری خاطر جمہوریت اور اداروں کی بالادستی کی جنگ لڑنے نکل پڑے…",FALSE,0,NA,2019-10-28 13:21:08,FALSE,NA,"1188807914963853312",NA,"<a href=\"http://twitter.com/download/android\" rel=\"nofollow\">Twitter for Android</a>","JUI_Mera_Junoon",77,TRUE,FALSE,NA,NA
"RT @TalatHussain12: Levies and JUI workers clash in Barkhan district of Balochistan bordering Punjab’s DG Khan. Reports of aerial firing, s…",FALSE,0,NA,2019-10-28 13:18:06,FALSE,NA,"1188807150182768640",NA,"<a href=\"http://twitter.com/download/android\" rel=\"nofollow\">Twitter for Android</a>","JUI_Mera_Junoon",631,TRUE,FALSE,NA,NA
"@arifhameed15 نکلو آذادی مارچ کے لیے",FALSE,0,"arifhameed15",2019-10-28 13:17:38,FALSE,"1188802200354594817","1188807031836286979","2892686341","<a href=\"http://twitter.com/download/android\" rel=\"nofollow\">Twitter for Android</a>","JUI_Mera_Junoon",0,FALSE,FALSE,NA,NA
"@AnsarAAbbasi ابتدائی عشق ہے روتا ہے کیا 
آگے آگے دیکھئے ہوتا ہے کیا 
#عوامی_سمندر_اسلام_آباد_کی_طرف https://t.co/Gd4VZtYiJZ",FALSE,20,"AnsarAAbbasi",2019-10-28 12:49:42,FALSE,"1188799211502014465","1188800003415912449","2439990679","<a href=\"http://twitter.com/download/android\" rel=\"nofollow\">Twitter for Android</a>","JUI_Mera_Junoon",3,FALSE,FALSE,NA,NA
"@HamidMirPAK ابتدائی عشق ہے روتا ہے کیا 
آگے آگے دیکھئے ہوتا ہے کیا 
#عوامی_سمندر_اسلام_آباد_کی_طرف https://t.co/atZzXWxgws",FALSE,3,"HamidMirPAK",2019-10-28 12:48:03,FALSE,"1188798218756349953","1188799587903066113","213539531","<a href=\"http://twitter.com/download/android\" rel=\"nofollow\">Twitter for Android</a>","JUI_Mera_Junoon",2,FALSE,FALSE,NA,NA
"@TalatHussain12 ابتدائی عشق ہے روتا ہے کیا
آگے آگے دیکھئے ہوتا ہے کیا
#عوامی_سمندر_اسلام_آباد_کی_طرف",FALSE,1,"TalatHussain12",2019-10-28 12:47:04,FALSE,"1188798371844313088","1188799340850102272","286042531","<a href=\"http://twitter.com/download/android\" rel=\"nofollow\">Twitter for Android</a>","JUI_Mera_Junoon",1,FALSE,FALSE,NA,NA
"RT @TalatHussain12: https://t.co/qFzDJHTNc3",FALSE,0,NA,2019-10-28 12:46:09,FALSE,NA,"1188799109307731969",NA,"<a href=\"http://twitter.com/download/android\" rel=\"nofollow\">Twitter for Android</a>","JUI_Mera_Junoon",1041,TRUE,FALSE,NA,NA
"#عوامی_سمندر_اسلام_آباد_کی_طرف",FALSE,0,NA,2019-10-28 12:43:50,FALSE,NA,"1188798525989163010",NA,"<a href=\"http://twitter.com/download/android\" rel=\"nofollow\">Twitter for Android</a>","JUI_Mera_Junoon",1,FALSE,FALSE,NA,NA
"RT @MoulanaOfficial: اس وقت ملک کی بقا خطرے میں ہے ملکی معیشت ڈوب رہی ہے
ہم ملکی سلامتی ، جمہوریت اور آئین کی حفاظت کیلئے نکل چکے
پاکستان ک…",FALSE,0,NA,2019-10-28 12:40:43,FALSE,NA,"1188797744552521728",NA,"<a href=\"http://twitter.com/download/android\" rel=\"nofollow\">Twitter for Android</a>","JUI_Mera_Junoon",727,TRUE,FALSE,NA,NA
"RT @HamidMirPAK: اقتدار کے ایوان اسلام آباد کے ریڈ زون میں ہیں اگر آپ ان ایوانوں میں داخل ہونے کا اعلان کر رہے ہیں تو اسکا مطلب ہے کہ اسلام…",FALSE,0,NA,2019-10-28 12:40:27,FALSE,NA,"1188797674469896192",NA,"<a href=\"http://twitter.com/download/android\" rel=\"nofollow\">Twitter for Android</a>","JUI_Mera_Junoon",508,TRUE,FALSE,NA,NA
"@TalatHussain12 ابھی تو ابتدا ہے",FALSE,0,"TalatHussain12",2019-10-28 12:39:50,FALSE,"1188741728645341184","1188797519301615616","286042531","<a href=\"http://twitter.com/download/android\" rel=\"nofollow\">Twitter for Android</a>","JUI_Mera_Junoon",0,FALSE,FALSE,NA,NA
"RT @TalatHussain12: https://t.co/iU1vL9FNar",FALSE,0,NA,2019-10-28 12:39:20,FALSE,NA,"1188797393527029762",NA,"<a href=\"http://twitter.com/download/android\" rel=\"nofollow\">Twitter for Android</a>","JUI_Mera_Junoon",2369,TRUE,FALSE,NA,NA
"RT @RehamKhan1: آزادی مارچ سکھر کے مناظر دیکھ کر لگ رہا ہے کہ سلیکٹڈ کے ساتھ سلیکٹر بھی فارغ ہونے والے ہیں https://t.co/o0UmPPgJ7P",FALSE,0,NA,2019-10-28 12:38:48,FALSE,NA,"1188797262811545603",NA,"<a href=\"http://twitter.com/download/android\" rel=\"nofollow\">Twitter for Android</a>","JUI_Mera_Junoon",1441,TRUE,FALSE,NA,NA
"RT @MoulanaOfficial: انسانوں کا سیلاب اسلام آباد کا رخ کرچکا اور ایک بڑے طوفان کی صورت میں اسلام آباد میں داخل ہوگا انشاءاللہ 
#عوامی_سمندر…",FALSE,0,NA,2019-10-28 12:37:31,FALSE,NA,"1188796937216155648",NA,"<a href=\"http://twitter.com/download/android\" rel=\"nofollow\">Twitter for Android</a>","JUI_Mera_Junoon",1965,TRUE,FALSE,NA,NA
"RT @RehamKhan1: #WeStandWithHafizHamdullah I always thought Hafiz Sb was a guest with an impressive understanding of geopolitics &amp; foresigh…",FALSE,0,NA,2019-10-28 08:11:02,FALSE,NA,"1188729876989300736",NA,"<a href=\"http://twitter.com/download/android\" rel=\"nofollow\">Twitter for Android</a>","JUI_Mera_Junoon",402,TRUE,FALSE,NA,NA
"RT @HafizHamdullah_: جب میرے خلاف کرپشن کا کیس نہیں ملا
منی لانڈرنگ کا کیس نہیں ملا
آمدن سے زیادہ اثاثے نہیں ملے
تو تمام ثبوتوں کے ہوتے ہوئ…",FALSE,0,NA,2019-10-28 08:09:37,FALSE,NA,"1188729520934793216",NA,"<a href=\"http://twitter.com/download/android\" rel=\"nofollow\">Twitter for Android</a>","JUI_Mera_Junoon",2198,TRUE,FALSE,NA,NA
"@SaleemKhanSafi لوگ حیران ہیں کہ PM کی کرسی پر ایک ناچنے والی کیسے بیٹھ گئی🤔
تو عرض ہے
جو اس کرسی پر روز بیٹتا ہے 
وہ کونسا جنید بغدادی ہے😉",FALSE,11,"SaleemKhanSafi",2019-10-28 08:09:20,FALSE,"1188725580440715264","1188729445722578945","615983648","<a href=\"http://twitter.com/download/android\" rel=\"nofollow\">Twitter for Android</a>","JUI_Mera_Junoon",0,FALSE,FALSE,NA,NA
"@HamidMirPAK مزہ آیا 
یہی لوگ چیخ چیخ کر نیازی کی کمپین کر رہے تھے ان کے ساتھ یہی ہونا چاہیے تھا",FALSE,0,"HamidMirPAK",2019-10-28 08:08:21,FALSE,"1188726121732415488","1188729200892633089","213539531","<a href=\"http://twitter.com/download/android\" rel=\"nofollow\">Twitter for Android</a>","JUI_Mera_Junoon",0,FALSE,FALSE,NA,NA
"RT @JUIAnswersBack: کاروان آزادی مارچ سکھر 
#AzadiMarch
#عوامی_سمندر_اسلام_آباد_کی_طرف https://t.co/u5ZKbdSFeX",FALSE,0,NA,2019-10-28 08:06:29,FALSE,NA,"1188728729721360384",NA,"<a href=\"http://twitter.com/download/android\" rel=\"nofollow\">Twitter for Android</a>","JUI_Mera_Junoon",94,TRUE,FALSE,NA,NA
"RT @SaleemKhanSafi: 70 کی دھائی میں سرکاری سکول کے ٹیچر کی حیثیت میں ریٹائرمنٹ لینے والے قاری ولی محمد کے بیٹے اور سیکنڈ لیفٹیننٹ شبیر احمد…",FALSE,0,NA,2019-10-28 08:04:26,FALSE,NA,"1188728212894998528",NA,"<a href=\"http://twitter.com/download/android\" rel=\"nofollow\">Twitter for Android</a>","JUI_Mera_Junoon",5169,TRUE,FALSE,NA,NA
"@JUI_Mera_Junoon @SaleemKhanSafi Jui teri phen di siri
She was in wazarate kharja..... not in pm house",FALSE,0,"JUI_Mera_Junoon",2019-10-26 18:26:20,FALSE,"1187625182158098432","1188159946539589632","1155853525248827392","<a href=\"http://twitter.com/download/android\" rel=\"nofollow\">Twitter for Android</a>","pakijawan",0,FALSE,FALSE,NA,NA
"@JUI_Mera_Junoon @IrshadBhatti336 شرم آنی چاہیے آپ کو ایسے بات کرتے ہوئے کسی کے ظرف کا یا اوقات کا پتا اس کے بولنے… https://t.co/ND6CzeKbng",FALSE,0,"JUI_Mera_Junoon",2019-10-26 15:45:30,TRUE,"1187779387799822336","1188119468611952642","1155853525248827392","<a href=\"http://twitter.com/download/android\" rel=\"nofollow\">Twitter for Android</a>","Shahbaz88864943",0,FALSE,FALSE,NA,NA
"@YouTwittter @RajaIrs76790765 @JUI_Mera_Junoon @arifhameed15 Ur language amply speaks of your parents.",FALSE,0,"YouTwittter",2019-10-26 10:43:58,FALSE,"1188025261155110912","1188043586023182337","450586962","<a href=\"http://twitter.com/download/android\" rel=\"nofollow\">Twitter for Android</a>","maseed_zahir",0,FALSE,FALSE,NA,NA
"@maseed_zahir @RajaIrs76790765 @JUI_Mera_Junoon @arifhameed15 Oi lalloo molvi don’t link Fatima Jinnah to this chutya diesel",FALSE,1,"maseed_zahir",2019-10-26 09:31:09,FALSE,"1188000746702331904","1188025261155110912","1184022394953969667","<a href=\"http://twitter.com/download/iphone\" rel=\"nofollow\">Twitter for iPhone</a>","YouTwittter",0,FALSE,FALSE,NA,NA
"@maseed_zahir @RajaIrs76790765 @JUI_Mera_Junoon @arifhameed15 https://t.co/ZOTACmZXDX",FALSE,1,"maseed_zahir",2019-10-26 09:30:30,FALSE,"1188000746702331904","1188025097661173760","1184022394953969667","<a href=\"http://twitter.com/download/iphone\" rel=\"nofollow\">Twitter for iPhone</a>","YouTwittter",0,FALSE,FALSE,NA,NA
"@RajaIrs76790765 @JUI_Mera_Junoon @arifhameed15 This is not something new... u forgot Fatima Jinnah? 
And others wh… https://t.co/3N3auiQWFz",FALSE,0,"RajaIrs76790765",2019-10-26 07:53:44,TRUE,"1187973667000606720","1188000746702331904","1166063285092925440","<a href=\"http://twitter.com/download/android\" rel=\"nofollow\">Twitter for Android</a>","maseed_zahir",0,FALSE,FALSE,NA,NA
"@GulBukhari نوازشریف کےجیل جانے کا کریڈیٹ خان اور ساہیوال کےملزمان کی رہائی کا ملبہ عدالت پر گرانے والو!!
تمہاری من… https://t.co/2bB3YLRsRN",FALSE,0,"GulBukhari",2019-10-26 07:17:55,TRUE,"1187988406317531136","1187991732761305093","242179803","<a href=\"http://twitter.com/download/android\" rel=\"nofollow\">Twitter for Android</a>","JUI_Mera_Junoon",0,FALSE,FALSE,NA,NA
"نوازشریف کےجیل جانے کا کریڈیٹ خان اور ساہیوال کےملزمان کی رہائی کا ملبہ عدالت پر گرانے والو!!
تمہاری منافقت کو 21توپوں کی سلامی",FALSE,1,NA,2019-10-26 07:09:29,FALSE,NA,"1187989609466257409",NA,"<a href=\"http://twitter.com/download/android\" rel=\"nofollow\">Twitter for Android</a>","JUI_Mera_Junoon",0,FALSE,FALSE,NA,NA
"@JUI_Mera_Junoon @arifhameed15 مولانا ۰۰۰۰ان سب کی لگامیں ہی کھینچنے آ رہا ہے ۰پھر نہ رہے گا بانس نہ بجے گی بانسری",FALSE,1,"JUI_Mera_Junoon",2019-10-26 06:56:31,FALSE,"1187801555791241216","1187986345572126723","1155853525248827392","<a href=\"http://twitter.com/download/iphone\" rel=\"nofollow\">Twitter for iPhone</a>","BilqeesNajmi",0,FALSE,FALSE,NA,NA
"@JUI_Mera_Junoon @IrshadBhatti336 السلام علیکم. جس شخص کے پیروکار ایسے ہوں، اس کو دین سے کتنا لینا دینا ہے، یہ جانن… https://t.co/WI89ewBlxN",FALSE,0,"JUI_Mera_Junoon",2019-10-26 06:10:20,TRUE,"1187779387799822336","1187974723197718528","1155853525248827392","<a href=\"http://twitter.com/download/android\" rel=\"nofollow\">Twitter for Android</a>","Sameel82609347",0,FALSE,FALSE,NA,NA
"@JUI_Mera_Junoon @arifhameed15 https://t.co/n7CDDWYvzR",FALSE,1,"JUI_Mera_Junoon",2019-10-26 06:06:08,FALSE,"1187801555791241216","1187973667000606720","1155853525248827392","<a href=\"http://twitter.com/download/android\" rel=\"nofollow\">Twitter for Android</a>","RajaIrs76790765",0,FALSE,FALSE,NA,NA
"@ajmaljami ایوارڈ مہوش حیات کیلئے،پگڑی مس مردان کیلئے اور وزیراعظم کی کرسی حریم شاہ کیلئے۔۔۔لیکن اسلام کو مولانا فضل الرحمان نے بدنام کیا۔🤔",FALSE,0,"ajmaljami",2019-10-26 05:07:51,FALSE,"1187958761798950912","1187958998366117888","233557996","<a href=\"http://twitter.com/download/android\" rel=\"nofollow\">Twitter for Android</a>","JUI_Mera_Junoon",0,FALSE,FALSE,NA,NA
"@JUI_Mera_Junoon @_Mansoor_Ali Sharam in ko magar aati nh k ya karen",FALSE,0,"JUI_Mera_Junoon",2019-10-26 04:44:01,FALSE,"1187646235420889088","1187953003661316097","1155853525248827392","<a href=\"http://twitter.com/download/android\" rel=\"nofollow\">Twitter for Android</a>","memon968",0,FALSE,FALSE,NA,NA
"@JUI_Mera_Junoon @IrshadBhatti336 چھتروں کی کمی ہے اس بھائی کو۔",FALSE,0,"JUI_Mera_Junoon",2019-10-26 02:45:44,FALSE,"1187779387799822336","1187923234118868992","1155853525248827392","<a href=\"http://twitter.com/download/android\" rel=\"nofollow\">Twitter for Android</a>","ali271322",0,FALSE,FALSE,NA,NA
"@yasirwaqar10 @JUI_Mera_Junoon @RehamKhan1 Kaat do koi faida nhi L ka jab mard hi nhi rahe ho",FALSE,0,"yasirwaqar10",2019-10-25 23:15:47,FALSE,"1187809071589711872","1187870398559539201","1006628534515879936","<a href=\"http://twitter.com/download/android\" rel=\"nofollow\">Twitter for Android</a>","Zayn1D02809189",0,FALSE,FALSE,NA,NA
"@JUI_Mera_Junoon @IrshadBhatti336 Astghfaar .. ALLAH SWT hidayt de",FALSE,0,"JUI_Mera_Junoon",2019-10-25 20:25:48,FALSE,"1187779387799822336","1187827623184998400","1155853525248827392","<a href=\"http://twitter.com/download/android\" rel=\"nofollow\">Twitter for Android</a>","nishamir",0,FALSE,FALSE,NA,NA
"@JUI_Mera_Junoon @RehamKhan1 Molvi diesel my L",FALSE,0,"JUI_Mera_Junoon",2019-10-25 19:12:05,FALSE,"1187777021524488192","1187809071589711872","1155853525248827392","<a href=\"http://twitter.com/download/iphone\" rel=\"nofollow\">Twitter for iPhone</a>","yasirwaqar10",0,FALSE,FALSE,NA,NA
"@JUI_Mera_Junoon @IrshadBhatti336 شق نمبر 6 کا شکار لگتے ہو زیبرے۔  جتنی مرواوگے اتنا دھرنا کامیاب ہوگا۔",FALSE,2,"JUI_Mera_Junoon",2019-10-25 18:55:02,FALSE,"1187779387799822336","1187804779885584385","1155853525248827392","<a href=\"http://twitter.com/download/android\" rel=\"nofollow\">Twitter for Android</a>","ZiaKhan00915650",0,FALSE,FALSE,NA,NA
"@IbrahimMaan5 @JUI_Mera_Junoon @IrshadBhatti336 سوچمے کے لئیے کسی چیز کی ضرورت ہقتی ہے اور صاحب کا تعلق مولنا  سے ہے 😂😂",FALSE,2,"IbrahimMaan5",2019-10-25 18:50:11,FALSE,"1187790498364305411","1187803559582228480","1064008300226899968","<a href=\"http://twitter.com/download/android\" rel=\"nofollow\">Twitter for Android</a>","ahmedizhar4",0,FALSE,FALSE,NA,NA
"@arifhameed15 ایوارڈ مہوش حیات کیلئے،پگڑی مس مردان کیلئے اور وزیراعظم کی کرسی حریم شاہ کیلئے۔۔۔لیکن اسلام کو مولانا… https://t.co/zZrlcbAA5H",FALSE,33,"arifhameed15",2019-10-25 18:42:13,TRUE,"1187800091903610880","1187801555791241216","2892686341","<a href=\"http://twitter.com/download/android\" rel=\"nofollow\">Twitter for Android</a>","JUI_Mera_Junoon",1,FALSE,FALSE,NA,NA
"@IbrahimMaan5 @IrshadBhatti336 کیوں",FALSE,0,"IbrahimMaan5",2019-10-25 18:07:41,FALSE,"1187790498364305411","1187792863947644933","1064008300226899968","<a href=\"http://twitter.com/download/android\" rel=\"nofollow\">Twitter for Android</a>","JUI_Mera_Junoon",0,FALSE,FALSE,NA,NA
"@JUI_Mera_Junoon @IrshadBhatti336 استغفار کا مقام ہے بھائی بات کرنے سے پہلے سوچ لیا کرو",FALSE,3,"JUI_Mera_Junoon",2019-10-25 17:58:17,FALSE,"1187779387799822336","1187790498364305411","1155853525248827392","<a href=\"http://twitter.com/download/android\" rel=\"nofollow\">Twitter for Android</a>","IbrahimMaan5",0,FALSE,FALSE,NA,NA
"@JUI_Mera_Junoon @HamidMirPAK Hhahaha",FALSE,0,"JUI_Mera_Junoon",2019-10-25 17:54:33,FALSE,"1187784695012089857","1187789559083470848","1155853525248827392","<a href=\"http://twitter.com/download/iphone\" rel=\"nofollow\">Twitter for iPhone</a>","khan_gopang",0,FALSE,FALSE,NA,NA
"@JUI_Mera_Junoon @AajKamranKhan https://t.co/7bpGKPrFrG",FALSE,0,"JUI_Mera_Junoon",2019-10-25 17:48:17,FALSE,"1187782255260950530","1187787981169594369","1155853525248827392","<a href=\"http://twitter.com/download/android\" rel=\"nofollow\">Twitter for Android</a>","Khan81152644",0,FALSE,FALSE,NA,NA
"@JUI_Mera_Junoon @AajKamranKhan سو کتی کے.بچے ایک. تیرے جیسا اور تیرے لیڈر جیسا. کتا پیدا. ہوا
یہ کرائیے کا. ملا ل.… https://t.co/2CNFXJU5JY",FALSE,0,"JUI_Mera_Junoon",2019-10-25 17:44:29,TRUE,"1187782255260950530","1187787025421950976","1155853525248827392","<a href=\"http://twitter.com/download/android\" rel=\"nofollow\">Twitter for Android</a>","sheikhyousuf97",0,FALSE,FALSE,NA,NA
"@JUI_Mera_Junoon @HamidMirPAK Are you on our side or Indian side?",FALSE,0,"JUI_Mera_Junoon",2019-10-25 17:41:28,FALSE,"1187776598969323520","1187786266135482369","1155853525248827392","<a href=\"http://twitter.com/download/android\" rel=\"nofollow\">Twitter for Android</a>","samirza77",0,FALSE,FALSE,NA,NA
"@JUI_Mera_Junoon @AajKamranKhan تیرے میں میرا لوڑا",FALSE,0,"JUI_Mera_Junoon",2019-10-25 17:39:45,FALSE,"1187782255260950530","1187785833845350400","1155853525248827392","<a href=\"http://twitter.com/download/iphone\" rel=\"nofollow\">Twitter for iPhone</a>","malikSabGe",0,FALSE,FALSE,NA,NA
"@JUI_Mera_Junoon @AajKamranKhan Astagfar",FALSE,0,"JUI_Mera_Junoon",2019-10-25 17:34:29,FALSE,"1187782255260950530","1187784507430232065","1155853525248827392","<a href=\"http://twitter.com/download/iphone\" rel=\"nofollow\">Twitter for iPhone</a>","SomiRana142",0,FALSE,FALSE,NA,NA
"@JUI_Mera_Junoon @AajKamranKhan استغفراللہ! اللہ ہدایت دے",FALSE,3,"JUI_Mera_Junoon",2019-10-25 17:31:59,FALSE,"1187782255260950530","1187783877915561989","1155853525248827392","<a href=\"https://mobile.twitter.com\" rel=\"nofollow\">Twitter Web App</a>","sadi_malik14",0,FALSE,FALSE,NA,NA
"@JUI_Mera_Junoon @SaleemKhanSafi 😂😂😂",FALSE,0,"JUI_Mera_Junoon",2019-10-25 17:26:10,FALSE,"1187625182158098432","1187782413679771651","1155853525248827392","<a href=\"http://twitter.com/download/android\" rel=\"nofollow\">Twitter for Android</a>","JahangirAbdali1",0,FALSE,FALSE,NA,NA
"@sadaqatkhan_95 @HilalDanish3 پنکی پیرنی کا حکومت کو فضل الرحمان کے دھرنے سے بچنے کا وظیفہ روزانہ ہزار بار
یا باجوا،، یا غفورا",FALSE,2,"sadaqatkhan_95",2019-10-25 17:22:49,FALSE,"1187776920336977921","1187781571459387395","819403152462151680","<a href=\"http://twitter.com/download/android\" rel=\"nofollow\">Twitter for Android</a>","JUI_Mera_Junoon",0,FALSE,FALSE,NA,NA
"@IrshadBhatti336 پنکی پیرنی کا حکومت کو فضل الرحمان کے دھرنے سے بچنے کا وظیفہ روزانہ ہزار بار
یا باجوا،، یا غفورا",FALSE,4,"IrshadBhatti336",2019-10-25 17:14:08,FALSE,"1187778398434856961","1187779387799822336","723309166782255104","<a href=\"http://twitter.com/download/android\" rel=\"nofollow\">Twitter for Android</a>","JUI_Mera_Junoon",0,FALSE,FALSE,NA,NA
"@RehamKhan1 ہم حسین کا مؤقف لیے ہوے ہیں اور یزید کے مؤقف کو تسلیم کرنے سے گریزاں ہیں،
فخر پاکستان 
مولانا فضل الرحمن",FALSE,1,"RehamKhan1",2019-10-25 17:04:44,FALSE,"1187775051610886144","1187777021524488192","298959564","<a href=\"http://twitter.com/download/android\" rel=\"nofollow\">Twitter for Android</a>","JUI_Mera_Junoon",0,FALSE,FALSE,NA,NA
"@RehamKhan1 چیئرمین نیب کا 
حریم شاہ  کو فون 
نیب دفتر کے دورے کی دعوت 💋💋",FALSE,2,"RehamKhan1",2019-10-25 17:04:20,FALSE,"1187775051610886144","1187776921859448832","298959564","<a href=\"http://twitter.com/download/android\" rel=\"nofollow\">Twitter for Android</a>","JUI_Mera_Junoon",0,FALSE,FALSE,NA,NA
"@HamidMirPAK یہاں کی صورت حال بھی اس سے ملتی جلتی ہے",FALSE,5,"HamidMirPAK",2019-10-25 17:03:03,FALSE,"1187774130306854912","1187776598969323520","213539531","<a href=\"http://twitter.com/download/android\" rel=\"nofollow\">Twitter for Android</a>","JUI_Mera_Junoon",0,FALSE,FALSE,NA,NA
"ہم حسین کا مؤقف لیے ہوے ہیں اور یزید کے مؤقف کو تسلیم کرنے سے گریزاں ہیں،
فخر پاکستان 
مولانا فضل الرحمن
#بھاگ_نیازی_مولاناآرہاہے",FALSE,1,NA,2019-10-25 16:38:53,FALSE,NA,"1187770515089436673",NA,"<a href=\"http://twitter.com/download/android\" rel=\"nofollow\">Twitter for Android</a>","JUI_Mera_Junoon",1,FALSE,FALSE,NA,NA
"@IrshadBhatti336 بوٹ کی مرضی جو چاہتے ہیں کرتا ہے",FALSE,1,"IrshadBhatti336",2019-10-25 16:33:19,FALSE,"1187740307619811328","1187769114565197824","723309166782255104","<a href=\"http://twitter.com/download/android\" rel=\"nofollow\">Twitter for Android</a>","JUI_Mera_Junoon",0,FALSE,FALSE,NA,NA
"@TruthAn75400367 @JUI_Mera_Junoon @MoulanaOfficial انشا ان شاء اللہ",FALSE,0,"TruthAn75400367",2019-10-25 16:12:32,FALSE,"1187467103336615936","1187763885933301760","1175513028739121152","<a href=\"http://twitter.com/download/android\" rel=\"nofollow\">Twitter for Android</a>","HilalKh52168630",0,FALSE,FALSE,NA,NA
"@JUI_Mera_Junoon @save_ummat یار یہ محترمہ رقص سے علاج بتایا کریں گی نیا پاکستان نئے طریقے",FALSE,1,"JUI_Mera_Junoon",2019-10-25 12:35:13,FALSE,"1187698660970242049","1187709196663513089","1155853525248827392","<a href=\"http://twitter.com/download/android\" rel=\"nofollow\">Twitter for Android</a>","Sajidma79933507",0,FALSE,FALSE,NA,NA
"#قانون_ساز_طوائف
ملکہ پکھراج کی نواسی معروف رقاصہ روشانہ ظفر کو ممبر PMDC کونسل تعینات کر دیا گیا۔ وہ ادارہ جہاں پو… https://t.co/z87mmOkoQA",FALSE,2,NA,2019-10-25 11:53:21,TRUE,NA,"1187698660970242049",NA,"<a href=\"http://twitter.com/download/android\" rel=\"nofollow\">Twitter for Android</a>","JUI_Mera_Junoon",1,FALSE,FALSE,NA,NA
"@IrshadBhatti336 اور NRO مل گیا
😙😊😊😉",FALSE,3,"IrshadBhatti336",2019-10-25 11:14:37,FALSE,"1187688385290407941","1187688911289700352","723309166782255104","<a href=\"http://twitter.com/download/android\" rel=\"nofollow\">Twitter for Android</a>","JUI_Mera_Junoon",1,FALSE,FALSE,NA,NA
"@IrshadBhatti336 جان اللہ کو دینی ہےNRO
مل گیا",FALSE,2,"IrshadBhatti336",2019-10-25 11:13:34,FALSE,"1187688385290407941","1187688646612344832","723309166782255104","<a href=\"http://twitter.com/download/android\" rel=\"nofollow\">Twitter for Android</a>","JUI_Mera_Junoon",0,FALSE,FALSE,NA,NA
"جان اللہ کو دینی ہے
NRO
مل گیا",FALSE,0,NA,2019-10-25 11:12:52,FALSE,NA,"1187688473358192640",NA,"<a href=\"http://twitter.com/download/android\" rel=\"nofollow\">Twitter for Android</a>","JUI_Mera_Junoon",0,FALSE,FALSE,NA,NA
"@HamidMirPAK چیئرمین نیب کا 
حریم شاہ  کو فون 
نیب دفتر کے دورے کی دعوت 💋💋",FALSE,1,"HamidMirPAK",2019-10-25 11:12:11,FALSE,"1187685879063744512","1187688301651730434","213539531","<a href=\"http://twitter.com/download/android\" rel=\"nofollow\">Twitter for Android</a>","JUI_Mera_Junoon",0,FALSE,FALSE,NA,NA
"@HamidMirPAK اور NRO مل گیا
😙😊😊😉",FALSE,1,"HamidMirPAK",2019-10-25 11:11:59,FALSE,"1187685879063744512","1187688248115712002","213539531","<a href=\"http://twitter.com/download/android\" rel=\"nofollow\">Twitter for Android</a>","JUI_Mera_Junoon",0,FALSE,FALSE,NA,NA
"@asmashirazi اور NRO مل گیا
😙😊😊😉",FALSE,1,"asmashirazi",2019-10-25 11:11:49,FALSE,"1187679950935089153","1187688209276424193","256556724","<a href=\"http://twitter.com/download/android\" rel=\"nofollow\">Twitter for Android</a>","JUI_Mera_Junoon",0,FALSE,FALSE,NA,NA
"@_Mansoor_Ali اور NRO مل گیا
😙😊😊😉",FALSE,0,"_Mansoor_Ali",2019-10-25 11:11:42,FALSE,"1187679920283160579","1187688178091778050","62710586","<a href=\"http://twitter.com/download/android\" rel=\"nofollow\">Twitter for Android</a>","JUI_Mera_Junoon",0,FALSE,FALSE,NA,NA
"@SaleemKhanSafi چیئرمین نیب کا 
حریم شاہ  کو فون 
نیب دفتر کے دورے کی دعوت 💋💋",FALSE,1,"SaleemKhanSafi",2019-10-25 11:11:34,FALSE,"1187677873177538563","1187688143866253312","615983648","<a href=\"http://twitter.com/download/android\" rel=\"nofollow\">Twitter for Android</a>","JUI_Mera_Junoon",0,FALSE,FALSE,NA,NA
"اور NRO مل گیا
😙😊😊😉",FALSE,0,NA,2019-10-25 11:10:59,FALSE,NA,"1187687999506735104",NA,"<a href=\"http://twitter.com/download/android\" rel=\"nofollow\">Twitter for Android</a>","JUI_Mera_Junoon",0,FALSE,FALSE,NA,NA
"@Xadeejournalist @MaryamNSharif چیئرمین نیب کا 
حریم شاہ  کو فون 
نیب دفتر کے دورے کی دعوت 💋💋",FALSE,2,"Xadeejournalist",2019-10-25 09:13:39,FALSE,"1187657810319990784","1187658471103193089","286613468","<a href=\"http://twitter.com/download/android\" rel=\"nofollow\">Twitter for Android</a>","JUI_Mera_Junoon",0,FALSE,FALSE,NA,NA
"@RehamKhan1 چیئرمین نیب کا 
حریم شاہ  کو فون 
نیب دفتر کے دورے کی دعوت 💋💋",FALSE,2,"RehamKhan1",2019-10-25 09:03:15,FALSE,"1187650156977635329","1187655852515364864","298959564","<a href=\"http://twitter.com/download/android\" rel=\"nofollow\">Twitter for Android</a>","JUI_Mera_Junoon",0,FALSE,FALSE,NA,NA
"@asmashirazi چیئرمین نیب کا 
حریم شاہ  کو فون 
نیب دفتر کے دورے کی دعوت 💋💋",FALSE,5,"asmashirazi",2019-10-25 09:02:41,FALSE,"1187650400347930624","1187655708910800896","256556724","<a href=\"http://twitter.com/download/android\" rel=\"nofollow\">Twitter for Android</a>","JUI_Mera_Junoon",1,FALSE,FALSE,NA,NA
"@_Mansoor_Ali ایوارڈ مہوش حیات کیلئے،پگڑی مس مردان کیلئے اور وزیراعظم کی کرسی حریم شاہ کیلئے۔۔۔لیکن اسلام کو مولانا… https://t.co/VzSW6DRaiB",FALSE,13,"_Mansoor_Ali",2019-10-25 08:25:02,TRUE,"1187640456965955584","1187646235420889088","62710586","<a href=\"http://twitter.com/download/android\" rel=\"nofollow\">Twitter for Android</a>","JUI_Mera_Junoon",3,FALSE,FALSE,NA,NA
"RT @AnsarAAbbasi: “We will make them example”. #Sahiwal https://t.co/JO7eqqhcvI",FALSE,0,NA,2019-10-25 07:03:49,FALSE,NA,"1187625794576748544",NA,"<a href=\"http://twitter.com/download/android\" rel=\"nofollow\">Twitter for Android</a>","JUI_Mera_Junoon",2198,TRUE,FALSE,NA,NA
"@SaleemKhanSafi پریشان ھونے کی ضرورت نہیں پاکستان کی دفاع مہوش حیات اور حریم شاہ کی مضبوط ھاتھوں میں ھے۔",FALSE,1,"SaleemKhanSafi",2019-10-25 07:02:42,FALSE,"1187611888277954560","1187625515353546753","615983648","<a href=\"http://twitter.com/download/android\" rel=\"nofollow\">Twitter for Android</a>","JUI_Mera_Junoon",0,FALSE,FALSE,NA,NA
"ایک طرف حالات خراب دوسری طرف کرتارپور کا افتتاح یہ دھوکے کسی اور کو دیں https://t.co/dGCAUbxKc4",FALSE,1,NA,2019-10-25 07:02:29,FALSE,NA,"1187625459288367104",NA,"<a href=\"http://twitter.com/download/android\" rel=\"nofollow\">Twitter for Android</a>","JUI_Mera_Junoon",0,FALSE,FALSE,NA,NA
"@SaleemKhanSafi لوگ حیران ہیں کہ PM کی کرسی پر ایک ناچنے والی کیسے بیٹھ گئی🤔
تو عرض ہے
جو اس کرسی پر روز بیٹتا ہے 
وہ کونسا جنید بغدادی ہے😉",FALSE,6,"SaleemKhanSafi",2019-10-25 07:01:23,FALSE,"1187611888277954560","1187625182158098432","615983648","<a href=\"http://twitter.com/download/android\" rel=\"nofollow\">Twitter for Android</a>","JUI_Mera_Junoon",1,FALSE,FALSE,NA,NA
"@fawadchaudhry 14 ماہ سے کنجر کرسی پر بیٹھا ہوا ہے اگر کنجری بیٹھ گئی ھے تو واویلہ کیوں 👈 #حریم_شاہ",FALSE,0,"fawadchaudhry",2019-10-25 06:59:55,FALSE,"1187614258877665281","1187624815991103490","113286385","<a href=\"http://twitter.com/download/android\" rel=\"nofollow\">Twitter for Android</a>","JUI_Mera_Junoon",0,FALSE,FALSE,NA,NA
"@fawadchaudhry ایوارڈ مہوش حیات کیلئے،پگڑی مس مردان کیلئے اور وزیراعظم کی کرسی حریم شاہ کیلئے۔۔۔لیکن اسلام کو مولان… https://t.co/otJmJaW1zj",FALSE,1,"fawadchaudhry",2019-10-25 06:59:38,TRUE,"1187614258877665281","1187624743966597120","113286385","<a href=\"http://twitter.com/download/android\" rel=\"nofollow\">Twitter for Android</a>","JUI_Mera_Junoon",1,FALSE,FALSE,NA,NA
"@Matiullahjan919 @YouTube اگر مان گئے تو سمجھو ہار گئے",FALSE,0,"Matiullahjan919",2019-10-25 06:08:56,FALSE,"1187611679305195520","1187611982603739136","137954574","<a href=\"http://twitter.com/download/android\" rel=\"nofollow\">Twitter for Android</a>","JUI_Mera_Junoon",0,FALSE,FALSE,NA,NA
"@SEAsia17 @JUI_Mera_Junoon @TalatHussain12 agar ap apny aap ko aik aam admi ban kr  sochin tu phir aap  ki raay kuc… https://t.co/13P0lC2kE7",FALSE,0,"SEAsia17",2019-10-25 06:03:27,TRUE,"1187607385025761282","1187610602430255104","1152833962433228800","<a href=\"https://mobile.twitter.com\" rel=\"nofollow\">Twitter Web App</a>","HabibUr76773766",0,FALSE,FALSE,NA,NA
"@SEAsia17 @JUI_Mera_Junoon @TalatHussain12 ma ap ki raay ka ehtraam krta hon, lekn zameeni haqaiq ap ki raay se opp… https://t.co/aByvdgmrec",FALSE,0,"SEAsia17",2019-10-25 05:58:04,TRUE,"1187607385025761282","1187609250685693952","1152833962433228800","<a href=\"https://mobile.twitter.com\" rel=\"nofollow\">Twitter Web App</a>","HabibUr76773766",0,FALSE,FALSE,NA,NA
"@HabibUr76773766 @JUI_Mera_Junoon @TalatHussain12 آپ کی راۓ ، سوچ اور سمجھ مجھ سے بہتر ھو سکتی ھے لیکن میں پچھلے 48… https://t.co/X4nIJy3au9",FALSE,0,"HabibUr76773766",2019-10-25 05:50:39,TRUE,"1187598007224680448","1187607385025761282","1170375750341550080","<a href=\"https://mobile.twitter.com\" rel=\"nofollow\">Twitter Web App</a>","SEAsia17",0,FALSE,FALSE,NA,NA
"@SEAsia17 @JUI_Mera_Junoon @TalatHussain12 moulana fazal ur Rehman aik sachy muslaman hein, aur wo aik zalim hakuma… https://t.co/n3gJdaEHR4",FALSE,2,"SEAsia17",2019-10-25 05:13:24,TRUE,"1187438029184602112","1187598007224680448","1152833962433228800","<a href=\"https://mobile.twitter.com\" rel=\"nofollow\">Twitter Web App</a>","HabibUr76773766",0,FALSE,FALSE,NA,NA
"@GulBukhari مولانا عبد الواسع صاحب کیساتھ مدارس کے چھوٹے چھوٹے بچے ۔۔ https://t.co/bK3NiTa5hO",FALSE,0,"GulBukhari",2019-10-25 02:33:23,FALSE,"1187432824929959937","1187557737615388673","242179803","<a href=\"http://twitter.com/download/android\" rel=\"nofollow\">Twitter for Android</a>","JUI_Mera_Junoon",0,FALSE,FALSE,NA,NA
"@JUI_Mera_Junoon @MoulanaOfficial Aaj hi qurban ho Jain...",FALSE,3,"JUI_Mera_Junoon",2019-10-24 20:33:14,FALSE,"1187414735068848128","1187467103336615936","1155853525248827392","<a href=\"http://twitter.com/download/android\" rel=\"nofollow\">Twitter for Android</a>","TruthAn75400367",0,FALSE,FALSE,NA,NA
"کافی دن ہو گئے ہیں NRO نہیں دونگا نہیں سنا
لگتا ہے کیسٹ خراب ہو گئی ہے 😂😂",FALSE,1,NA,2019-10-24 18:39:31,FALSE,NA,"1187438486690902021",NA,"<a href=\"http://twitter.com/download/android\" rel=\"nofollow\">Twitter for Android</a>","JUI_Mera_Junoon",0,FALSE,FALSE,NA,NA
"@JUI_Mera_Junoon @TalatHussain12 تاریخی طور سے خارجی بھی قرآن پڑھتے ھوۓ ، اسلام کا پرچم اٹھا کر نکلتے ہیں ، کیسے پت… https://t.co/OExZLVNunY",FALSE,0,"JUI_Mera_Junoon",2019-10-24 18:37:42,TRUE,"1187428916350324736","1187438029184602112","1155853525248827392","<a href=\"https://mobile.twitter.com\" rel=\"nofollow\">Twitter Web App</a>","SEAsia17",0,FALSE,FALSE,NA,NA
"@GulBukhari ہم حسین کا مؤقف لیے ہوے ہیں اور یزید کے مؤقف کو تسلیم کرنے سے گریزاں ہیں،
فخر پاکستان 
مولانا فضل الرحمن",FALSE,1,"GulBukhari",2019-10-24 18:34:33,FALSE,"1187434184593346560","1187437239082672128","242179803","<a href=\"http://twitter.com/download/android\" rel=\"nofollow\">Twitter for Android</a>","JUI_Mera_Junoon",0,FALSE,FALSE,NA,NA
"@JUI_Mera_Junoon @GulBukhari In sha ALLAH....",FALSE,0,"JUI_Mera_Junoon",2019-10-24 18:27:09,FALSE,"1187418020026732544","1187435374957748224","1155853525248827392","<a href=\"http://twitter.com/download/android\" rel=\"nofollow\">Twitter for Android</a>","mjaved70",0,FALSE,FALSE,NA,NA
"@tallalchodhry لوگ حیران ہیں کہ PM کی کرسی پر ایک ناچنے والی کیسے بیٹھ گئی🤔
تو عرض ہے
جو اس کرسی پر روز بیٹتا ہے 
وہ کونسا جنید بغدادی ہے😉",FALSE,0,"tallalchodhry",2019-10-24 18:08:48,FALSE,"1187430247114907653","1187430756676710400","555013811","<a href=\"http://twitter.com/download/android\" rel=\"nofollow\">Twitter for Android</a>","JUI_Mera_Junoon",0,FALSE,FALSE,NA,NA
"@ShkhRasheed ہاتھ بلکل صحیح جگے پر رکھا ہوا ہے یہی کارگردگی ہے",FALSE,1,"ShkhRasheed",2019-10-24 18:04:27,FALSE,"1187313242869243904","1187429661942468608","434071161","<a href=\"http://twitter.com/download/android\" rel=\"nofollow\">Twitter for Android</a>","JUI_Mera_Junoon",0,FALSE,FALSE,NA,NA
"RT @geonews_urdu: ہم حسین  کاموقف لیےہوئے ہیں،یزید کےہاتھ پربیعت نہیں کرینگے،فضل الرحمان",FALSE,0,NA,2019-10-24 18:02:19,FALSE,NA,"1187429126531158017",NA,"<a href=\"http://twitter.com/download/android\" rel=\"nofollow\">Twitter for Android</a>","JUI_Mera_Junoon",472,TRUE,FALSE,NA,NA
"@TalatHussain12 ہم حسین کا مؤقف لیے ہوے ہیں اور یزید کے مؤقف کو تسلیم کرنے سے گریزاں ہیں،
فخر پاکستان 
مولانا فضل الرحمن",FALSE,6,"TalatHussain12",2019-10-24 18:01:29,FALSE,"1187427110580838401","1187428916350324736","286042531","<a href=\"http://twitter.com/download/android\" rel=\"nofollow\">Twitter for Android</a>","JUI_Mera_Junoon",0,FALSE,FALSE,NA,NA
"@GulBukhari موصوف کوTVسےمعلوم پڑاتھا کہ وہ وزیراعظم ہیں ۔اب TV ہی سےپتہ چلے گاکہ مستعفی ہوگئےہیں",FALSE,2,"GulBukhari",2019-10-24 17:18:11,FALSE,"1187417085519024128","1187418020026732544","242179803","<a href=\"http://twitter.com/download/android\" rel=\"nofollow\">Twitter for Android</a>","JUI_Mera_Junoon",0,FALSE,FALSE,NA,NA
"@GulBukhari قوم اور اپنے کارکنان سے اپیل کرتا ہوں کہ ہمت نہیں ہارنی اب ہمیں قوم کا سہارا بننا ہوگا ، 
ہم حسین ؓکا م… https://t.co/KQoczvDxaX",FALSE,3,"GulBukhari",2019-10-24 17:17:47,TRUE,"1187417085519024128","1187417920181325824","242179803","<a href=\"http://twitter.com/download/android\" rel=\"nofollow\">Twitter for Android</a>","JUI_Mera_Junoon",3,FALSE,FALSE,NA,NA
"قوم اور اپنے کارکنان سے اپیل کرتا ہوں کہ ہمت نہیں ہارنی اب ہمیں قوم کا سہارا بننا ہوگا ، 
ہم حسین ؓکا مؤقف لئے ہوئے… https://t.co/n753M5YE0y",FALSE,1,NA,2019-10-24 17:13:08,TRUE,NA,"1187416748498259970",NA,"<a href=\"http://twitter.com/download/android\" rel=\"nofollow\">Twitter for Android</a>","JUI_Mera_Junoon",1,FALSE,FALSE,NA,NA
"@AzazSyed نہیں چلے گا",FALSE,1,"AzazSyed",2019-10-24 17:10:24,FALSE,"1187401212423004167","1187416058552037376","517435723","<a href=\"http://twitter.com/download/android\" rel=\"nofollow\">Twitter for Android</a>","JUI_Mera_Junoon",0,FALSE,FALSE,NA,NA
"RT @MoulanaOfficial: قوم اور اپنے کارکنان سے اپیل کرتا ہوں کہ ہمت نہیں ہارنی اب ہمیں قوم کا سہارا بننا ہوگا ، 
ہم حسین ؓکا مؤقف لئے ہوئے ہی…",FALSE,0,NA,2019-10-24 17:07:30,FALSE,NA,"1187415330538377216",NA,"<a href=\"http://twitter.com/download/android\" rel=\"nofollow\">Twitter for Android</a>","JUI_Mera_Junoon",1342,TRUE,FALSE,NA,NA
"@MoulanaOfficial قربان جاؤں میرے قائد",FALSE,2,"MoulanaOfficial",2019-10-24 17:05:08,FALSE,"1187407933807759363","1187414735068848128","907889245","<a href=\"http://twitter.com/download/android\" rel=\"nofollow\">Twitter for Android</a>","JUI_Mera_Junoon",0,FALSE,FALSE,NA,NA
"@HamidMirPAK مولانا حسین و جمیل کو خبر کریں کہ سانحہ ساہیوال کے ملزمان بری ہو چکے ہیں آپکی مدینے کی ریاست میں",FALSE,2,"HamidMirPAK",2019-10-24 17:04:35,FALSE,"1187374372618719232","1187414595251642369","213539531","<a href=\"http://twitter.com/download/android\" rel=\"nofollow\">Twitter for Android</a>","JUI_Mera_Junoon",0,FALSE,FALSE,NA,NA
"@_Mansoor_Ali لوگ حیران ہیں کہ PM کی کرسی پر ایک ناچنے والی کیسے بیٹھ گئی🤔
تو عرض ہے
جو اس کرسی پر روز بیٹتا ہے 
وہ کونسا جنید بغدادی ہے😉",FALSE,0,"_Mansoor_Ali",2019-10-24 10:18:44,FALSE,"1187310955388166145","1187312461181063169","62710586","<a href=\"http://twitter.com/download/android\" rel=\"nofollow\">Twitter for Android</a>","JUI_Mera_Junoon",0,FALSE,FALSE,NA,NA
"@ImranKhanPTI لوگ حیران ہیں کہ PM کی کرسی پر ایک ناچنے والی کیسے بیٹھ گئی🤔
تو عرض ہے
جو اس کرسی پر روز بیٹتا ہے 
وہ کونسا جنید بغدادی ہے😉",FALSE,0,"ImranKhanPTI",2019-10-24 10:16:49,FALSE,"1187310756183846914","1187311980182458368","122453931","<a href=\"http://twitter.com/download/android\" rel=\"nofollow\">Twitter for Android</a>","JUI_Mera_Junoon",0,FALSE,FALSE,NA,NA
"@ImranKhanPTI لگتا ھے پنکی کے آخری دن ھیں 
کیوں کہ حریم شاہ کی انٹری ھوگئ ھے
😜😜",FALSE,0,"ImranKhanPTI",2019-10-24 10:16:27,FALSE,"1187310756183846914","1187311887421267979","122453931","<a href=\"http://twitter.com/download/android\" rel=\"nofollow\">Twitter for Android</a>","JUI_Mera_Junoon",0,FALSE,FALSE,NA,NA
"@JUI_Mera_Junoon @AnsarAAbbasi Ap b to firon ko lana chahty hain na us kursi py😁",FALSE,0,"JUI_Mera_Junoon",2019-10-24 10:13:08,FALSE,"1187308926909534208","1187311052008112128","1155853525248827392","<a href=\"http://twitter.com/download/iphone\" rel=\"nofollow\">Twitter for iPhone</a>","zzheer",0,FALSE,FALSE,NA,NA
"@HassanNisar موصوف کوTVسےمعلوم پڑاتھا کہ وہ وزیراعظم ہیں ۔اب TV ہی سےپتہ چلے گاکہ مستعفی ہوگئےہیں
Alozai",FALSE,0,"HassanNisar",2019-10-24 10:07:51,FALSE,"1187309174729904128","1187309722329894912","2432070745","<a href=\"http://twitter.com/download/android\" rel=\"nofollow\">Twitter for Android</a>","JUI_Mera_Junoon",0,FALSE,FALSE,NA,NA
"موصوف کوTVسےمعلوم پڑاتھا کہ وہ وزیراعظم ہیں ۔اب TV ہی سےپتہ چلے گاکہ مستعفی ہوگئےہیں
Alozai",FALSE,0,NA,2019-10-24 10:07:21,FALSE,NA,"1187309597679329282",NA,"<a href=\"http://twitter.com/download/android\" rel=\"nofollow\">Twitter for Android</a>","JUI_Mera_Junoon",0,FALSE,FALSE,NA,NA
"@FrehmanD موصوف کوTVسےمعلوم پڑاتھا کہ وہ وزیراعظم ہیں ۔اب TV ہی سےپتہ چلے گاکہ مستعفی ہوگئےہیں
Alozai",FALSE,0,"FrehmanD",2019-10-24 10:05:57,FALSE,"1187305691368824832","1187309242040094720","163945358","<a href=\"http://twitter.com/download/android\" rel=\"nofollow\">Twitter for Android</a>","JUI_Mera_Junoon",0,FALSE,FALSE,NA,NA
"@RehamKhan1 لوگ حیران ہیں کہ PM کی کرسی پر ایک ناچنے والی کیسے بیٹھ گئی🤔
تو عرض ہے
جو اس کرسی پر روز بیٹتا ہے 
وہ کونسا جنید بغدادی ہے😉",FALSE,0,"RehamKhan1",2019-10-24 10:05:15,FALSE,"1187302326257831936","1187309068437856256","298959564","<a href=\"http://twitter.com/download/android\" rel=\"nofollow\">Twitter for Android</a>","JUI_Mera_Junoon",0,FALSE,FALSE,NA,NA
"@AnsarAAbbasi لوگ حیران ہیں کہ PM کی کرسی پر ایک ناچنے والی کیسے بیٹھ گئی🤔
تو عرض ہے
جو اس کرسی پر روز بیٹتا ہے 
وہ کونسا جنید بغدادی ہے😉",FALSE,0,"AnsarAAbbasi",2019-10-24 10:04:41,FALSE,"1187308043257688064","1187308926909534208","2439990679","<a href=\"http://twitter.com/download/android\" rel=\"nofollow\">Twitter for Android</a>","JUI_Mera_Junoon",0,FALSE,FALSE,NA,NA
"@Mufti_Kakakhail مولانا حسین و جمیل کو خبر کریں کہ سانحہ ساہیوال کے ملزمان بری ہو چکے ہیں آپکی مدینے کی ریاست میں https://t.co/eMCCNENnuj",FALSE,0,"Mufti_Kakakhail",2019-10-24 10:03:39,FALSE,"1187297020823904256","1187308666921410560","418796562","<a href=\"http://twitter.com/download/android\" rel=\"nofollow\">Twitter for Android</a>","JUI_Mera_Junoon",0,FALSE,FALSE,NA,NA
"@Marriyum_A لوگ حیران ہیں کہ PM کی کرسی پر ایک ناچنے والی کیسے بیٹھ گئی🤔
تو عرض ہے
جو اس کرسی پر روز بیٹتا ہے 
وہ کونسا جنید بغدادی ہے😉",FALSE,0,"Marriyum_A",2019-10-24 10:02:57,FALSE,"1187305304851177472","1187308489489702912","2504983274","<a href=\"http://twitter.com/download/android\" rel=\"nofollow\">Twitter for Android</a>","JUI_Mera_Junoon",0,FALSE,FALSE,NA,NA
"لوگ حیران ہیں کہ PM کی کرسی پر ایک ناچنے والی کیسے بیٹھ گئی🤔
تو عرض ہے
جو اس کرسی پر روز بیٹتا ہے 
وہ کونسا جنید بغدادی ہے😉",FALSE,0,NA,2019-10-24 10:02:27,FALSE,NA,"1187308363425730560",NA,"<a href=\"http://twitter.com/download/android\" rel=\"nofollow\">Twitter for Android</a>","JUI_Mera_Junoon",0,FALSE,FALSE,NA,NA
"@MoulanaOfficial میرا قائد میرا فخر",FALSE,0,"MoulanaOfficial",2019-10-24 09:03:26,FALSE,"1187079212638920704","1187293511022010368","907889245","<a href=\"http://twitter.com/download/android\" rel=\"nofollow\">Twitter for Android</a>","JUI_Mera_Junoon",0,FALSE,FALSE,NA,NA
"RT @MoulanaOfficial: ہم ریاستی اداروں سے کسی قسم تصادم نہیں چاہتے ملک گیر 15 ملین مارچ ہمارے پُرامن ہونے کی دلیل ہے، یہ ایک تحریک ہے اور تح…",FALSE,0,NA,2019-10-24 09:03:07,FALSE,NA,"1187293432080949249",NA,"<a href=\"http://twitter.com/download/android\" rel=\"nofollow\">Twitter for Android</a>","JUI_Mera_Junoon",1185,TRUE,FALSE,NA,NA
"@ImranKhanPTI سالہ تو 27 تک مہمان ہے جو کرنا ہے کر کیں
ایک دفعہ مولانا فضل الرحمان نے ہمیں حکم دیا تو پھر اپنی آپ کی بھی نہیں سنتے ہیں",FALSE,0,"ImranKhanPTI",2019-10-24 08:52:37,FALSE,"1187286533541449728","1187290787974963200","122453931","<a href=\"http://twitter.com/download/android\" rel=\"nofollow\">Twitter for Android</a>","JUI_Mera_Junoon",0,FALSE,FALSE,NA,NA
"@ImranKhanPTI میرا قاتل ہی میرا منصف ہے
کیا مرے حق میں فیصلہ دے گا

#Sahiwal",FALSE,1,"ImranKhanPTI",2019-10-24 08:51:33,FALSE,"1187286531251290113","1187290520885829632","122453931","<a href=\"http://twitter.com/download/android\" rel=\"nofollow\">Twitter for Android</a>","JUI_Mera_Junoon",0,FALSE,FALSE,NA,NA
"@ImranKhanPTI مولانا حسین و جمیل کو خبر کریں کہ سانحہ ساہیوال کے ملزمان بری ہو چکے ہیں آپکی مدینے کی ریاست میں",FALSE,1,"ImranKhanPTI",2019-10-24 08:51:14,FALSE,"1187286531251290113","1187290442574061568","122453931","<a href=\"http://twitter.com/download/android\" rel=\"nofollow\">Twitter for Android</a>","JUI_Mera_Junoon",0,FALSE,FALSE,NA,NA
"@ImranKhanPTI چوتیا تیری مدینے کی ریاست میں سانحہ ساہیوال کے ملزمان بری ہو چکے ہیں",FALSE,1,"ImranKhanPTI",2019-10-24 08:51:05,FALSE,"1187286531251290113","1187290401113333762","122453931","<a href=\"http://twitter.com/download/android\" rel=\"nofollow\">Twitter for Android</a>","JUI_Mera_Junoon",0,FALSE,FALSE,NA,NA
"@mbhawk_ @JuiFPak مولانا حسین و جمیل کو خبر کریں کہ سانحہ ساہیوال کے ملزمان بری ہو چکے ہیں آپکی مدینے کی ریاست میں",FALSE,2,"mbhawk_",2019-10-24 08:49:58,FALSE,"1187289859049869312","1187290122544451585","3303962653","<a href=\"http://twitter.com/download/android\" rel=\"nofollow\">Twitter for Android</a>","JUI_Mera_Junoon",0,FALSE,FALSE,NA,NA
"@Matiullahjan919 @YouTube مولانا حسین و جمیل کو خبر کریں کہ سانحہ ساہیوال کے ملزمان بری ہو چکے ہیں آپکی مدینے کی ریاست میں",FALSE,1,"Matiullahjan919",2019-10-24 08:49:49,FALSE,"1187289874128429056","1187290084745400320","137954574","<a href=\"http://twitter.com/download/android\" rel=\"nofollow\">Twitter for Android</a>","JUI_Mera_Junoon",0,FALSE,FALSE,NA,NA
"@abualeeha مولانا حسین و جمیل کو خبر کریں کہ سانحہ ساہیوال کے ملزمان بری ہو چکے ہیں آپکی مدینے کی ریاست میں",FALSE,0,"abualeeha",2019-10-24 08:49:17,FALSE,"1187282639763447808","1187289949437075457","3887336115","<a href=\"http://twitter.com/download/android\" rel=\"nofollow\">Twitter for Android</a>","JUI_Mera_Junoon",0,FALSE,FALSE,NA,NA
"@AnsarAAbbasi ریاست مدینہ میں دیر بھی ہے اندھیر بھی ہے",FALSE,3,"AnsarAAbbasi",2019-10-24 08:24:46,FALSE,"1187282542631817217","1187283779297169410","2439990679","<a href=\"http://twitter.com/download/android\" rel=\"nofollow\">Twitter for Android</a>","JUI_Mera_Junoon",0,FALSE,FALSE,NA,NA
"RT @asmashirazi: حکومت کا آزادی مارچ کی اجازت دینے کا فیصلہ خوش آئند ہے لیکن سمجھ نہیں آ رہا کہ اسلام آباد ابھی سے بند کیوں کر دیا گیا ہے۔…",FALSE,0,NA,2019-10-24 08:23:46,FALSE,NA,"1187283530340032512",NA,"<a href=\"http://twitter.com/download/android\" rel=\"nofollow\">Twitter for Android</a>","JUI_Mera_Junoon",434,TRUE,FALSE,NA,NA
"@Xadeejournalist سانحہ ساہیوال کے تمام ملزم بری ہوگئے ہیں، 
ریاست مدینہ میں دیر بھی ہے اور اندھیر بھی۔",FALSE,1,"Xadeejournalist",2019-10-24 08:19:22,FALSE,"1187273461208698881","1187282421135396864","286613468","<a href=\"http://twitter.com/download/android\" rel=\"nofollow\">Twitter for Android</a>","JUI_Mera_Junoon",0,FALSE,FALSE,NA,NA
"سانحہ ساہیوال کے تمام ملزم بری ہوگئے ہیں، 
ریاست مدینہ میں دیر بھی ہے اور اندھیر بھی۔",FALSE,0,NA,2019-10-24 08:17:27,FALSE,NA,"1187281940224851968",NA,"<a href=\"http://twitter.com/download/android\" rel=\"nofollow\">Twitter for Android</a>","JUI_Mera_Junoon",0,FALSE,FALSE,NA,NA
"@ImranKhanPTI تم دنیا کے نا اہل ترین 
جاہل ترین 
بد تمیز ترین
نالائق ترین
وزیراعظم ہو
سلکٹڈ ہو تم",FALSE,0,"ImranKhanPTI",2019-10-24 08:15:37,FALSE,"1187261088309678081","1187281477391790080","122453931","<a href=\"http://twitter.com/download/android\" rel=\"nofollow\">Twitter for Android</a>","JUI_Mera_Junoon",0,FALSE,FALSE,NA,NA
"راستے سے معمولی پتھر ہٹانے پر ایک نیکی ملتی ہے 
تو ان بڑے بڑے کنٹینر ہٹانے پر کتنی ملین گی؟ https://t.co/3SoLA0hcLw",FALSE,4,NA,2019-10-24 08:13:42,FALSE,NA,"1187280995013353472",NA,"<a href=\"http://twitter.com/download/android\" rel=\"nofollow\">Twitter for Android</a>","JUI_Mera_Junoon",2,FALSE,FALSE,NA,NA
"@JUI_Mera_Junoon @SaleemKhanSafi بے شک",FALSE,0,"JUI_Mera_Junoon",2019-10-22 19:11:01,FALSE,"1186457739616292866","1186721637082816512","1155853525248827392","<a href=\"http://twitter.com/download/android\" rel=\"nofollow\">Twitter for Android</a>","QoraishiAslam",0,FALSE,FALSE,NA,NA
"سر مولانا فضل الرحمان صاحب ٹنشن لیتے نہیں دیتے ہیں ۔۔ https://t.co/n2ZPCUz4c9",FALSE,0,NA,2019-10-22 06:32:03,FALSE,NA,"1186530637228007424",NA,"<a href=\"http://twitter.com/download/android\" rel=\"nofollow\">Twitter for Android</a>","JUI_Mera_Junoon",0,FALSE,FALSE,NA,NA
"@Marriyum_A میڈم سب مسائل کا ایک ہی حل 
بسترہ لے اسلام آباد چل 
آذادی مارچ",FALSE,0,"Marriyum_A",2019-10-22 06:28:35,FALSE,"1186525167276777472","1186529766138155008","2504983274","<a href=\"http://twitter.com/download/android\" rel=\"nofollow\">Twitter for Android</a>","JUI_Mera_Junoon",0,FALSE,FALSE,NA,NA
"@JUI_Mera_Junoon @UmarCheema1 مولانا دی گرامر دیکھیں کیسی پاٹدی",FALSE,0,"JUI_Mera_Junoon",2019-10-22 03:56:06,FALSE,"1186458580964249604","1186491392165601281","1155853525248827392","<a href=\"https://mobile.twitter.com\" rel=\"nofollow\">Twitter Web App</a>","ranaawa42804504",0,FALSE,FALSE,NA,NA
"@JUI_Mera_Junoon @DailyLondonNews @fawadchaudhry @pid_gov @ImranKhanPTI @InsafPK @Fisaiqbal @ScienceTechPK bat path… https://t.co/GUIwlzptR2",FALSE,0,"JUI_Mera_Junoon",2019-10-22 03:36:44,TRUE,"1186458065404678145","1186486519051235329","1155853525248827392","<a href=\"http://twitter.com/download/android\" rel=\"nofollow\">Twitter for Android</a>","zubi_jatt721",0,FALSE,FALSE,NA,NA
"@UmarCheema1 کریڈٹ مولانا کو جاتا ہے 
گرائمر بگاڈ کے رکھ دی سالوں کی",FALSE,1,"UmarCheema1",2019-10-22 01:45:43,FALSE,"1186363493601165314","1186458580964249604","338906109","<a href=\"http://twitter.com/download/android\" rel=\"nofollow\">Twitter for Android</a>","JUI_Mera_Junoon",0,FALSE,FALSE,NA,NA
"@RashidMurad جو غازی میدان کےھیں سب فضل الرحمن کےھیں.
سندھی بلوچی پنجابی عاشق ایک پٹھان کےھیں...",FALSE,1,"RashidMurad",2019-10-22 01:44:22,FALSE,"1186388936714838022","1186458239115939840","1016327399863128066","<a href=\"http://twitter.com/download/android\" rel=\"nofollow\">Twitter for Android</a>","JUI_Mera_Junoon",0,FALSE,FALSE,NA,NA
"@DailyLondonNews @fawadchaudhry @pid_gov @ImranKhanPTI @InsafPK @Fisaiqbal @ScienceTechPK جو غازی میدان کےھیں سب فض… https://t.co/Ul3VTUfy8B",FALSE,1,"DailyLondonNews",2019-10-22 01:43:40,TRUE,"1186451734417281024","1186458065404678145","1165113194429501440","<a href=\"http://twitter.com/download/android\" rel=\"nofollow\">Twitter for Android</a>","JUI_Mera_Junoon",0,FALSE,FALSE,NA,NA
"@SaleemKhanSafi جو غازی میدان کےھیں سب فضل الرحمن کےھیں.
سندھی بلوچی پنجابی عاشق ایک پٹھان کےھیں...",FALSE,21,"SaleemKhanSafi",2019-10-22 01:42:23,FALSE,"1186422614664925186","1186457739616292866","615983648","<a href=\"http://twitter.com/download/android\" rel=\"nofollow\">Twitter for Android</a>","JUI_Mera_Junoon",1,FALSE,FALSE,NA,NA
"جو غازی میدان کےھیں سب فضل الرحمن کےھیں.
سندھی بلوچی پنجابی عاشق ایک پٹھان کےھیں... https://t.co/Vki7i20CEl",FALSE,1,NA,2019-10-22 01:40:47,FALSE,NA,"1186457339739725824",NA,"<a href=\"http://twitter.com/download/android\" rel=\"nofollow\">Twitter for Android</a>","JUI_Mera_Junoon",1,FALSE,FALSE,NA,NA
"RT @murtazasolangi: When Imran Khan along with his cabal met Modi and Ajit Doval in December 2015, it was Kosher. Nobody else can do that.…",FALSE,0,NA,2019-10-21 17:59:27,FALSE,NA,"1186341241803493378",NA,"<a href=\"http://twitter.com/download/android\" rel=\"nofollow\">Twitter for Android</a>","JUI_Mera_Junoon",49,TRUE,FALSE,NA,NA
"RT @q_usman1: فیاض الحسن چوہان کی بھونڈی الزام تراشیاں اور پھر دلیل کا مقابلہ نہ کرسکنے پر لائن کاٹ کر راہ فرار۔
\"ان کو بھاگنا پڑے گا۔ انشا…",FALSE,0,NA,2019-10-21 17:12:39,FALSE,NA,"1186329461228261376",NA,"<a href=\"http://twitter.com/download/android\" rel=\"nofollow\">Twitter for Android</a>","JUI_Mera_Junoon",17,TRUE,FALSE,NA,NA
"@OfficialDGISPR @ajmaljami پاک فوج زندہ باد",FALSE,0,"OfficialDGISPR",2019-10-21 17:07:55,FALSE,"1186324664500572162","1186328272457609216","811505937911517184","<a href=\"http://twitter.com/download/android\" rel=\"nofollow\">Twitter for Android</a>","JUI_Mera_Junoon",0,FALSE,FALSE,NA,NA
"@_Mansoor_Ali مولانا نے ان کی شکلیں اور زبانیں بگاڈ کر رکھ دی ہیں ولڈن",FALSE,0,"_Mansoor_Ali",2019-10-21 17:05:58,FALSE,"1186326324018892805","1186327780641906689","62710586","<a href=\"http://twitter.com/download/android\" rel=\"nofollow\">Twitter for Android</a>","JUI_Mera_Junoon",0,FALSE,FALSE,NA,NA
"@murtazasolangi @ejazhaider @cyalm ایک بار جب مولانا صاحب نے ہمیں حکم دیا تو پھر ہم اپنی آپ کی بھی نہیں سنتے

آزادی مارچ",FALSE,2,"murtazasolangi",2019-10-21 16:38:00,FALSE,"1186318545111699458","1186320741006036994","37641696","<a href=\"http://twitter.com/download/android\" rel=\"nofollow\">Twitter for Android</a>","JUI_Mera_Junoon",0,FALSE,FALSE,NA,NA
"@nadeemmalik ایک بار جب مولانا صاحب نے ہمیں حکم دیا تو پھر ہم اپنی آپ کی بھی نہیں سنتے

آزادی مارچ",FALSE,0,"nadeemmalik",2019-10-21 16:37:53,FALSE,"1186317865177223173","1186320712837017601","39927901","<a href=\"http://twitter.com/download/android\" rel=\"nofollow\">Twitter for Android</a>","JUI_Mera_Junoon",0,FALSE,FALSE,NA,NA
"@gnnhdofficial @arifhameed15 @saeed_qazi @tahirmalikpak @MoulanaOfficial سوال ___پی ٹی آئی اور جے یو آئی میں فرق کی… https://t.co/YVi4d4mq3I",FALSE,0,"gnnhdofficial",2019-10-21 16:22:52,TRUE,"1186299658584363008","1186316934683529219","492154297","<a href=\"http://twitter.com/download/android\" rel=\"nofollow\">Twitter for Android</a>","JUI_Mera_Junoon",0,FALSE,FALSE,NA,NA
"@nadeemmalik سوال ___پی ٹی آئی اور جے یو آئی میں فرق کیا ہے؟
جواب___ یہ خود ناچتے تھے ہم ان کو نچاتے ہیں",FALSE,0,"nadeemmalik",2019-10-21 16:22:26,FALSE,"1186315152750190594","1186316824620740609","39927901","<a href=\"http://twitter.com/download/android\" rel=\"nofollow\">Twitter for Android</a>","JUI_Mera_Junoon",0,FALSE,FALSE,NA,NA
"@JamiatPage سوال ___پی ٹی آئی اور جے یو آئی میں فرق کیا ہے؟
جواب___ یہ خود ناچتے تھے ہم ان کو نچاتے ہیں",FALSE,0,"JamiatPage",2019-10-21 16:22:12,FALSE,"1186316193000493057","1186316766148026368","1122247870898429952","<a href=\"http://twitter.com/download/android\" rel=\"nofollow\">Twitter for Android</a>","JUI_Mera_Junoon",0,FALSE,FALSE,NA,NA
"@HamidMirPAK سوال ___پی ٹی آئی اور جے یو آئی میں فرق کیا ہے؟
جواب___ یہ خود ناچتے تھے ہم ان کو نچاتے ہیں",FALSE,2,"HamidMirPAK",2019-10-21 16:20:43,FALSE,"1186315425338056707","1186316392095764480","213539531","<a href=\"http://twitter.com/download/android\" rel=\"nofollow\">Twitter for Android</a>","JUI_Mera_Junoon",0,FALSE,FALSE,NA,NA
"سوال ___پی ٹی آئی اور جے یو آئی میں فرق کیا ہے؟
جواب___ یہ خود ناچتے تھے ہم ان کو نچاتے ہیں",FALSE,0,NA,2019-10-21 16:20:12,FALSE,NA,"1186316264815419394",NA,"<a href=\"http://twitter.com/download/android\" rel=\"nofollow\">Twitter for Android</a>","JUI_Mera_Junoon",0,FALSE,FALSE,NA,NA
"@SaleemKhanSafi سوال ___پی ٹی آئی اور جے یو آئی میں فرق کیا ہے؟
جواب___ یہ خود ناچتے تھے ہم ان کو نچاتے ہیں",FALSE,0,"SaleemKhanSafi",2019-10-21 16:19:37,FALSE,"1184797160782663681","1186316117553373185","615983648","<a href=\"http://twitter.com/download/android\" rel=\"nofollow\">Twitter for Android</a>","JUI_Mera_Junoon",0,FALSE,FALSE,NA,NA
"@SaleemKhanSafi مولانا صاحب کا ایک بڑا کمال یہ بھی ہے کہ
وہ ٹینشن لیتا نہیں، دیتا ہے۔۔!
سلیم صافی… https://t.co/wGIX0UMhC9",FALSE,1,"SaleemKhanSafi",2019-10-21 16:17:35,TRUE,"1184797160782663681","1186315605084966912","615983648","<a href=\"http://twitter.com/download/android\" rel=\"nofollow\">Twitter for Android</a>","JUI_Mera_Junoon",4,FALSE,FALSE,NA,NA
"@SaleemKhanSafi مولانا صاحب کا ایک بڑا کمال یہ بھی ہے کہ
وہ ٹینشن لیتا نہیں، دیتا ہے۔۔!
سلیم صافی… https://t.co/NP0nRJeaYS",FALSE,1,"SaleemKhanSafi",2019-10-21 16:17:17,TRUE,"1186024726763888640","1186315529528721409","615983648","<a href=\"http://twitter.com/download/android\" rel=\"nofollow\">Twitter for Android</a>","JUI_Mera_Junoon",4,FALSE,FALSE,NA,NA
"@murtazasolangi @SaleemKhanSafi مولانا صاحب کا ایک بڑا کمال یہ بھی ہے کہ
وہ ٹینشن لیتا نہیں، دیتا ہے۔۔!
سلیم صافی… https://t.co/a3EiK8FCwU",FALSE,0,"murtazasolangi",2019-10-21 16:16:50,TRUE,"1186219836441014272","1186315414957121538","37641696","<a href=\"http://twitter.com/download/android\" rel=\"nofollow\">Twitter for Android</a>","JUI_Mera_Junoon",3,FALSE,FALSE,NA,NA
"@ImranKhanPTI مولانا صاحب کا ایک بڑا کمال یہ بھی ہے کہ
وہ ٹینشن لیتا نہیں، دیتا ہے۔۔!
سلیم صافی… https://t.co/6v1v6umtVY",FALSE,2,"ImranKhanPTI",2019-10-21 16:16:07,TRUE,"1185272755413016577","1186315234040041477","122453931","<a href=\"http://twitter.com/download/android\" rel=\"nofollow\">Twitter for Android</a>","JUI_Mera_Junoon",4,FALSE,FALSE,NA,NA
"@Dr_FirdousPTI کیا نظارہ ہو گا 
جب عمران خان 
مولانا کو کال کرے گا
اور آگے سے مولانا کہیں گے ” نکے ! اپنے ابے نو فو… https://t.co/3v4SPVs6DR",FALSE,0,"Dr_FirdousPTI",2019-10-21 16:06:19,TRUE,"1185231313529380864","1186312771438350342","869239266651418625","<a href=\"http://twitter.com/download/android\" rel=\"nofollow\">Twitter for Android</a>","JUI_Mera_Junoon",4,FALSE,FALSE,NA,NA
"@HamidMirPAK کیا نظارہ ہو گا 
جب عمران خان 
مولانا کو کال کرے گا
اور آگے سے مولانا کہیں گے ” نکے ! اپنے ابے نو فون… https://t.co/woh12Q5UK8",FALSE,4,"HamidMirPAK",2019-10-21 16:04:58,TRUE,"1186305824689401857","1186312427576713216","213539531","<a href=\"http://twitter.com/download/android\" rel=\"nofollow\">Twitter for Android</a>","JUI_Mera_Junoon",12,FALSE,FALSE,NA,NA
"کیا نظارہ ہو گا 
جب عمران خان 
مولانا کو کال کرے گا
اور آگے سے مولانا کہیں گے ” نکے ! اپنے ابے نو فون 
پکڑا “… https://t.co/Z4C3CMlOST",FALSE,0,NA,2019-10-21 16:04:20,TRUE,NA,"1186312271691051008",NA,"<a href=\"http://twitter.com/download/android\" rel=\"nofollow\">Twitter for Android</a>","JUI_Mera_Junoon",14,FALSE,FALSE,NA,NA
"@arifhameed15 تیری کیوں جلتی ہے",FALSE,1,"arifhameed15",2019-10-21 13:11:40,FALSE,"1186268399074197505","1186268819150589953","2892686341","<a href=\"http://twitter.com/download/android\" rel=\"nofollow\">Twitter for Android</a>","JUI_Mera_Junoon",0,FALSE,FALSE,NA,NA
"مولانا فضل الرحمن کا اسلام آباد مشن؟",FALSE,0,NA,2019-10-21 13:09:46,FALSE,NA,"1186268337837346817",NA,"<a href=\"http://twitter.com/download/android\" rel=\"nofollow\">Twitter for Android</a>","JUI_Mera_Junoon",0,FALSE,FALSE,NA,NA
"@TalatHussain12 اپنی سیاسی قبریں کھود رہے ہیں",FALSE,0,"TalatHussain12",2019-10-21 13:03:11,FALSE,"1186217941290967040","1186266682412670978","286042531","<a href=\"http://twitter.com/download/android\" rel=\"nofollow\">Twitter for Android</a>","JUI_Mera_Junoon",0,FALSE,FALSE,NA,NA
"@murtazasolangi بلکل",FALSE,1,"murtazasolangi",2019-10-21 13:02:20,FALSE,"1186244929233838080","1186266466972241925","37641696","<a href=\"http://twitter.com/download/android\" rel=\"nofollow\">Twitter for Android</a>","JUI_Mera_Junoon",0,FALSE,FALSE,NA,NA
"@arifhameed15 جلتی ہے نا برنال لگا برنال",FALSE,0,"arifhameed15",2019-10-21 13:00:47,FALSE,"1186264469141409792","1186266076784549888","2892686341","<a href=\"http://twitter.com/download/android\" rel=\"nofollow\">Twitter for Android</a>","JUI_Mera_Junoon",0,FALSE,FALSE,NA,NA
"@AnsarAAbbasi اس لعنتی کتے نیازی کا",FALSE,0,"AnsarAAbbasi",2019-10-21 06:16:22,FALSE,"1185115747359580160","1186164303164039168","2439990679","<a href=\"http://twitter.com/download/android\" rel=\"nofollow\">Twitter for Android</a>","JUI_Mera_Junoon",0,FALSE,FALSE,NA,NA
"RT @MoulanaOfficial: اسرائیل کو تسلیم کرنے کی باتیں کرنے والے بڈھے جرنیل ہمیں میڈیا پر آکر سیاست نہ سیکھائیں
جو آپ سے متعلق ہے اسی پر تبصرے…",FALSE,0,NA,2019-10-21 06:12:49,FALSE,NA,"1186163408170835969",NA,"<a href=\"http://twitter.com/download/android\" rel=\"nofollow\">Twitter for Android</a>","JUI_Mera_Junoon",2602,TRUE,FALSE,NA,NA
"@MoulanaOfficial Love you my leader",FALSE,0,"MoulanaOfficial",2019-10-21 06:12:25,FALSE,"1185879143117926400","1186163309269139456","907889245","<a href=\"http://twitter.com/download/android\" rel=\"nofollow\">Twitter for Android</a>","JUI_Mera_Junoon",0,FALSE,FALSE,NA,NA
"RT @MoulanaOfficial: نااہل حکومت نے ایک مذاکراتی کمیٹی تشکیل دی ہے 
کل انکی پریس کانفرنس میں مذاکرات کی بات کم اور دھمکیاں زیادہ تھیں، 
ان…",FALSE,0,NA,2019-10-21 06:12:12,FALSE,NA,"1186163255548567552",NA,"<a href=\"http://twitter.com/download/android\" rel=\"nofollow\">Twitter for Android</a>","JUI_Mera_Junoon",1689,TRUE,FALSE,NA,NA
"RT @MoulanaOfficial: ہم پاکستان میں عوامی ووٹ کے زریعے پارلیمانی سیاست کرتے ہیں جب عوام کے ووٹ پر ڈاکہ ڈالا جائے گا تو اس ووٹ کی عزت کیلئے…",FALSE,0,NA,2019-10-21 06:11:31,FALSE,NA,"1186163083393339392",NA,"<a href=\"http://twitter.com/download/android\" rel=\"nofollow\">Twitter for Android</a>","JUI_Mera_Junoon",1189,TRUE,FALSE,NA,NA
