"RT @SoomroOfficial: آزادی مارچ کارواں : کچا کوہ ضلع خانیوال
قائد جمعیت حضرت مولانا فضل الرحمن صاحب کی قیادت میں رواں دواں  
#VoiceOfPakista…",FALSE,0,NA,2019-10-29 13:53:37,FALSE,NA,"1189178476726833152",NA,"<a href=\"http://twitter.com/download/android\" rel=\"nofollow\">Twitter for Android</a>","Malaika18717486",88,TRUE,FALSE,NA,NA
"RT @HafizHamdullah_: آج رات 8 بجے جیو نیوز پر
اور  10 بجے ایکسپریس نیوز  پر

ان شاءاللہ

#VoiceOfPakistan_AzadiMarch",FALSE,0,NA,2019-10-29 13:50:03,FALSE,NA,"1189177579238023169",NA,"<a href=\"http://twitter.com/download/android\" rel=\"nofollow\">Twitter for Android</a>","Malaika18717486",460,TRUE,FALSE,NA,NA
"RT @Mufti_Asad_: 126دن دھرنے کی نان اسٹاپ میڈیا کوریج لینے والو۔۔۔!

 مولانا صاحب  کو صرف 26 گھنٹے لائیو کوریج دے کہ دکھاو پتہ چل جائے گا ا…",FALSE,0,NA,2019-10-29 13:49:53,FALSE,NA,"1189177536514871296",NA,"<a href=\"http://twitter.com/download/android\" rel=\"nofollow\">Twitter for Android</a>","Malaika18717486",17,TRUE,FALSE,NA,NA
"RT @MoulanaOfficial: مدینة الاولیا ملتان
 #عوامی_سمندر_اسلام_آباد_کی_طرف https://t.co/XWzU437lUx",FALSE,0,NA,2019-10-29 12:48:09,FALSE,NA,"1189162000468889600",NA,"<a href=\"http://twitter.com/download/android\" rel=\"nofollow\">Twitter for Android</a>","Malaika18717486",1105,TRUE,FALSE,NA,NA
"RT @SoomroOfficial: #مولانا آرہا ہے https://t.co/uS1oxbyVtS",FALSE,0,NA,2019-10-29 12:47:25,FALSE,NA,"1189161818834513921",NA,"<a href=\"http://twitter.com/download/android\" rel=\"nofollow\">Twitter for Android</a>","Malaika18717486",56,TRUE,FALSE,NA,NA
"RT @MoulanaOfficial: یہ کشمیر کے نام پر قوم کو بے وقوف بنا رہے ہیں
کشمیر کی جانب کشیدگی کا کہا جارہا ہے مگر اسی وقت دوسری جانب کرتارپور کور…",FALSE,0,NA,2019-10-29 12:45:33,FALSE,NA,"1189161349198295042",NA,"<a href=\"http://twitter.com/download/android\" rel=\"nofollow\">Twitter for Android</a>","Malaika18717486",592,TRUE,FALSE,NA,NA
"RT @juipakofficial: آزادی مارچ کارواں قائد جمعیت مولانا فضل الرحمٰن کی قیادت میں خانیوال سے گزر رہا ہے ۔
#عوامی_سمندر_اسلام_آباد_کی_طرف htt…",FALSE,0,NA,2019-10-29 12:44:53,FALSE,NA,"1189161181216432128",NA,"<a href=\"http://twitter.com/download/android\" rel=\"nofollow\">Twitter for Android</a>","Malaika18717486",277,TRUE,FALSE,NA,NA
"RT @Mufti_Asad_: {ضروری اعلان}

آج 29 اکتوبر بروز منگل کی شام ان شاء اللہ آزادی مارچ لاہور پہنچ جائے گا۔

آج بوقت عشاء مینار پاکستان (آزادی…",FALSE,0,NA,2019-10-29 12:43:22,FALSE,NA,"1189160797148200960",NA,"<a href=\"http://twitter.com/download/android\" rel=\"nofollow\">Twitter for Android</a>","Malaika18717486",10,TRUE,FALSE,NA,NA
"RT @MAWasayOfficial: بلوچستان مولانا عبدالواسع کی قیادت میں800 بائک 5500چھوٹی کاریں 2300 ویگن اور 300 کے قریب بسیں اسلام آباد کی طرف روا دو…",FALSE,0,NA,2019-10-29 08:51:44,FALSE,NA,"1189102507676651521",NA,"<a href=\"http://twitter.com/download/android\" rel=\"nofollow\">Twitter for Android</a>","Malaika18717486",512,TRUE,FALSE,NA,NA
"RT @JuiFPak: زبردست میر صاحب 
میڈیا کی آزادی کے لئے آپ آزادی مارچ کا حصہ بنیں۔ آپ سینئر صحافی ہیں قدم بڑھائیں گے تو ہی میڈیا آپ کے پیچھے چل…",FALSE,0,NA,2019-10-29 08:50:29,FALSE,NA,"1189102191493156864",NA,"<a href=\"http://twitter.com/download/android\" rel=\"nofollow\">Twitter for Android</a>","Malaika18717486",21,TRUE,FALSE,NA,NA
"RT @MudassarAminPAK: آپ کو یہ حرکات زیب نہیں دیتیں
@HamidMirPAK https://t.co/eajM8xEPpX",FALSE,0,NA,2019-10-29 08:50:17,FALSE,NA,"1189102141413179392",NA,"<a href=\"http://twitter.com/download/android\" rel=\"nofollow\">Twitter for Android</a>","Malaika18717486",940,TRUE,FALSE,NA,NA
"RT @MAWasayOfficial: بلوچستان مولانا عبدالواسع کی قیادت میں800 بائک 5500چھوٹی کاریں 2300 ویگن اور 300 کے قریب بسیں اسلام آباد کی طرف روا دو…",FALSE,0,NA,2019-10-29 08:47:21,FALSE,NA,"1189101401261137920",NA,"<a href=\"http://twitter.com/download/android\" rel=\"nofollow\">Twitter for Android</a>","Malaika18717486",200,TRUE,FALSE,NA,NA
"RT @MoulanaOfficial: انسانوں کا سیلاب اسلام آباد کا رخ کرچکا اور ایک بڑے طوفان کی صورت میں اسلام آباد میں داخل ہوگا انشاءاللہ 
#عوامی_سمندر…",FALSE,0,NA,2019-10-28 17:23:55,FALSE,NA,"1188869013453131776",NA,"<a href=\"http://twitter.com/download/android\" rel=\"nofollow\">Twitter for Android</a>","Malaika18717486",1964,TRUE,FALSE,NA,NA
"RT @MoulanaOfficial: انہوں نے مسئلہ کشمیر کو بھی مشکوک بنادیاکشمیر فروشوں کو عوام پہچان چکی اب عوام انکے خلاف نکل چکے
آج ہماری آواز کو بھی…",FALSE,0,NA,2019-10-28 17:23:44,FALSE,NA,"1188868967479369728",NA,"<a href=\"http://twitter.com/download/android\" rel=\"nofollow\">Twitter for Android</a>","Malaika18717486",989,TRUE,FALSE,NA,NA
"RT @Mufti_Asad_: مولانا کی سیاست نام ہے جہد مسلسل کا ۔ 

یہ پوسٹ اتنا شیئر کرے کہ ہر اس یوتھی کو پہنچے جو کہتے ہیں کہ مولوی پہلے کیوں سڑکوں…",FALSE,0,NA,2019-10-28 17:22:24,FALSE,NA,"1188868631314206721",NA,"<a href=\"http://twitter.com/download/android\" rel=\"nofollow\">Twitter for Android</a>","Malaika18717486",33,TRUE,FALSE,NA,NA
"RT @HafizHamdullah_: جب بھی اہلِ چمن کو ضرورت پڑی
خون ہم نے دیا گردنیں پیش کی

پھر بھی کہتے ہیں مجھ سے یہ اہلِ چمن
یہ چمن ہے ہمارا تمہارا ن…",FALSE,0,NA,2019-10-28 17:17:52,FALSE,NA,"1188867489905680384",NA,"<a href=\"http://twitter.com/download/android\" rel=\"nofollow\">Twitter for Android</a>","Malaika18717486",1058,TRUE,FALSE,NA,NA
"RT @MuftiKifayatJUI: مفتی کفایت اللہ صاحب کی ضمانت کے حوالے سے قانونی کروائی مکمل کرلی ہے
ان شاء اللہ کل حتمی فیصلہ ہوجائے گا،
احباب دعاؤں…",FALSE,0,NA,2019-10-28 17:15:49,FALSE,NA,"1188866973591068672",NA,"<a href=\"http://twitter.com/download/android\" rel=\"nofollow\">Twitter for Android</a>","Malaika18717486",538,TRUE,FALSE,NA,NA
"RT @MuftiKifayatJUI: مفتی کفایت اللہ صاحب کی گرفتاری پر قائد کی للکار ،
#میں_بھی_مفتی_کفایت_ہوں 
#AzadiMarch27October 
mufti kifayatullah h…",FALSE,0,NA,2019-10-28 17:14:55,FALSE,NA,"1188866747824267265",NA,"<a href=\"http://twitter.com/download/android\" rel=\"nofollow\">Twitter for Android</a>","Malaika18717486",432,TRUE,FALSE,NA,NA
"RT @Mufti_Asad_: دو کنٹینر۔ دو مناظر۔ دولیڈر۔
1 آزادی مارچ کا کنٹینر۔ جہاں نماز باجماعت ہورہی ہے۔
2 سونامی کا کنٹینر۔ جہاں ڈانس ہورہاہے۔
 ا…",FALSE,0,NA,2019-10-28 16:16:45,FALSE,NA,"1188852108763848707",NA,"<a href=\"http://twitter.com/download/android\" rel=\"nofollow\">Twitter for Android</a>","Malaika18717486",4,TRUE,FALSE,NA,NA
"RT @MoulanaOfficial: آزادی مارچ صوبہ پنجاب کی حدود میں داخل ۔ ۔ ۔
#عوامی_سمندر_اسلام_آباد_کی_طرف https://t.co/VpamrIFyFF",FALSE,0,NA,2019-10-28 16:14:45,FALSE,NA,"1188851604885327872",NA,"<a href=\"http://twitter.com/download/android\" rel=\"nofollow\">Twitter for Android</a>","Malaika18717486",1502,TRUE,FALSE,NA,NA
"RT @MoulanaOfficial: آزادی مارچ کارواں ۔ ۔ ۔
#عوامی_سمندر_اسلام_آباد_کی_طرف https://t.co/MBVLNrqk4T",FALSE,0,NA,2019-10-28 16:14:44,FALSE,NA,"1188851603463376896",NA,"<a href=\"http://twitter.com/download/android\" rel=\"nofollow\">Twitter for Android</a>","Malaika18717486",1743,TRUE,FALSE,NA,NA
"RT @MoulanaOfficial: آزادی مارچ
#عوامی_سمندر_اسلام_آباد_کی_طرف https://t.co/FxSekRDexD",FALSE,0,NA,2019-10-28 16:14:44,FALSE,NA,"1188851601546579970",NA,"<a href=\"http://twitter.com/download/android\" rel=\"nofollow\">Twitter for Android</a>","Malaika18717486",1106,TRUE,FALSE,NA,NA
"RT @Mufti_Asad_: انسانوں کا سیلاب اسلام آباد کا رخ کرچکا اور ایک بڑے طوفان کی صورت میں اسلام آباد میں داخل ہوگا انشاءاللہ
#SavePakistanFrom…",FALSE,0,NA,2019-10-28 16:14:43,FALSE,NA,"1188851597100621824",NA,"<a href=\"http://twitter.com/download/android\" rel=\"nofollow\">Twitter for Android</a>","Malaika18717486",28,TRUE,FALSE,NA,NA
"RT @Mufti_Asad_: #عوامی_سمندر_اسلام_آباد_کی_طرف

#NiaziTeriShamatAyi
#مولانا_آ_رہا_ہے https://t.co/29EGPleOaz",FALSE,0,NA,2019-10-28 16:14:43,FALSE,NA,"1188851597058686978",NA,"<a href=\"http://twitter.com/download/android\" rel=\"nofollow\">Twitter for Android</a>","Malaika18717486",9,TRUE,FALSE,NA,NA
"RT @Mufti_Kakakhail: کاش ایسی فضا بن جائے کہ بدنما رویوں ، نفرت و عداوت ، گالی گلوچ ، لعنت ملامت اور بدزبانی و بدگمانی کے بغیر ہمیں اختلاف…",FALSE,0,NA,2019-10-28 12:58:05,FALSE,NA,"1188802115889704960",NA,"<a href=\"http://twitter.com/download/android\" rel=\"nofollow\">Twitter for Android</a>","Malaika18717486",1582,TRUE,FALSE,NA,NA
"RT @MoulanaOfficial: اس وقت سینئر صحافیوں کو بھی پابندیوں کا سامنا ہے
میڈیا مالکان سے کہتا ہوں کہ میڈیا کی آزادی کیلئے نکلیں
 ہم آپ کی مکمل…",FALSE,0,NA,2019-10-28 12:40:40,FALSE,NA,"1188797732699496454",NA,"<a href=\"http://twitter.com/download/android\" rel=\"nofollow\">Twitter for Android</a>","Malaika18717486",1753,TRUE,FALSE,NA,NA
"RT @MoulanaOfficial: حیدر آباد میں شاندار استقبال
#AzadiMarch27October https://t.co/nPrEaCY2HS",FALSE,0,NA,2019-10-28 12:36:48,FALSE,NA,"1188796756449996802",NA,"<a href=\"http://twitter.com/download/android\" rel=\"nofollow\">Twitter for Android</a>","Malaika18717486",1525,TRUE,FALSE,NA,NA
"RT @alimdar82: خالی کرسیوں کے بلا جواز دھرنے کو ۴ مہینے، صبح شام ٹی وی کی زینت بنانے والے میڈیا ہاؤسز، زرا کچھ دیر یہ مناظر بھی ٹی وی پر دِ…",FALSE,0,NA,2019-10-28 12:36:19,FALSE,NA,"1188796634131582979",NA,"<a href=\"http://twitter.com/download/android\" rel=\"nofollow\">Twitter for Android</a>","Malaika18717486",1244,TRUE,FALSE,NA,NA
"RT @MoulanaOfficial: اس وقت ملک کی بقا خطرے میں ہے ملکی معیشت ڈوب رہی ہے
ہم ملکی سلامتی ، جمہوریت اور آئین کی حفاظت کیلئے نکل چکے
پاکستان ک…",FALSE,0,NA,2019-10-28 12:33:18,FALSE,NA,"1188795874970914818",NA,"<a href=\"http://twitter.com/download/android\" rel=\"nofollow\">Twitter for Android</a>","Malaika18717486",727,TRUE,FALSE,NA,NA
"RT @Mufti_Asad_: یااللہ🤲 نواز شریف شدید علالت میں اور مولا فضل الرحمن اپنی جان خطرے میں ڈال کر جمہوریت کی جنگ لڑ رہے ہیں اُن کی مدد فرمانا…",FALSE,0,NA,2019-10-28 12:30:41,FALSE,NA,"1188795219506094080",NA,"<a href=\"http://twitter.com/download/android\" rel=\"nofollow\">Twitter for Android</a>","Malaika18717486",41,TRUE,FALSE,NA,NA
"RT @MoulanaOfficial: حیدر آباد #AzadiMarch27October https://t.co/8OLrojl4Vq",FALSE,0,NA,2019-10-27 13:23:42,FALSE,NA,"1188446173213941760",NA,"<a href=\"http://twitter.com/download/android\" rel=\"nofollow\">Twitter for Android</a>","Malaika18717486",441,TRUE,FALSE,NA,NA
"@MoulanaOfficial Allah humma itvi tahum al-buda va havvin alai him safara",FALSE,0,"MoulanaOfficial",2019-10-27 13:18:58,FALSE,"1188443905802588160","1188444980328706049","907889245","<a href=\"http://twitter.com/download/android\" rel=\"nofollow\">Twitter for Android</a>","Malaika18717486",0,FALSE,FALSE,NA,NA
"RT @RehamKhan1: The first step towards a free democratic Pakistan. Civilian supremacy for a land destroyed by puppets. https://t.co/szFiDHV…",FALSE,0,NA,2019-10-27 11:49:14,FALSE,NA,"1188422400133795840",NA,"<a href=\"http://twitter.com/download/android\" rel=\"nofollow\">Twitter for Android</a>","Malaika18717486",264,TRUE,FALSE,NA,NA
"RT @MoulanaOfficial: شکریہ اہل کراچی
 #AzadiMarch27October https://t.co/Qt7NNFHEBu",FALSE,0,NA,2019-10-27 10:13:37,FALSE,NA,"1188398334802845698",NA,"<a href=\"http://twitter.com/download/android\" rel=\"nofollow\">Twitter for Android</a>","Malaika18717486",2724,TRUE,FALSE,NA,NA
"RT @HafizHamdullah_: معین قریشی نگران وزیراعظم کیسےبنا ؟
اس کو پہلے لایا گیاپھر اس کا شناختی کارڈ بنا
شوکت عزیز کی شناختی کارڈ کب اور کیسے…",FALSE,0,NA,2019-10-27 10:13:30,FALSE,NA,"1188398309171441665",NA,"<a href=\"http://twitter.com/download/android\" rel=\"nofollow\">Twitter for Android</a>","Malaika18717486",782,TRUE,FALSE,NA,NA
"RT @MoulanaOfficial: پورے ملک سے قافلے روانہ ہورہے ہیں
31 اکتوبر کو انشاءاللہ اسلام اباد میں داخل ہونگے ، 
عمران خان کو استعفی دینا پڑے گا…",FALSE,0,NA,2019-10-27 10:13:26,FALSE,NA,"1188398290775281664",NA,"<a href=\"http://twitter.com/download/android\" rel=\"nofollow\">Twitter for Android</a>","Malaika18717486",1775,TRUE,FALSE,NA,NA
"RT @Mufti_Asad_: ڈھینچوں سرکار !

حافظ حمداللہ کو \"افغانی ایلین\" قرار دینے والوں کو شاید اندازہ نہیں کہ انہوں نے شعوری یا لاشعوری طور پر من…",FALSE,0,NA,2019-10-27 09:57:58,FALSE,NA,"1188394397685166081",NA,"<a href=\"http://twitter.com/download/android\" rel=\"nofollow\">Twitter for Android</a>","Malaika18717486",8,TRUE,FALSE,NA,NA
"RT @juipakofficial: https://t.co/2VwJ7GzmiU",FALSE,0,NA,2019-10-27 09:15:58,FALSE,NA,"1188383829330989057",NA,"<a href=\"http://twitter.com/download/android\" rel=\"nofollow\">Twitter for Android</a>","Malaika18717486",563,TRUE,FALSE,NA,NA
"RT @Mufti_Asad_: رائج ہے میرے دیس میں نفرت کا قائدہ
ہو جس سے اختلاف ۔۔”اس کی شہریت بدل دیجئے” 
#NADRA #PEMRA
#AzadiMarch27October
#میں_حافظ…",FALSE,0,NA,2019-10-27 09:13:39,FALSE,NA,"1188383246272385030",NA,"<a href=\"http://twitter.com/download/android\" rel=\"nofollow\">Twitter for Android</a>","Malaika18717486",24,TRUE,FALSE,NA,NA
"RT @MoulanaOfficial: کراچی سہراب گوٹھ : آزادی مارچ کا باقاعدہ آغاز
#AzadiMarch27October https://t.co/FdW4FJBHza",FALSE,0,NA,2019-10-27 09:03:21,FALSE,NA,"1188380652091138048",NA,"<a href=\"http://twitter.com/download/android\" rel=\"nofollow\">Twitter for Android</a>","Malaika18717486",1902,TRUE,FALSE,NA,NA
"RT @juipakofficial: مہنگائی ، بیروزگاری اور نااہل جعلی حکومت کے خاتمے کیلئے
فیصلہ کن گھڑی \" آزادی مارچ \"
#AzadiMarch27October https://t.co/…",FALSE,0,NA,2019-10-26 17:47:16,FALSE,NA,"1188150112570216449",NA,"<a href=\"http://twitter.com/download/android\" rel=\"nofollow\">Twitter for Android</a>","Malaika18717486",214,TRUE,FALSE,NA,NA
"RT @asjadjui1: جو سیاست اور مذہب میں تفریق کے قائل ہیں دین سے خلافت محمدی سے اور خلافت راشدہ سے جاہل ہیں۔

#Politics_is_Part_Of_Islam",FALSE,0,NA,2019-10-26 17:25:36,FALSE,NA,"1188144662785282053",NA,"<a href=\"http://twitter.com/download/android\" rel=\"nofollow\">Twitter for Android</a>","Malaika18717486",29,TRUE,FALSE,NA,NA
"RT @asjadjui1: سنیٹر حافظ حمد اللہ کی شہریت ختم کرنا در حقیقت دلیل ومنطق کے میدان میں شکست کا اعتراف ہے۔
#AzadiMarch",FALSE,0,NA,2019-10-26 17:25:36,FALSE,NA,"1188144662516764672",NA,"<a href=\"http://twitter.com/download/android\" rel=\"nofollow\">Twitter for Android</a>","Malaika18717486",108,TRUE,FALSE,NA,NA
"Jab tak suraj chand rahy ga Molana tera naam rahy ga (inshallah)",FALSE,0,NA,2019-10-26 10:28:34,FALSE,NA,"1188039709311819776",NA,"<a href=\"http://twitter.com/download/android\" rel=\"nofollow\">Twitter for Android</a>","Malaika18717486",0,FALSE,FALSE,NA,NA
"RT @MoulanaOfficial: قوم اور اپنے کارکنان سے اپیل کرتا ہوں کہ ہمت نہیں ہارنی اب ہمیں قوم کا سہارا بننا ہوگا ، 
ہم حسین ؓکا مؤقف لئے ہوئے ہی…",FALSE,0,NA,2019-10-25 07:24:17,FALSE,NA,"1187630945379201024",NA,"<a href=\"http://twitter.com/download/android\" rel=\"nofollow\">Twitter for Android</a>","Malaika18717486",1342,TRUE,FALSE,NA,NA
