,name,price
0,Galaxy S10 - 6.1-inch 128GB Mobile Phone - Prism Black + ClearView Cover,16499
1,Galaxy J6+ - 6.0-inch 32GB 4G Mobile Phone - Gray,2739
2,Galaxy J4 Core - 6.0-inch 16GB 4G Mobile Phone - Black,1829
3,Galaxy J4 Core - 6.0-inch 16GB 4G Mobile Phone - Blue,1829
4,Galaxy J4 Core - 6.0-inch 16GB 4G Mobile Phone - Gold,1829
5,Galaxy S10+ - 6.4-inch 128GB Mobile Phone - Prism Green + ClearView Cover,18499
6,Galaxy S10+ - 6.4-inch 512GB Mobile Phone - Ceramic White + ClearView Cover,23499
7,Galaxy S10+ - 6.4-inch 512GB Mobile Phone - Ceramic Black + ClearView Cover,23499
8,Galaxy Note9 - 6.3-inch 512GB Dual SIM Mobile Phone - Ocean Blue,18399
9,Galaxy S10+ - 6.4-inch 128GB Mobile Phone - Prism White + ClearView Cover,18499
10,Galaxy S10+ - 6.4-inch 128GB Mobile Phone - Prism Black + ClearView Cover,18499
11,Galaxy S10 - 6.1-inch 128GB Mobile Phone - Prism White + ClearView Cover,16499
12,Galaxy S10+ - 6.4-inch 128GB Mobile Phone - Prism White,18599
13,"Galaxy S8+ - 6.2"" - 64GB Mobile Phone - Coral Blue",10599
14,Galaxy J4 - 5.5-inch Dual SIM 32GB Mobile Phone - Lavendar,2399
15,Galaxy Note9 - 6.4-inch 512GB Dual SIM Mobile Phone - Midnight Black,19695
16,Galaxy J4+ - 6.0-inch 32GB 4G Mobile Phone - Gold,2379
17,Galaxy J4+ - 6.0-inch 32GB 4G Mobile Phone - Black,2379
18,Galaxy Note9 - 6.4-inch 512GB Dual SIM Mobile Phone - Ocean Blue,19590
19,Galaxy Note9 - 6.4-inch 128GB Dual SIM Mobile Phone - Ocean Blue,13999
20,Galaxy A9 (2018) - 6.3-inch 128GB Dual SIM Mobile Phone - Bubblegum Pink,8699
21,Galaxy A7 (2018) - 6.0-inch 128GB Dual SIM 4G Mobile Phone - Blue,5580
22,Galaxy J6+ - 6.0-inch 32GB 4G Mobile Phone - Gray,2799
23,Galaxy J6+ - 6.0-inch 32GB 4G Mobile Phone - Red,2799
24,"Galaxy S7 Edge Duos - 5.5"" - 32GB Dual SIM Mobile Phone - Gold",8700
25,Galaxy Note9 - 6.4-inch 128GB Dual SIM Mobile Phone - Midnight Black,13799
26,"Galaxy Note8 Duos - 6.3"" - 64GB - 4G Dual SIM Mobile Phone - Orchid Grey",10999
27,"Galaxy Note8 Duos - 6.3"" - 64GB - 4G Dual SIM Mobile Phone - Maple Gold",11499
28,Galaxy J4+ - 6.0-inch 32GB 4G Mobile Phone - Pink,2399
29,"Galaxy S8+ - 6.2"" - 64GB Dual SIM Mobile Phone - Maple Gold",10599
30,Galaxy A7 (2018) - 6.0-inch 128GB Dual SIM 4G Mobile Phone - Black,5540
31,Galaxy J4 Core - 6.0-inch 16GB 4G Mobile Phone - Blue,1848
32,"Galaxy S8 - 5.8"" - 64GB Mobile Phone - Midnight Black",8888
33,Galaxy A9 (2018) - 6.3-inch 128GB Dual SIM Mobile Phone - Ocean Blue,8675
34,Galaxy J4 Core - 6.0-inch 16GB 4G Mobile Phone - Black,1848
35,Galaxy A7 (2018) - 6.0-inch 128GB Dual SIM 4G Mobile Phone - Gold,5540
36,Galaxy S10+ - 6.4-inch 128GB Mobile Phone - Prism Black,16499
37,Galaxy A9 (2018) - 6.3-inch 128GB Dual SIM Mobile Phone - Caviar Black,8675
38,"Galaxy S8 - 5.8"" - 64GB Mobile Phone - Maple Gold",8888
39,Galaxy J6+ - 6.0-inch 32GB 4G Mobile Phone - Black,2799
40,"Galaxy J7 (2016) - 5.5"" Dual SIM 4G Mobile Phone - White",3325
41,"Galaxy A3 (2016) - 4.7"" Dual SIM Mobile Phone - Black",2200
42,Galaxy S10 - 6.1-inch 128GB Mobile Phone - Prism White,16599
43,Galaxy Grand Prime Pro - 5.0-inch Dual SIM 16GB Mobile Phone - Silver,1999
44,"Galaxy S8+ - 6.2"" - 64GB Dual SIM Mobile Phone - Midnight Black",10599
45,"Galaxy J5 Pro (2017) Duos - 5.2"" - 32GB - 4G Dual SIM Mobile Phone - Gold",3575
46,"Galaxy S8+ - 6.2"" - 64GB Mobile Phone - Orchid Gray",10599
47,Galaxy Grand Prime Pro (2018) - 5.0-inch Dual SIM 16GB Mobile Phone - Black,1999
48,"Galaxy J7 Pro (2017) Duos - 5.5"" - 32GB - 4G Dual SIM Mobile Phone - Gold",4600
49,"Galaxy Note5 - 5.7"" - 4G Mobile Phone - Black Sapphire",9650
50,"Galaxy J2 - 4.7"" - 3G Dual SIM Mobile Phone - White",2334
51,"Galaxy S7 Edge - 5.5"" - 32GB Mobile Phone - Gold",5900
52,"Galaxy Note8 Duos - 6.3"" - 64GB - 4G Dual SIM Mobile Phone - Orchid Grey",11800
53,"Galaxy J3 (2016) - 5.0"" Dual SIM 3G Mobile Phone - White",2150
54,"Galaxy S8 - 5.8"" - 64GB Mobile Phone - Coral Blue",14999
55,Galaxy A6+ (2018) - 6.0-inch Dual SIM 64GB Mobile Phone - Lavender,7999
56,Galaxy S10+ - 6.4-inch 128GB Mobile Phone - Prism White,18199
57,Galaxy S10 - 6.1-inch 128GB Mobile Phone - Prism White,16399
58,Galaxy S10 - 6.1-inch 128GB Mobile Phone - Prism Black,15475
59,Galaxy S10+ - 6.4-inch 128GB Mobile Phone - Prism White,17499
60,Galaxy S10 - 6.1-inch 128GB Mobile Phone - Prism White,15475
61,"Galaxy S9+ - 6.2"" - 128GB Mobile Phone - Sunrise Gold",14000
62,Galaxy A6 (2018) - 5.6-inch Dual SIM 64GB Mobile Phone - Blue,7499
63,Galaxy S10+ - 6.4-inch 512GB Mobile Phone - Ceramic Black,23499
64,"Galaxy S7 Edge - 5.5"" - 32GB Mobile Phone - Gold",9059
65,"Galaxy S7 Edge - 5.5"" - 32GB Mobile Phone - Silver",9059
66,Galaxy A6+ (2018) - 6.0-inch Dual SIM 64GB Mobile Phone - Blue,7999
67,Galaxy J4 Core - 6.0-inch 16GB 4G Mobile Phone - Gold,1848
68,Galaxy Note9 - 6.4-inch 128GB Dual SIM Mobile Phone - Lavender Purple,15599
69,"Galaxy J7 (2016) - 5.5"" Dual SIM 4G Mobile Phone - Gold",3325
70,Galaxy J4 - 5.5-inch Dual SIM 32GB Mobile Phone - Black,2324
71,Galaxy Grand Prime Pro (2018) - 5.0-inch Dual SIM 16GB Mobile Phone - Gold,2049
72,Galaxy J6 - 5.6-inch Dual SIM 32GB Mobile Phone - Black,3299
73,"Galaxy S8 - 5.8"" - 64GB Mobile Phone - Orchid Gray",8999
74,Galaxy S10+ - 6.4-inch 128GB Mobile Phone - Prism Green,18183
75,"Galaxy Note8 - 6.3"" - 64GB - 4G Single SIM Mobile Phone - Midnight Black",11500
76,"Galaxy J5 Pro (2017) Duos - 5.2"" - 32GB - 4G Dual SIM Mobile Phone - Blue Silver",3498
77,Galaxy J2 Core - 5.0-inch 8GB Dual SIM 4G Mobile Phone - Black,1628
78,Galaxy S10 - 6.1-inch 128GB Mobile Phone - Prism Black,16399
79,Galaxy J2 Core - 5.0-inch 8GB Dual SIM 4G Mobile Phone - Gold,1628
80,"Galaxy S9+ - 6.2"" - 128GB Mobile Phone - Midnight Black",15990
81,Galaxy A9 (2018) - 6.3-inch 128GB Dual SIM Mobile Phone - Caviar Black,8500
82,Galaxy A9 (2018) - 6.3-inch 128GB Dual SIM Mobile Phone - Bubblegum Pink,8699
83,Galaxy S10+ - 6.4-inch 128GB Mobile Phone - Prism Black,17990
84,Galaxy A9 (2018) - 6.3-inch 128GB Dual SIM Mobile Phone - Ocean Blue,8699
85,Galaxy S10 - 6.1-inch 128GB Mobile Phone - Prism White,15990
86,Galaxy A9 (2018) - 6.3-inch 128GB Dual SIM Mobile Phone - Caviar Black,8699
87,Galaxy S10+ - 6.4-inch 128GB Mobile Phone - Prism White,17990
88,Galaxy S10+ - 6.4-inch 128GB Mobile Phone - Prism Green,17990
89,Galaxy A9 (2018) - 6.3-inch 128GB Dual SIM Mobile Phone - Caviar Black,8950
90,Galaxy S10 - 6.1-inch 128GB Mobile Phone - Prism Black,15990
91,"Galaxy S8+ - 6.2"" - 64GB Mobile Phone - Maple Gold",11200
92,"Galaxy J3 Pro (2017) Duos - 5.0"" - 16GB - 4G Dual SIM Mobile Phone - Black",3499
93,Galaxy J4 - 5.5-inch Dual SIM 32GB Mobile Phone - Gold,2329
94,Galaxy J6+ - 6.0-inch 32GB 4G Mobile Phone - Gray,2889
95,Galaxy A6+ (2018) - 6.0-inch Dual SIM 64GB Mobile Phone - Gold,7999
96,"Galaxy S9+ - 6.2"" - 64GB Mobile Phone - Midnight Black",15369
97,Galaxy A6 (2018) - 5.6-inch Dual SIM 64GB Mobile Phone - Black,7499
98,Galaxy A6 (2018) - 5.6-inch Dual SIM 64GB Mobile Phone - Black,5135
99,Galaxy J4+ - 6.0-inch 32GB 4G Mobile Phone - Gold,2400
100,Galaxy J4 - 5.5-inch Dual SIM 16GB Mobile Phone - Black + 8GB Sandisk Memory Card,2744
101,Galaxy Note9 - 6.4-inch 512GB Dual SIM Mobile Phone - Ocean Blue,17999
102,"Galaxy Grand Prime Plus - 5.0"" - 4G Mobile Phone - Black",1470
103,"Galaxy J7 Pro (2017) Duos - 5.5"" - 16GB - 4G Dual SIM Mobile Phone - Gold",4999
104,"Galaxy Grand Prime Plus - 5.0"" - 4G Mobile Phone - Silver",1450
105,Galaxy J2 Core - 5.0-inch 8GB Dual SIM 4G Mobile Phone - Lavender,1628
106,Galaxy J4 - 5.5-inch Dual SIM 16GB Mobile Phone - Black,2999
107,"Galaxy J5 Pro (2017) Duos - 5.2"" - 32GB - 4G Dual SIM Mobile Phone - Black",3500
108,Galaxy A6 (2018) - 5.6-inch Dual SIM 64GB Mobile Phone - Gold,4929
109,"230 - 2.8"" Dual SIM Mobile Phone - Silver",1173
110,1 - 4.5-inch - 8GB Dual SIM Mobile Phone - Dark Blue,940
111,6.1 Plus - 5.8-inch - 64GB Mobile Phone - Blue,4199
112,6.1 Plus - 5.8-inch - 64GB Mobile Phone - White,4099
113,106 (2018) - 1.8-inch Dual SIM Mobile Phone - Dark Grey,399
114,130 (2017) - 1.4-inch Dual SIM Mobile Phone - Red,510
115,106 - 1.8-inch Dual SIM Mobile Phone - Dark Grey,399
116,6.1 - 5.5-inch - 64GB Dual SIM Mobile Phone - Blue/Gold,4339
117,8110 4G - 2.4-inch Dual SIM 4G Mobile Phone - Yellow,1409
118,"3310 (2017) - 2.4"" Dual SIM Mobile Phone - Grey",925
119,"3 - 5.0"" - 16GB Dual SIM 4G Mobile Phone - Matte Black",1999
120,"2 - 5.0"" - 8GB Dual SIM 4G Mobile Phone - Pewter/White",1579
121,"2 - 5.0"" - 8GB Dual SIM 4G Mobile Phone - Pewter/Black",1579
122,"6 - 5.5"" - 64GB Dual SIM 4G Mobile Phone - Arte Black",6499
123,130 -2017 - Dual SIM Mobile Phone - 2G - Black,499
124,"3310 (2017) - 2.4"" Dual SIM Mobile Phone - Yellow",899
125,"3310 (2017) - 2.4"" Dual SIM Mobile Phone - Warm Red",899
126,130 (2017) - 1.4-inch Dual SIM Mobile Phone - Black,459
127,"230 - 2.8"" Dual SIM Mobile Phone - Dark Silver",1999
128,5.1 Plus - 5.86-inch 32GB 4G Mobile Phone - Glacier White,3319
129,"105 (2017) - 1.8"" Dual SIM Mobile Phone - Black",344
130,1 - 4.5-inch - 8GB Dual SIM Mobile Phone - Dark Blue,929
131,"106 (2017) - 1.8 "" Dual SIM Mobile Phone - Camera -Dark Gray",368
132,1 - 4.5-inch - 8GB Dual SIM Mobile Phone - Warm Red,929
133,3.1 Plus - 6.0-inch 32GB Mobile Phone - Blue,2775
134,"130 (2017) - 1.4"" Dual SIM Mobile Phone - Grey",450
135,7 Plus - 6.0-inch - 64GB Dual SIM Mobile Phone - Black/Copper,4799
136,2.1 - 5.5-inch - 8GB Dual SIM Mobile Phone - Blue/Copper,1524
137,3.1 Plus - 6.0-inch 32GB Mobile Phone - Baltic,2750
138,"130 (2017) - 1.4"" Dual SIM Mobile Phone - Camera - Red",459
139,"3310 3G - 2.4"" Dual SIM Mobile Phone - Azure",874
140,"150 - 2.4"" Dual SIM Mobile Phone - Black",615
141,"3 - 5.0"" - 16GB Dual SIM 4G Mobile Phone - Tempered Blue",1670
142,106 (2018) - 1.8-inch Dual SIM Mobile Phone - Dark Grey,364
143,"216 - 2.4"" Dual SIM Mobile Phone - Black",727
144,2.1 - 5.5-inch - 8GB Dual SIM Mobile Phone - Blue/Silver,1529
145,"130 (2017) - 1.4"" Dual SIM Mobile Phone - Camera - Black",470
146,3.1 - 5.2-inch - 16GB Dual SIM Mobile Phone - Black/Chrome,2239
147,"105 (2017) - 1.4"" Dual SIM Mobile Phone - White",358
148,6.1 Plus - 5.8-inch - 64GB Mobile Phone - Black,3979
149,"8 - 5.3"" - 64GB - 4G Mobile Phone - Steel",5999
150,"6 - 5.5"" - 32GB Dual SIM 4G Mobile Phone - Matte Black",3429
151,3.1 - 5.2-inch - 16GB Dual SIM Mobile Phone - Blue/Copper,2255
152,"5 - 5.2"" - 16GB Dual SIM 4G Mobile Phone - Matte Black",2399
153,6.1 Plus - 5.8-inch - 64GB Mobile Phone - Black,3970
154,2.1 - 5.5-inch - 8GB Dual SIM Mobile Phone - Blue/Copper,1515
155,7 Plus - 6.0-inch - 64GB Dual SIM Mobile Phone - Black/Copper,4699
156,1 - 4.5-inch - 8GB Dual SIM Mobile Phone - Dark Blue,929
157,1 - 4.5-inch - 8GB Dual SIM Mobile Phone - Warm Red,929
158,"3310 (2017) - 2.4"" Dual SIM Mobile Phone - Yellow",925
159,"150 - 2.4"" Dual SIM Mobile Phone - White",639
160,6.1 - 5.5-inch - 64GB Dual SIM Mobile Phone - Black/Copper,3999
161,3.1 Plus - 6.0-inch 32GB Mobile Phone - White,2740
162,"216 - 2.4"" Dual SIM Mobile Phone - Blue",732
163,5.1 Plus - 5.86-inch 32GB 4G Mobile Phone - Baltic Sea Blue,3318
164,"150 - 2.4"" Dual SIM Mobile Phone - White",620
165,5.1 Plus - 5.86-inch 32GB 4G Mobile Phone - Night Black,3318
166,3.1 - 5.2-inch - 16GB Dual SIM Mobile Phone - White/Iron,2235
167,150 - Dual SIM Featured Phone - Black,639
168,"105 (2017) - 1.8"" Dual SIM Mobile Phone - White",343
169,"105 (2017) - 1.8"" Dual SIM Mobile Phone - Blue",343
170,iPhone XS - 64GB - Space Gray,20499
171,iPhone XS Max - 256GB - Silver,25499
172,iPhone XS Max - 256GB - Space Gray,24599
173,iPhone 6 - 32GB - Space Gray,6600
174,iPhone XS Max - 256GB - Gold,24999
175,iPhone XS Max - 64GB - Space Gray,22222
176,iPhone XR - 256GB - White,22300
177,iPhone XS - 256GB - Gold,23499
178,iPhone XR - 64GB - White,18600
179,iPhone 7 Plus - 128GB - Black,12990
180,iPhone 7 - 256GB - Black,13775
181,iPhone 7 - 32GB - Rose Gold,9999
182,iPhone XR - 128GB - (Product) Red,19900
183,iPhone 7 Plus - 32GB - Black,13110
184,iPhone 7 - 256GB - Silver,12255
185,iPhone SE - 32GB - Gold,5650
186,iPhone SE - 32GB - Space Gray,5555
187,IPhone XR - 128GB - Black,18905
188,iPhone XR - 128GB - Yellow,19900
189,iPhone XR - 64GB - Yellow,18600
190,iPhone X - 64GB - Space Gray,18950
191,iPhone XS Max Dual SIM - 256GB - Gold,25555
192,IPhone 6 - 32GB - Gold,6199
193,iPhone X - 256GB - Space Gray,20999
194,iPhone 8 Plus - 64GB - Space Gray,14399
195,iPhone XR - 64GB - Coral,15999
196,IPhone XR - 256GB - Black,21185
197,iPhone X - 256GB - Silver,22325
198,iPhone 7 - 32GB - Black,9999
199,iPhone 7 Plus - 128GB - Black,13555
200,iPhone XS - 64GB - Gold,20499
201,iPhone XR - 64GB - Blue,17669
202,iPhone 8 Plus - 64GB - Gold,14150
203,iPhone 7 Plus - 32GB - Gold,11699
204,iPhone 8 - 64GB - Silver,13999
205,Watch Series 3 (GPS) 42mm - Silver Aluminum Case With Fog Sport Band,5999
206,iPhone X - 64GB - Silver,18950
207,iPhone 8 - 64GB - Gold,13999
208,iPhone 6s - 32GB - Space Gray,7199
209,iPhone XR - 128GB - Blue,19900
210,iPhone 6s - 16GB - Rose Gold,7999
211,iPhone 7 Plus - 32GB - Silver,13900
212,iPhone 7 Plus - 32GB - Black,11699
213,iPhone 7 Plus - 128GB - Gold,14999
214,iPhone 8 - 64GB - (Product) Red,13999
215,iPhone XR - 128GB - Coral,17999
216,iPhone 7 Plus - 32GB - Rose Gold,12333
217,iPhone 8 Plus - 64GB - Silver,16100
218,iPhone 8 - 256GB - Gold,14200
219,iPhone XR - 64GB - Black,18600
220,X5515 Smart 2 - 5.5-inch 16GB Dual SIM 4G Mobile Phone - Bordeaux Red,1849
221,X623 Hot 6X - 6.2-inch 16GB Mobile Phone - Bordeaux Red,2419
222,"X623 Hot 6X HD - 6.2"" 4G 32GB Mobile Phone - Midnight Black",2719
223,X604 Note 5 - 6.0-inch 32GB Dual SIM Mobile Phone - Berlin Grey,2999
224,"X559 Hot 5 Lite - 5.5"" - 16GB - 3G Mobile Phone - Super White",1699
225,X604 Note 5 - 6.0-inch 32GB Dual SIM Mobile Phone - Milan Black,2999
226,X573B Hot S3 - 5.65-inch 64GB Mobile Phone - Red,3119
227,X5515 Smart 2 - 5.5-inch 16GB Dual SIM 4G Mobile Phone - Serene Gold,1849
228,"X556 Hot 4 Pro LTE - 5.5"" - 4G Dual SIM Mobile Phone - Anthracite Grey",2195
229,X606D Hot 6 - 6.0-inch 16GB 3G Mobile Phone - Sandstone Black,1989
230,X606D Hot 6 - 6.0-inch 16GB 3G Mobile Phone - Bordeaux Red,1989
231,"X602 Zero 4 Plus - 5.98"" Mobile Phone - Champagne",4935
232,X605 Note5 Stylus - 6.0-inch 32GB Mobile Phone - Champagne Gold,3575
233,X623 Hot 6X HD - 6.2-inch 32GB 4G Mobile Phone - Kente Blue,2850
234,X5515 Smart 2 - 5.5-inch 16GB Dual SIM 4G Mobile Phone - City Blue,1849
235,"X522 Hot S2 Pro - 5.2"" - 32GB Mobile Phone - Champagne Gold",2975
236,X573 Hot S3 - 5.7-inch 32GB Mobile Phone - Topaz Blue,2795
237,X623 Hot 6X - 6.2-inch 16GB Mobile Phone - Kente Blue,2499
238,X605 Note5 Stylus - 6.0-inch 64GB Mobile Phone - Bordeaux Red,4150
239,"X623 Hot 6X HD - 6.2"" 4G 32GB Mobile Phone - Midnight Black",2850
240,X623 Hot 6X HD - 6.2-inch 32GB 4G Mobile Phone - Bordeaux Red,2850
241,X622 Hot S3X - 6.2-inch 64GB Dual SIM Mobile Phone - Milan Black,3999
242,X623 Hot 6X HD - 6.2-inch 32GB 4G Mobile Phone - Bordeaux Red,2895
243,X573 Hot S3 - 5.7-inch 32GB Mobile Phone - Sandstone Black,2899
244,"X522 Hot S2 - 5.2"" - 16GB Mobile Phone - Champagne Gold",2839
245,X605 Note5 Stylus - 6.0-inch 64GB Mobile Phone - Champagne Gold,3959
246,X573 Hot S3 - 5.7-inch 32GB Mobile Phone - Gold Blush,2899
247,"X555 Zero 4 - 5.5"" Mobile Phone - Lilac Grey",3475
248,"X522 Hot S2 - 5.2"" - 16GB Mobile Phone - Quartz Black",2820
249,"X572 Note 4 - 5.7"" - 16GB - 4G Mobile Phone - Milan Black",2570
250,"X572 Note 4 High Edition - 5.7"" - 32GB - 4G Mobile Phone - Champagne Gold",2444
251,"X572 Note 4 High Edition - 5.7"" - 32GB - 4G Mobile Phone - Ice Blue",2389
252,"X572 Note 4 High Edition - 5.7"" - 32GB - 4G Mobile Phone - Milan Black",2444
253,"X557 Hot 4 Pro - 5.5"" Dual SIM Mobile Phone - Luxurious Gold",2256
254,X605 Note5 Stylus - 6.0-inch 64GB Mobile Phone - Bordeaux Red,3589
255,X5515 Smart 2 - 5.5-inch 16GB Dual SIM 4G Mobile Phone - Sandstone Black,1849
256,X623 Hot 6X - 6.2-inch 16GB Mobile Phone - Midnight Black,2419
257,"X556 Hot 4 Pro LTE - 5.5"" - 4G Dual SIM Mobile Phone - Champagne Gold",2195
258,X622 Hot S3X - 6.2-inch 32GB Dual SIM Mobile Phone - Milan Black,2979
259,X604 Note 5 - 6.0-inch 32GB Dual SIM Mobile Phone - Ice Blue,3100
260,Desire 12+ - 6.0-inch 32GB Mobile Phone - Cool Black,2949
261,"Desire 10 Pro - 5.5"" Dual SIM Mobile Phone - Polar White + Energizer Energy E10+ - 1.8-inch Dual SIM Mobile Phone - Black",3199
262,Desire 12+ - 6.0-inch 32GB Mobile Phone - Royal Gold,2949
263,Desire 12 - 5.5-inch 32GB Mobile Phone - Warm Silver,2399
264,"U Play - 5.2"" - 64GB Mobile Phone - Ice White",3199
265,"U Play - 5.2"" - 64GB Mobile Phone - Sapphire Blue",3199
266,10 Evo - 5.5-inch 32GB Mobile Phone - Gold,3375
267,Desire 12 - 5.5-inch 32GB Mobile Phone - Royal Gold,2499
268,"Desire 650 - 5.0"" - 32GB - 4G Mobile Phone - Arctic Night",1959
269,Desire 830 - 5.5-inch 32GB Dual SIM 4G Mobile Phone - Coral White,2099
270,"U Play - 5.2"" - 64GB Mobile Phone - Brilliant Black",3199
271,"U11 - 5.5"" - 128GB Mobile Phone - Amazing Silver",6998
272,"Desire 10 Pro - 5.5"" Dual SIM Mobile Phone - Stone Black + Energizer Energy E10+ - 1.8-inch Dual SIM Mobile Phone - Black",3499
273,"U11+ - 6.0"" - 128GB - 4G Dual SIM Mobile Phone - Ceramic Black",7899
274,"Desire 828 Ultra - 5.5"" Dual SIM Mobile Phone - Grey/Gold",2099
275,"U Play - 5.2"" - 32GB Mobile Phone - Ice White",3729
276,"U Play - 5.2"" - 32GB Mobile Phone - Cosmetic Pink",3729
277,"U Play - 5.2"" - 64GB Mobile Phone - Cosmetic Pink",3199
278,"U11+ - 6.0"" - 128GB - 4G Dual SIM Mobile Phone - Translucent  Black",7999
279,"U Play - 5.2"" - 32GB Mobile Phone - Sapphire Blue",3729
280,"One X9 - 5.5"" Dual SIM Mobile Phone - Topaz Gold",2615
281,"U11 - 5.5"" - 128GB Mobile Phone - Sapphire Blue",6999
282,"Desire 10 Lifestyle - 5.5"" Dual SIM Mobile Phone - Graphite Black",2419
283,"Desire 10 Lifestyle - 5.5"" Dual SIM Mobile Phone - Polar White",2419
284,"U Play - 5.2"" - 32GB Mobile Phone - Brilliant Black",3729
285,"U11 - 5.5"" - 128GB Mobile Phone - Brilliant Black",6998
286,"Desire 728 Ultra Edition - 5.5"" - 4G 32GB Mobile Phone - Black Gold",4199
287,"Desire 10 Pro - 5.5"" Dual SIM Mobile Phone - Stone Black",2999
288,"U Ultra - 5.7"" - 64GB Mobile Phone - Sapphire Blue",4199
289,"U Ultra - 5.7"" - 64GB Mobile Phone - Brilliant Black",4199
290,"Desire 10 Pro - 5.5"" Dual SIM Mobile Phone - Polar White",2998
291,Desire 12 - 5.5-inch 32GB Mobile Phone - Cool Black,2399
292,"Desire 828 Ultra - 5.5"" Dual SIM Mobile Phone - Pearl White",2099
293,Desire 830 - 5.5-inch 32GB Dual SIM 4G Mobile Phone - Black/Gold,2695
294,"U Ultra - 5.7"" - 64GB Mobile Phone - Ice White",4199
295,"U Ultra - 5.7"" - 64GB Mobile Phone - Cosmetic Pink",4199
296,Desire 828 - 5.5-inch 32GB Dual SIM Mobile Phone - Pearl White,2170
297,"One X9 - 5.5"" Dual SIM Mobile Phone - Opal Silver",2615
298,Desire 828 - 5.5-inch 16GB Dual SIM Mobile Phone - Pearl White,1889
299,Mate 20 - 6.53-inch 128GB Mobile Phone - Twilight,11499
300,Mate 20 - 6.53-inch 128GB/4GB Mobile Phone - Midnight Blue,11999
301,Mate 20 - 6.53-inch 128GB Mobile Phone - Midnight Blue,12589
302,Y7 Prime 2018 - 5.99-inch 32GB Dual SIM 4G Mobile Phone - Black,3750
303,Y7 Prime 2018 - 5.99-inch 32GB Dual SIM 4G Mobile Phone - Blue,3750
304,Y5 Lite 2018 - 5.0-inch 16GB 4G Mobile Phone - Black,1699
305,Y7 Prime 2018 - 5.99-inch 32GB Dual SIM 4G Mobile Phone - Gold,3750
306,Y9 (2019) - 6.5-inch 64GB Mobile Phone - Sapphire Blue,4973
307,Y5 Prime 2018 - 5.45-inch Dual SIM 16GB Mobile Phone - Black,2650
308,"Mate 10 Lite - 5.9"" - 64GB 4G Dual SIM Mobile Phone - Aurora Blue",4500
309,Nova 3i - 6.3-inch 128GB Mobile Phone - Pearl White,6000
310,"Y3 II - 4.5"" - 3G Dual SIM 8GB Mobile Phone - Arctic White",1867
311,"Y5 II - 5.0"" - 4G Dual SIM Mobile Phone - Obsidian Black",1790
312,"Honor 6X Dual SIM - 32 GB, 3GB RAM, 4G LTE, WiFi, Silver",3666
313,Y5 Prime 2018 - 5.45-inch Dual SIM 16GB Mobile Phone - Blue,2650
314,"Honor 5X - 5.5"" 16GB, 3GB RAM, 4G LTE Dual SIM Mobile Phone - Gold",2775
315,"Honor 6X Dual SIM - 32 GB, 3GB RAM, 4G LTE, WiFi, Gold",3666
316,"GR5 2017 - 5.5"" - 64GB 4G Mobile Phone - Gold",4400
317,Nova 3 - 6.3-inch 128GB Mobile Phone - Red,7859
318,"Nova Plus - 5.5"" Mobile Phone - Mystic Silver",5539
319,"P10 Lite - 5.2"" Mobile Phone - Midnight Black",4039
320,"GR5 2017 - 5.5"" - 32GB 4G Mobile Phone - Gray",3329
321,Y5 Lite 2018 - 5.0-inch 16GB 4G Mobile Phone - Blue,1950
322,"Y3 2017 - 5.0"" - 8GB - 4G Mobile Phone - Gold",1999
323,"P10 Lite - 5.2"" Mobile Phone - Sapphire Blue",4444
324,"Y5 2017 - 5.0"" - 16GB - 4G Mobile Phone - Gold",2166
325,Y5 Prime 2018 - 5.45-inch Dual SIM 16GB Mobile Phone - Gold,2650
326,"Y3 2017 - 5.0"" - 8GB - 3G Mobile Phone - Gold",1900
327,Y9 (2019) - 6.5-inch 64GB Mobile Phone - Midnight Black,4850
328,"GR5 2017 - 5.5"" - 32GB 4G Mobile Phone - Gold",3329
329,Y5 Prime 2018 - 5.45-inch Dual SIM 16GB Mobile Phone - Black,2299
330,"GR3 2017 - 5.2"" - 16GB 4G Mobile Phone - White",3019
331,"Y3 2017 - 5.0"" - 8GB - 4G Mobile Phone - Gold",1805
332,Nova 3i - 6.3-inch 128GB Mobile Phone - Iris Purple,5199
333,Y5 Lite 2018 - 5.0-inch 16GB 4G Mobile Phone - Blue,1695
334,"Y5 2017 - 5.0"" - 16GB - 4G Mobile Phone - Grey",1909
335,Camon CM - 5.7-inch - 32GB  4G Dual SIM Mobile Phone - City Blue,2649
336,Camon CM - 5.7-inch - 32GB 4G Dual SIM Mobile Phone - Champagne Gold,2222
337,Pouvoir 1 (LA6) - 5.5-inch 16GB Mobile Phone - Ice Blue,1399
338,Pouvoir 1 (LA6) - 5.5-inch 16GB Mobile Phone - Dark Black,1399
339,Pop 1 Pro - 5.5-inch 16GB Dual SIM 3G Mobile Phone - Midnight Black,1299
340,Pop 1 Pro - 5.5-inch 16GB Dual SIM 3G Mobile Phone - Bordeaux Red,1299
341,Pop 1 Pro - 5.5-inch 16GB Dual SIM 3G Mobile Phone - Sapphire Blue,1299
342,F1 - 5.0-inch 8GB Dual SIM Mobile Phone - Elegant Black,1039
343,"Spark (K7) - 5.5"" - 16GB - 3G Dual SIM Mobile Phone - Black",1666
344,Pop 1 Pro - 5.5-inch 16GB Dual SIM 3G Mobile Phone - Bordeaux Red,1529
345,Pouvoir 2 (LA7) - 6.0-inch 16GB 4G Mobile Phone - Champagne Gold,2369
346,"Spark (K7) - 5.5"" - 16GB - 3G Dual SIM Mobile Phone - Coral Blue",1666
347,F1 - 5.0-inch 8GB Dual SIM Mobile Phone - Ice Blue,1080
348,Spark 2 (KA7) - 6.0-inch 16GB Dual SIM 3G Mobile Phone - Black,1850
349,Spark 2 (KA7O) - 6.0-inch 16GB Dual SIM 3G Mobile Phone - Blue,1855
350,"Spark Plus K9 - 6.0"" - 16GB - 3G Dual SIM Mobile Phone - Elegant Blue",2222
351,"WX3 - 5.0"" - 8GB - 3G Dual SIM Mobile Phone - Anthracite Grey",1350
352,Spark 2 (KA7O) - 6.0-inch 16GB Dual SIM 3G Mobile Phone - Gold,2099
353,Pouvoir 2 (LA7) - 6.0-inch 16GB 4G Mobile Phone - City Blue,2399
354,Pop 1 Pro - 5.5-inch 16GB Dual SIM 3G Mobile Phone - Midnight Black,1539
355,"Camon CX Pro - 5.5"" - 32GB - 4G Dual SIM Mobile Phone - Champagne Gold",3200
356,Pouvoir 1 (LA6) - 5.5-inch 16GB Mobile Phone - Amber Gold,1639
357,Pop 1s - 5.5-inch 16GB Dual SIM Mobile Phone - Midnight Black,1629
358,Pop 1s Pro - 5.5-inch 16GB Dual SIM Mobile Phone - Midnight Black,1839
359,Pop 1s Pro - 5.5-inch 16GB Dual SIM Mobile Phone - Champagne Gold,1839
360,"Camon CX - 5.5"" - 4G Dual SIM Mobile Phone - Sky Grey",2702
361,"W5 Lite - 5.5"" Dual SIM Mobile Phone - Space Grey",1650
362,"T349 - 1.77"" Dual SIM Mobile Phone - Dark Black",250
363,"Phantom 6 - 5.5"" - 4G Dual SIM Mobile Phone - Champagne Gold",2999
364,"Spark Plus K9 - 6.0"" - 16GB - 3G Dual SIM Mobile Phone - Anthracite Grey",2399
365,Pop 1 Pro - 5.5-inch 16GB Dual SIM 3G Mobile Phone - Gold,1299
366,Spark 2 (KA7O) - 6.0-inch 16GB Dual SIM 3G Mobile Phone - Midnight Black,1799
367,Phantom 8 - 5.7-inch - 64GB Dual SIM 4G Mobile Phone - Black,3999
368,Phantom 8 - 5.7-inch - 64GB Dual SIM 4G Mobile Phone - Champagne Gold,3999
369,Pop 1 Pro - 5.5-inch 16GB Dual SIM 3G Mobile Phone - Sapphire Blue,1528
370,Pop 1 - 5.5-inch 8GB Dual SIM 3G Mobile Phone - Red,1229
371,Pop 1 - 5.5-inch 8GB Dual SIM 3G Mobile Phone - Blue,1229
372,KR18 - 1.8-inch Dual SIM Mobile Phone - Black,189
373,KR20 - 1.8-inch Dual SIM Mobile Phone - Black,172
374,T3 - 1.77-inch Dual SIM Mobile Phone - Gold,149
375,"KR19 - 1.8"" Dual SIM Mobile Phone - Black/Red",178
376,KR12 - 1.8 -inch Dual SIM Mobile Phone - Black,163
377,KR8 - 1.8-inch Dual SIM Mobile Phone - Black,167
378,KR8 - 1.8-inch Dual SIM Mobile Phone - Blue,167
379,KR11 - 1.8 -inch Dual SIM Mobile Phone - Red,169
380,T3 - 1.77-inch Dual SIM Mobile Phone - Black,149
381,KR11 - 1.8 -inch Dual SIM Mobile Phone - Blue,169
382,KR11 - 1.8 -inch Dual SIM Mobile Phone - Black,169
383,KR6 2.4 Inch Dual Sim Mobile Phone - Black,200
384,KR6 Dual Sim Mobile Phone 2.4  Inch - Yellow,200
385,T3 - 1.77-inch Dual SIM Mobile Phone - Silver,149
386,T3 - 1.77-inch Dual SIM Mobile Phone - Blue,149
387,P10 - 5.5-inch 8GB Dual SIM 3G Mobile Phone - Gold,899
388,KR20 - 1.8-inch Dual SIM Mobile Phone - Black/Red,172
389,KR12 - 1.8 -inch Dual SIM Mobile Phone- Red,163
390,KR12 - 1.8 -inch Dual SIM Mobile Phone - Green,163
391,KR8 - 1.8-inch Dual SIM Mobile Phone - White,167
392,KR6 Dual SIM 2.4-inch Mobile Phone - Orange,200
393,KR10 - 1.8-inch Dual SIM Mobile Phone - White,167
394,T1 - 1.77-inch Dual SIM Mobile Phone - Blue,149
395,KR10 - 1.8-inch Dual SIM Mobile Phone - Blue,167
396,"KR7 - 1.77"" Dual SIM Mobile Phone - Grey",178
397,T1 - 1.77-inch Dual SIM Mobile Phone - Gold,149
398,P10 - 5.5-inch 8GB Dual SIM 3G Mobile Phone - White,899
399,"KR7 - 1.77"" Dual SIM Mobile Phone - Black",178
400,P30 - 5.5-inch 8GB Dual SIM 3G Mobile Phone - Gold,999
401,"KR7 - 1.77"" Dual SIM Mobile Phone - Blue",178
402,P30 - 5.5-inch 8GB Dual SIM 3G Mobile Phone - Black,999
403,P20 - 5.5-inch 8GB Dual SIM 3G Mobile Phone - Gold,999
404,P20 - 5.5-inch 8GB Dual SIM 3G Mobile Phone - Black,999
405,KR18 - 1.8 Inch Dual Camera & SIM Mobile Phone - Yellow,179
406,KR19 1.8 Dual SIM Mobile Phone - Black,178
407,Redmi Note 6 Pro - 6.26-inch 32GB Mobile Phone - Rose Gold,3719
408,Redmi Note 5 - 5.99-inch 64GB Mobile Phone - Gold,3699
409,Mi A2 Lite - 5.84-inch 64GB Dual SIM Mobile Phone - Gold,3300
410,Mi 8 Lite - 6.26-inch 64GB 4G Mobile Phone - Aurora Blue,4579
411,Redmi Note 5 - 5.99-inch 64GB Mobile Phone - Red,3699
412,Redmi 5 - 5.7-inch 32GB - 4G Mobile Phone - Gold,2888
413,Redmi S2 - 5.99-inch 64GB Dual SIM Mobile Phone - Gold,3329
414,Redmi Note 5 - 5.99-inch 64GB Mobile Phone - Black,3625
415,Redmi Note 5 - 5.99-inch 64GB Mobile Phone - Blue,3795
416,Redmi Note 5 - 5.99-inch 32GB Mobile Phone - Black,3222
417,Redmi 6A - 5.45-inch 16GB - 4G Mobile Phone - Gold,1720
418,Redmi 6 - 5.45-inch 32GB - 4G Mobile Phone - Gold,2535
419,Mi A2 - 5.99-inch 32GB Dual SIM Mobile Phone - Gold,4230
420,Redmi Note 6 Pro - 6.26-inch 32GB Mobile Phone - Blue,3560
421,"Mi A1 - 5.5"" - 64GB - 4G Mobile Phone - Gold",3789
422,Mi A2 - 5.99-inch 32GB Dual SIM Mobile Phone - Black,4230
423,Redmi Note 6 Pro - 6.26-inch 32GB Mobile Phone - Black,3618
424,Redmi 5 Plus - 5.99-inch 32GB - 4G Mobile Phone - Gold,3250
425,Mi Mix 2S - 5.99-inch 64GB Mobile Phone - Black,9865
426,"Mi A1 - 5.5"" - 64GB - 4G Mobile Phone - Rose Gold",3789
427,Redmi Note 6 Pro - 6.26-inch 32GB Mobile Phone - Black,3550
428,Mi A2 Lite - 5.84-inch 64GB Dual SIM Mobile Phone - Lite Black,3225
429,Redmi 6A - 5.45-inch 16GB - 4G Mobile Phone - Black,1729
430,Pocophone F1 - 6.18-inch 64GB Mobile Phone - Graphite Black,6650
431,Redmi S2 - 5.99-inch 64GB Dual SIM Mobile Phone - Dark Grey,3329
432,Redmi Note 6 Pro - 6.26-inch 32GB Mobile Phone - Black,3550
433,Redmi 6A - 5.45-inch 16GB - 4G Mobile Phone - Blue,1729
434,Mi 8 Lite - 6.26-inch 64GB 4G Mobile Phone - Midnight Black,4499
435,Mi 8 Lite - 6.26-inch 128GB 4G Mobile Phone - Midnight Black,5444
436,"Mi A1 - 5.5"" - 64GB - 4G Mobile Phone - Black",3789
437,"Pop 4S - 5.5"" - 16GB - 4G Mobile Phone - Dark Grey",1459
438,"3c - 6.0"" - 4G Dual SIM Mobile Phone - Metallic Blue",1555
439,3v (5099U) - 6.0-inch 16GB 4G Mobile Phone - Spectrum Gold,2222
440,"Pop 4S - 5.5"" - 16GB - 4G Mobile Phone - Metallic Gold",1459
441,2051D - Dual SIM 2G Mobile Phone - White,499
442,1054D - 1.8-inch Dual SIM Mobile Phone - Black/Charcoal Gray,325
443,"Pixi 4 (6) - 6.0"" - 16GB - 4G Mobile Phone - Metallic Gold",2069
444,"Pop 4 (6) - 6.0"" - 16GB - 4G Mobile Phone - Black",1849
445,"Pixi 4 (6) - 6.0"" - 8GB - 3G Mobile Phone -  Volcano Black",1415
446,1066D - 1.8-inch Dual SIM Mobile Phone - White,333
447,3L 5034D - 5.5-inch 16GB 4G Mobile Phone - Metallic Gold,1655
448,A5 LED 5085D - 5.2-inch 32GB 4G Mobile Phone - Silver,1999
449,"Pixi 4 (7) - 7.0"" - 16GB - 3G Tablet With Voice Calls -grey",1500
450,3L 5034D - 5.5-inch 16GB 4G Mobile Phone - Metallic Black,1655
451,3 5052D - 5.5-inch 16GB 4G Mobile Phone - Spectrum Black,2099
452,1054D - Dual Sim - 4Mb - 2G - Black/Pure White,299
453,"3c - 6.0"" - 4G Dual SIM Mobile Phone - Black",1974
454,3v (5099U) - 6.0-inch 16GB 4G Mobile Phone - Spectrum Blue,2222
455,2051D - 2.4-inch Dual SIM Mobile Phone - Pure White,459
456,3v (5099U) - 6.0-inch 16GB 4G Mobile Phone - Spectrum Black,2222
457,2051D - 2.4-inch Dual SIM Mobile Phone - Metal Silver,500
458,3C (5026D) - 6.0-inch - 16GB - 3G Mobile Phone - Blue,1568
459,3C (5026D) - 6.0-inch - 16GB - 3G Mobile Phone - Gold,1568
460,1 (5033D) - 5.0-inch 8GB 4G Mobile Phone - Blue,1029
461,1 (5033D) - 5.0-inch 8GB 4G Mobile Phone - Gold,1029
462,1 (5033D) - 5.0-inch 8GB 4G Mobile Phone - Black,1049
463,"A3 5046U - 5.0"" - 16GB - 4G Mobile Phone - Prime Black",1699
464,"Pixi 4 (7) - 7.0"" - 16GB - 3G Tablet With Voice Calls - Volcano Black",1609
465,3L 5034D - 5.5-inch 16GB 4G Mobile Phone - Metallic Blue,1649
466,"Xperia XA1 Ultra - 6.0"" - 32GB Dual SIM Mobile Phone - Gold",3550
467,"Xperia XZ Premium - 5.46"" - 64GB Dual SIM Mobile Phone - Luminous Chrome",6775
468,"Xperia XZ1 - 5.2"" - 64GB - 4G Dual SIM Mobile Phone - Black",5445
469,"Xperia XZ1 - 5.2"" - 64GB - 4G Dual SIM Mobile Phone - Warm Silver",5550
470,"Xperia XA1 - 5.0"" - 32GB Dual SIM Mobile Phone - Black",2999
471,"Xperia XA2 - 5.2"" - 32GB Dual SIM Mobile Phone - Silver",3888
472,"Xperia XZ1 - 5.2"" - 64GB - 4G Dual SIM Mobile Phone - Venus Pink",5550
473,"Xperia XA Ultra Dual - 6.0"" - 4G Dual SIM Mobile Phone - White",3299
474,"Xperia XA Ultra Dual - 6.0"" - 4G Dual SIM Mobile Phone - White",4005
475,"Xperia C4 - 5.5"" Dual SIM Mobile Phone - Black",2990
476,"Xperia XA Dual - 5.0"" - 4G Dual SIM Mobile Phone - Graphite Black",2949
477,"Xperia XA2 Ultra - 6.0"" - 32GB Dual SIM Mobile Phone - Black",6570
478,Xperia XA1 Plus - 5.5-inch - 32GB Dual SIM Mobile Phone - Gold,4059
479,Xperia XA1 Plus - 5.5-inch - 32GB Dual SIM Mobile Phone - Black,4059
480,"Xperia XZ Premium - 5.46"" - 64GB Dual SIM Mobile Phone - Deepsea Black",6775
481,"Xperia XA2 Ultra - 6.0"" - 32GB Dual SIM Mobile Phone - Silver",6399
482,"Xperia XA1 Ultra - 6.0"" - 32GB Dual SIM Mobile Phone - White",3950
483,"Xperia XA Dual - 5.0"" - 4G Dual SIM Mobile Phone - White",2949
484,"Xperia M5 - 5"" Dual SIM Mobile Phone - Black",3350
485,"Xperia Z5 Premium - 5.5"" Dual SIM Mobile Phone - Black",6495
486,"Xperia XA Ultra - 6.0"" - 4G Mobile Phone - Graphite Black",5400
487,"Xperia XA1 Ultra - 6.0"" - 32GB Dual SIM Mobile Phone - Pink",3550
488,"Xperia XZ1 - 5.2"" - 64GB - 4G Dual SIM Mobile Phone - Moonlit Blue",5550
489,"Xperia XA1 - 5.0"" - 32GB Dual SIM Mobile Phone - Gold",2889
490,Xperia XA1 Plus - 5.5-inch - 32GB Dual SIM Mobile Phone - Pink,3444
491,Xperia XA1 Plus - 5.5-inch - 32GB Dual SIM Mobile Phone - Blue,3775
492,"Xperia C4 - 5.5"" Dual SIM Mobile Phone - White",3175
493,"Xperia XA2 - 5.2"" - 32GB Dual SIM Mobile Phone - Black",4029
494,"Xperia L2 - 5.5"" - 32GB Dual SIM Mobile Phone - Pink",2999
495,"Xperia XA2 Ultra - 6.0"" - 32GB Dual SIM Mobile Phone - Gold",6130
496,"Xperia XA Ultra Dual - 6.0"" - 4G Dual SIM Mobile Phone - Graphite Black",4005
497,L8star BM50 Mini Wireless Dialer / 2 SIM Card Mini Phone,350
498,Hope BM50 - 0.66 Mini Mobile Phone And Bluetooth Headset - White,398
499,K3 Dual SIM Mobile Phone 2.4 Inch - Black,499
500,15 M High Speed Cat 7 SSTP RJ 45 Category 7 Flat LAN Cable White,247
501,"SD Card Reader,6 In 1 Multiple SD TF SD CF XD M2 Card Reader Lighting Charging Adapter For IPhone Xs MAX XR X 5S 6 7 8 Plus",245
502,Car Locator / Car Bluetooth FM Transmitter / Dual USB Car Charger 5V 2.1A / Wireless In-Car Radio Adapter(Black+Silvery),230
503,2 Pcs 3 Meter Coil Stretchy RJ9 4P4C Elastic Telephone Cable Black,56
504,30M 98ft RJ11 6P4C Telephone Extension Cable Connector Off White,397
505,"Wireless Car Charger Air Vent Phone Holder Gravity Car Mount 10W Charge For Samsung Galaxy S8, S7, Note 8 5 And 5W Standard Charge For IPhone X, 8/8 Plus & Qi Enabled Devices",280
506,2In1 Usb 3.1 Type C Usb-C Tf Micro-Sd Otg Card Reader For Samsung Galaxy S9 Type-C Phone Otg Card Reader（Gold）,39
507,3 In 1 Multi-Function Usb 3.0 Usb Micro-Usb Type C Tf Sd Card Reader For Pc Mobile Phone Android Otg Adapter,120
508,Wired Headset Music Headset Telephone Headset Headset Ht102R Telephone Rj-11 Connector,264
509,Multi-cable Universal Gray Usb 3 In 1Apple IPhone And Android,45
510,Phone Corded Telephone Analog Desk Wall Mount（black）,204
511,Square Carrying Storage Bag Case For Earphone Cable,69
512,2.5mm To Male PC Flash Sync Cable Screw Lock For Trigger Studio Light,41
513,Front Panel Touch Screen Glass Tablet Display Home Button For IPad 4 With Tools Black,306
514,Replacement RJ9 4P4C Plug Coiled Stretchy Telephone Handsets Cable Line Black,62
515,18M 60ft RJ11 6P4C Telephone Extension Cable Connector White,127
516,"Clip-on Selfie Ring Light For Cellphones, USB Rechargeable LED For IPhone Samsung Galaxy And All Kinds Of Cellphones And Computers, Skin Decoration And Brighten Fill Light (pink)",78
517,"9""-14'' Tablets 360o Rotating Car Headrest Seat Holder Mount For Phones IPad",716
518,"9""-14'' Tablets 360o Rotating Car Headrest Seat Holder Mount For Phones IPad",841
519,Square Carrying Storage Bag Case For Earphone Cable,69
520,Hope BM50 Mini Mobile Phone And Bluetooth Headset - 0.66 Inch - Black,365
521,Find X - 6.42-inch 256GB Dual SIM Mobile Phone - Glacier Blue,14895
522,F9 - 6.3-inch 64GB Dual SIM Mobile Phone - Starry Purple,5175
523,F9 - 6.3-inch 64GB Dual SIM Mobile Phone - Starry Purple + 5000mAh Power Bank,5649
524,F9 Pro - 6.3-inch 64GB Dual SIM Mobile Phone - Twilight Blue,5700
525,A3s - 6.2-inch 32GB Dual SIM Mobile Phone - Red,3519
526,F7 - 6.23-inch - 128GB Dual SIM Mobile Phone - Red,6589
527,A83 - 5.7-inch 32GB Dual SIM 4G Mobile Phone - Champagne,3500
528,"A83 - 5.7 "" Mobile Phone - Black + 8GB Sandisk Memory Card",3680
529,F9 Pro - 6.3-inch 64GB Dual SIM Mobile Phone - Twilight Blue,5899
530,A3s - 6.2-inch 32GB Dual SIM Mobile Phone - Dark Purple,3519
531,F9 - 6.3-inch 64GB Dual SIM Mobile Phone - Starry Purple,5333
532,F9 - 6.3-inch 64GB Dual SIM Mobile Phone - Starry Purple,5500
533,F9 - 6.3-inch 64GB Dual SIM Mobile Phone - Sunrise Red,5180
534,F9 - 6.3-inch 64GB Dual SIM Mobile Phone - Sunrise Red + Power Bank,5450
535,F9 - 6.3-inch 64GB Dual SIM Mobile Phone - Twilight Blue + 5000mAh Power Bank,5649
536,A3s - 6.2-inch 16GB Dual SIM Mobile Phone - Purple,2799
537,A3s - 6.2-inch 16GB Dual SIM Mobile Phone - Red,2799
538,F9 - 6.3-inch 64GB Dual SIM Mobile Phone - Starry Purple,5188
539,A3s - 6.2-inch 16GB Dual SIM Mobile Phone - Purple,2699
540,Find X - 6.42-inch 256GB Dual SIM Mobile Phone - Bordeaux Red,14895
541,A3s - 6.2-inch 16GB Dual SIM Mobile Phone - Red,2649
542,F9 - 6.3-inch 64GB Dual SIM Mobile Phone - Sunrise Red,5200
543,A3s - 6.2-inch 32GB Dual SIM Mobile Phone - Dark Purple,3475
544,F9 - 6.3-inch 64GB Dual SIM Mobile Phone - Twilight Blue,5300
545,A83 - 5.7-inch 32GB Dual SIM 4G Mobile Phone - Black,3690
546,A3s - 6.2-inch 32GB Dual SIM Mobile Phone - Red,3845
547,Zero Dual SIM Mobile Phone - Green,240
548,C4 4SIM Mobile Phone - Blue,399
549,U6 Dual SIM Mobile Phone - Pink,389
550,Zero Dual SIM Mobile Phone - Black,240
551,Zero Dual SIM Mobile Phone -Blue,240
552,U6 Dual SIM Mobile Phone - Silver,389
553,X4 4SIM Mobile Phone - Orange,399
554,Q2 Dual SIM Mobile Phone - Gold,399
555,X4 SIM Mobile Phone -Grey,399
556,C4 - 2.4-inch Quad SIM Mobile Phone - Gold,367
557,Zero Dual SIM Mobile Phone - White,240
558,U6 Dual SIM Mobile Phone - Gold,399
559,X4 - 2.4-inch Quad SIM Mobile Phone - Orange,367
560,U6 - 2.4-inch Dual SIM Mobile Phone - Silver,395
561,C4 - 2.4-inch Quad SIM Mobile Phone - Black,367
562,Zero One - 1.8-inch Dual SIM Mobile Phone - Black,265
563,U6 - 2.4-inch Dual SIM Mobile Phone - Rose Gold,395
564,U6 Dual SIM Mobile Phone - Gold,389
565,C4 4SIM Mobile Phone - Black,425
566,Zero Dual SIM Mobile Phone - Yellow,240
567,U6 Dual SIM Mobile Phone - Gold,399
568,C4 - 2.4-inch Quad SIM Mobile Phone - Blue,390
569,U6 Dual SIM Mobile Phone - Black,389
570,"Iris 41 - 4.5"" Dual SIM Mobile Phone - Gold",1009
571,Iris 51 - 5.0-inch 8GB Dual SIM Mobile Phone - Black & Blue,1115
572,Z61 - 5.45-inch 16GB 4G Mobile Phone - Gold,1675
573,Iris 51 - 5.0-inch 8GB Dual SIM Mobile Phone Gold,1115
574,Z61 - 5.45-inch 16GB 4G Mobile Phone - Black,1675
575,Z61 - 5.45-inch 16GB 4G Mobile Phone - Gold,1589
576,Iris 820 - 5.0-inch 8GB Dual SIM Mobile Phone - Black/Grey,1600
577,R1 - 5.0-inch 16GB Dual SIM 4G Mobile Phone - Grey,2000
578,Iris 820 - 5.0-inch 8GB Dual SIM Mobile Phone - White/Gold,1325
579,Iris 50 - 5.0-inch 8GB Dual SIM Mobile Phone - Black & Blue,1325
580,Iris 820 - 5.0-inch 8GB Dual SIM Mobile Phone - Black+Grey,1325
581,Iris 50 - 5.0-inch 8GB Dual SIM Mobile Phone - Pure Gold,1350
582,Z61 - 5.45-inch 16GB 4G Mobile Phone - Black,1700
583,Iris 41 - 4.5-inch Dual SIM Mobile Phone - Black,1025
584,Iris 820 - 5.0-inch 8GB Dual SIM Mobile Phone - White+Gold,1490
585,"Iris 41 - 4.5"" Dual SIM Mobile Phone - Gold",995
586,Z91 - 5.7-inch 32GB Dual SIM 4G Mobile Phone - Blue,2599
587,P181 - 1.8-inch Dual SIM Mobile Phone - Black/Red,299
588,R1 Lite - 5.0-inch 16GB Dual SIM 4G Mobile Phone - Gold,1329
589,Prime X - 1.8-inch Dual SIM Mobile Phone - White/Gold,333
590,A1 - 5.0-inch 16GB Dual SIM 4G Mobile Phone - Black,2000
591,"F1711 - 1.77"" Dual SIM Mobile Phone - Black/Orange",195
592,"F1707 - 1.77"" Dual SIM Mobile Phone - Black",195
593,"F2401 - 2.4"" Dual SIM Mobile Phone - Black/Blue",350
594,"F1709 - 1.77"" Dual SIM Mobile Phone - Blue",209
595,"Max 7 - 6.98"" - 8GB Dual SIM 3G Mobile Phone - White",1111
596,"W6 - 5.0"" - 3G Dual SIM Mobile Phone - Blue",1135
597,Light One - 16GB Mobile Phone - Gray,1197
598,"X1 - 5.5"" - 3G Dual SIM Mobile Phone - Black",1239
599,"Pro F6 - 5.5"" - 4G Dual SIM 32GB Mobile Phone - Gold",2295
600,"Power P1 - 5.0"" - 3G Dual SIM 8GB Mobile Phone - Blue",1035
601,F1707 - Dual SIM Mobile Phone - Blue,195
602,"F1711 - 1.77"" Dual SIM Mobile Phone - Black/Blue",200
603,"Light One - 5.2"" - 16GB - 3G Mobile Phone - Red",1150
604,"Light One - 5.2"" - 16GB - 3G Mobile Phone - Gold",1150
605,Q1730 - 1.77-inch Dual SIM Mobile Phone - Blue,265
606,"3030 - 1.44"" Dual SIM Mobile Phone – Gray/Black",188
607,"3030 - 1.44"" Dual SIM Mobile Phone – Red/Black",188
608,"6300 - 1.77"" Tri SIM Mobile Phone – Red/Black",225
609,"3010 - 1.77"" Dual SIM Mobile Phone – Gray/Black",222
610,"3060 - 2.4"" Dual SIM Mobile Phone – Gray/Black",299
611,"6100 - 1.77"" Tri SIM Mobile Phone – Red/Black",275
612,"3060 - 2.4"" Dual SIM Mobile Phone – Red/Black",299
613,"3040 - 1.77"" Dual SIM Mobile Phone – Red/Black",225
614,"3010 - 1.77"" Dual SIM Mobile Phone – Red/Black",222
615,"8100 - 2.8"" Tri SIM Mobile Phone - Gold",449
616,"3050 - 1.77"" Dual SIM Mobile Phone – Red/Black",275
617,"6300 - 1.77"" Tri SIM Mobile Phone - Black",225
618,"3031 - 1.44"" Dual SIM Mobile Phone – Red/Black",199
619,"6100 - 1.77"" Tri SIM Mobile Phone – Gray/Black",275
620,"C40L LTE - 4.0"" - 8GB - 4G Mobile Phone - Gold",749
621,C40i 3G - 4'' - 4GB Rom Dual SIM Mobile Phone,695
622,"C40L LTE - 4.0"" - 8GB - 4G Mobile Phone - Blue",749
623,I3 - 5.5''- Dual Sim Mobile Phone - 1GB RAM - 16GB ROM - Gold,1500
624,R180 - 1.77-inch Dual SIM Mobile Phone - Yellow,599
625,"F4 - 2.4"" Dual SIM Mobile Phone - Red/Black",245
626,C40i 3G - 4'' - 4 GB Dual SIM Mobile Phone - Gold,649
627,R180 - 1.77-inch Dual SIM Mobile Phone - Grey,599
628,R180 - 1.77-inch Dual SIM Mobile Phone - Red,599
629,C50L - 5.0'' - 8GB Dual SIM 4G Mobile Phone – Grey,1250
630,"F5 2.8'' Dual Sim,Wireless FM Radio, Budget Phone , Black",509
631,R180 - 1.77-inch Dual SIM Mobile Phone - Orange,599
632,C40i 3G - 4'' - 4 GB Dual SIM Mobile Phone – Grey,625
633,C40i 3G - 4'' - 4GB Rom Dual SIM Mobile Phone,625
634,I3 - 5.5-inch 16GB Dual SIM Mobile Phone - Black,1499
635,C40i 3G - 4'' - Dual SIM Mobile Phone - Black,625
636,"Plus 2 - 4.5"" - 8GB - 3G Mobile Phone - Gold",850
637,"Plus 2 - 4.5"" - 8GB - 3G Mobile Phone - Grey",850
638,Topaz - 5.2inch 16GB Dual SIM 4G Mobile Phone - Black,1475
639,More 3 - 4.0-inch 4GB Dual SIM Mobile Phone - Blue,675
640,More 3 - 4.0-inch 4GB Dual SIM Mobile Phone - Black,675
641,Plus3 4G - 4.5-inch 8GB - 4G Mobile Phone - Grey,887
642,Mini 4 - 1.77-inch Dual SIM Mobile Phone - White/Blue,195
643,Mini 4 - 1.77-inch Dual SIM Mobile Phone - Black/Red,195
644,Mini 4 - 1.77-inch Dual SIM Mobile Phone - Black,195
645,Plus3 4G - 4.5-inch 8GB - 4G Mobile Phone - Black,887
646,Extra 2 - 2.4-inch Dual SIM Mobile Phone - Black,240
647,Extra 2 - 2.4-inch Dual SIM Mobile Phone - Black/Red,240
648,"Nile X - 5.7"" - 64GB - 4G Mobile Phone - Blue",2299
649,B2 - 2.4-inch Dual SIM Mobile Phone - Black,249
650,B1 - 1.8-inch Dual SIM Mobile Phone - Red,199
651,BX - 2.8-inch Dual SIM Mobile Phone - Black,329
652,B1 - 1.8-inch Dual SIM Mobile Phone - Black,199
653,BX - 2.8-inch Dual SIM Mobile Phone - Red,329
654,B2 - 2.4-inch Dual SIM Mobile Phone - Red,249
655,Alpha - 5.0-inch 8GB Dual SIM 3G Mobile Phone - Black/Gold,989
656,I5 - 5.5-inch 16GB Dual SIM 4G Mobile Phone - Grey,1849
657,B8 - 2.4 Inch Dual SIM Mobile Phone - Black,279
658,Z2 5.5 Inch (18.9) - 16 GB Mobile Phone - Blue,1899
659,"Z2 - 5.5"" - 16 GB Mobile Phone - Black",1899
660,I5 - 5.5-inch 16GB Dual SIM 4G Mobile Phone - Black,1849
661,B8 - 2.4 Inch Dual SIM Mobile Phone - Blue,279
662,"M5c - 5.0"" - 16GB - 4G Mobile Phone - Black",1299
663,"M5c - 5.0"" - 16GB - 4G Mobile Phone - Gold",1299
664,"M5 - 5.2"" - 16GB Mobile Phone - Matte Black",1549
665,"M5 Note - 5.5"" - 16GB Mobile Phone - Gold",2395
666,M6T - 5.7-inch 32GB 4G Mobile Phone - Black,2720
667,M6T - 5.7-inch 16GB 4G Mobile Phone - Blue,2220
668,M6T - 5.7-inch 32GB 4G Mobile Phone - Champagne Gold,2720
669,M6T - 5.7-inch 16GB 4G Mobile Phone - Champagne Gold,2220
670,M6T - 5.7-inch 32GB 4G Mobile Phone - Coral Red,2720
671,M6T - 5.7-inch 32GB 4G Mobile Phone - Blue,2720
672,M6T - 5.7-inch 16GB 4G Mobile Phone - Coral Red,2220
673,"M5 - 5.2"" - 16GB Mobile Phone - Champanage Gold",1525
674,"N50 - 5.0"" Dual SIM Mobile Phone - Black/Gold",1460
675,"IFoo U50 - 5.0"" Dual SIM 3G Mobile Phone - Black Gold",1439
676,"IFoo U50 - 5.0"" Dual SIM 3G Mobile Phone - Black Silver",1439
677,IFoo A101 Dual SIM - 16GB - 1GB RAM - 3G - Grey,1230
678,"N50 - 5.0"" Dual SIM Mobile Phone - White",1460
679,IFoo A101 Dual SIM - 16GB - 1GB RAM - 3G - White,1230
680,IFoo A101 Dual SIM - 16GB - 1GB RAM - 3G - Gold,1230
681,"IFoo H55 - 5.5"" Dual SIM 3G Mobile Phone - White",1285
682,"G4 - 5.5"" Dual SIM 4G Mobile Phone - Gold",1840
683,"G4 - 5.5"" Dual SIM 4G Mobile Phone - Blue",1840
684,"U200 - 5.0"" Dual SIM 4G Mobile Phone - Black/Silver",1966
685,"Blade L110 - 4.0"" - 4GB Dual SIM Mobile Phone - Black",625
686,"Blade L5 - 5.0"" - 8GB Dual SIM Mobile Phone - Grey",879
687,"Blade C342 - 4.0"" - 3G Dual SIM Mobile Phone - Black",699
688,"Axon 7 mini - 5.2"" - 32GB Dual SIM 4G Mobile Phone - Ion Gold",2888
689,"Blade V7 Max - 5.5"" - 32GB Dual SIM 4G Mobile Phone - Gold",2222
690,"Blade V7 Lite - 5.0"" - 4G Dual SIM Mobile Phone - Gold",1689
691,C2 Pro - 5.0-inch 8GB Dual SIM Mobile Phone - Silver,994
692,C2 Pro - 5.0-inch 8GB Dual SIM Mobile Phone - Rose Gold,994
693,"K360 - 2.4"" Dual SIM Mobile Phone - Yellow",233
694,C2 Pro - 5.0-inch 8GB Dual SIM Mobile Phone - Blue,994
695,C2 Pro - 5.0-inch 8GB Dual SIM Mobile Phone - Black,994
696,E7 - 4.8-inch 4GB Dual SIM Mobile Phone - Black,799
697,"C1 Dual SIM Mobile Phone - 4GB, 512MB RAM, 3G, Black",766
698,C2 Pro - 5.0-inch 8GB Dual SIM Mobile Phone - Gold,994
699,E7 - 4.8-inch 4GB Dual SIM Mobile Phone - Red,799
700,"K360 - 2.4"" Dual SIM Mobile Phone - Black",233
701,"Vibe C2 (K10a40) - 5.0"" - 8GB Dual SIM 4G Mobile Phone - Black",1779
702,K5 Play - 5.7-inch 16GB 4G Mobile Phone - Blue,2500
703,S5 - 5.7-inch 32GB 4G Mobile Phone - Midnight Black,3888
704,K5 Play - 5.7-inch 16GB 4G Mobile Phone - Black,2475
705,"Vibe C2 Power (K10a40) - 5.0"" Dual SIM 4G Mobile Phone - Black",2124
706,"K6 (K33a48) - 5.0"" - 16GB - 4G Mobile Phone - Gold",2350
707,K8 Note - 5.5-inch Dual SIM 64GB Mobile Phone - Venom Black,2950
708,K8 Note - 5.5-inch Dual SIM 64GB Mobile Phone - Gold,2925
709,K320t - 5.7-inch 16GB 4G Mobile Phone - Black,2019
710,"K8 - 1.77"" Dual SIM Mobile Phone - Black",199
711,"K7 - 1.77"" Dual SIM Mobile Phone - Black",399
712,I666 - 2.8-inch Dual SIM Mobile Phone - White,296
713,K3 Dual Sim 2.4 Inch - Camera + Flash - Red,275
714,I222 - 2.4-inch Dual SIM Mobile Phone - White,270
715,I222 - 2.4-inch Dual SIM Mobile Phone - Blue,270
716,"K6 (2017) - 1.77"" Dual SIM Mobile Phone - Black",399
717,I222 - 2.4-inch Dual SIM Mobile Phone - Black,270
718,"Moto Z - 5.5"" 32GB Mobile Phone - White",3999
719,"Moto G6 - 5.7"" - 4G 64GB Smartphone - Deep Indigo",3899
720,"Moto Z Play - 5.5"" 32GB Mobile Phone - White",6000
721,Moto E5 Plus - 6.0-inch 32GB 4G Dual SIM Mobile Phone - Grey,2949
722,"Moto C - 5.0"" - 8GB - 3G Mobile Phone - Starry Black",1539
723,Moto E5 Plus - 6.0-inch 16GB 4G Mobile Phone - Black,2949
724,Power 1 Dual SIM Mobile Phone - Black,199
725,G1 - Dual SIM Mobile Phone - Black,209
726,Power 1 Dual SIM Mobile Phone - Gray,199
727,G2 - Dual SIM Mobile Phone - Black,259
728,G1 - Dual SIM Mobile Phone - Off White,209
729,Power 1 Mobile Phone - Off White,199
730,"V7s - 5"" Dual SIM Mobile Phone - Gold",949
731,X1 - 5.67-inch 32GB 4G Mobile Phone - Blue,2499
732,V2 - 2.4-inch Dual SIM Mobile Phone - Grey,230
733,C1 - 4.95-inch 8GB Dual SIM 3G Mobile Phone - Blue,1039
734,C1 - 4.95-inch 8GB Dual SIM 3G Mobile Phone - Gold,1039
735,V1 - 1.77-inch Dual SIM Mobile Phone - Green,190
736,X1 - 5.67-inch 32GB 4G Mobile Phone - Black,2210
737,X1 - 5.67-inch 32GB 4G Mobile Phone - Gold,2499
738,G2 - 2.2-inch Dual SIM Mobile Phone - Orange,250
739,G2 - 2.2-inch Dual SIM Mobile Phone - Red,250
740,G30 - 2.4-inch Dual SIM Mobile Phone - Gold,250
741,G20 - 1.77-inch Dual SIM Mobile Phone - White/Grey,190
742,G30 - 2.4-inch Dual SIM Mobile Phone - Black,250
743,G30 - 2.4-inch Dual SIM Mobile Phone - Blue,250
744,G30 - 2.4-inch Dual SIM Mobile Phone - Red,250
745,Upulse - 5.5-inch 32GB Dual SIM 4G Mobile Phone - Red,2999
746,Upulse - 5.5-inch Dual SIM 4G Mobile Phone - Black,2175
747,Lenny 3 Max Dual Sim - 16 GB - Gold,1320
748,Harry - 5.0-inch 16GB Dual SIM 4G Mobile Phone - Gold,1589
749,Harry - 5.0-inch 16GB Dual SIM 4G Mobile Phone - Anthracite,1580
750,U Feel Prime - 5'' - 32GB 4GB Ram - Dual Sim Mobile Phone - Gold,1999
751,S8 - 5.7-inch 64GB 4G Mobile Phone - Coral Blue,3199
752,S6 - 5.7-inch 16GB 4G Mobile Phone - Gold,1999
753,S8 - 5.7-inch 64GB 4G Mobile Phone - Magic Black,3199
754,S6 - 5.7-inch 16GB 4G Mobile Phone - Black,1999
755,S6 - 5.7-inch 16GB 4G Mobile Phone - Silver,1999
756,"A9 Pro - 5.0"" - 4G - Mobile Phone - pearl white",1900
757,A7 Pro - 5.0-inch 16GB - 4G Dual SIM Mobile Phone - Black,1399
758,Energy E10+ Mobile Phone - Black,199
759,"H550S - 5.5"" Dual SIM SmartPhone - Black",6999
760,"H500S - 5.0"" Dual SIM SmartPhone - Black",3199
761,Energy E10+ - 1.8-inch Dual SIM Mobile Phone - Black,219
762,Energy E11 - 1.8-inch Dual SIM Mobile Phone - Black,275
763,PowerMax P20 - 4000mAh - Black,599
764,10 - 5.84-inch 64GB Dual SIM Mobile Phone - Phantom Blue,6999
765,7A - 5.7-inch 16GB Dual SIM Mobile Phone - Black,2389
766,10 Lite - 6.21-inch 64GB Mobile Phone - Midnight Black,3777
767,10 Lite - 6.21-inch 64GB Mobile Phone - Red,3777
768,10 Lite - 6.21-inch 64GB Mobile Phone - Sky Blue,3777
769,10 Lite - 6.21-inch 64GB Mobile Phone - Sapphire Blue,3777
770,2 Pro - 6.3-inch 128GB Mobile Phone - Black Sea,5999
771,2 Pro - 6.3-inch 128GB Mobile Phone - Black Sea,5990
772,2 Pro - 6.3-inch 128GB Mobile Phone - Black Sea,4990
773,2 Pro - 6.3-inch 64GB Mobile Phone - Ice Lake,3790
774,2 Pro - 6.3-inch 64GB Mobile Phone - Black Sea,3790
775,A1 Lite Dual Sim - 32GB - 3GB RAM - 4G LTE - 4000mAh Battery - 20 MP Silfie - 13 MP Front Cam - Gold,2449
776,F205 Lite - 5.47-inch 16GB Dual SIM 4G Mobile Phone - Gold,1599
777,F205 Lite - 5.47-inch 16GB Dual SIM 4G Mobile Phone - Black,1599
778,S11 lite - 5.7-inch 32GB Mobile Phone - Black,2499
779,S11 lite - 5.7-inch 32GB Mobile Phone - Gold,2499
780,D3 - 1.77-inch Dual SIM Mobile Phone - Black,195
781,D1 - 1.77-inch Dual SIM Mobile Phone - Black Red,200
782,D1 - 1.77-inch Dual SIM Mobile Phone - Black/Blue,200
783,D3 - 1.77-inch Dual SIM Mobile Phone - Dark Blue,220
784,ZIOX F9 PRO - 5-inch 16GB Dual SIM 4G Mobile Phone - Blue,1199
785,ZIOX F9 PRO - 5-inch 16GB Dual SIM 4G Mobile Phone - Gold,1199
786,ZIOX F9 PRO - 5-inch 16GB Dual SIM 4G Mobile Phone - Black,1199
787,"L675 - 5.0"" Dual SIM 4G Mobile Phone - White",999
788,"F23 - 5.5"" - Dual SIM 4G Mobile Phone - Gold",1900
789,"F22 - 5.5"" Dual SIM 4G Mobile Phone - Gold",1299
790,F23 Dual SIM Smartphone - 2GB RAM - 16GB - Grey,1900
791,"F20 - 5.5"" Dual SIM 4G Mobile Phone - Black",1800
792,Fire - 5.34-inch 8GB 4G Mobile Phone - Gold,1300
793,S1 - 5.5-inch 32GB Dual SIM 4G Mobile Phone - Black,2220
794,S61 - 5.2-Inch 64 GB Mobile Phone - Black,22222
795,S61 Rugged Smartphone LTE - Black,22000
796,It5613 - 2.4'' Dual SIM Mobile Phone - Calx,343
797,"S31 - 5.5"" Dual SIM Mobile Phone - Champagne Gold",1694
798,K10  - 6GB RAM - 64GB ROM - 4G Phablet - Black,10000
799,K10 - 6.0-Inch 64GB Phablet - Black,10000
800,"F9 - 1.8"" Dual SIM Car Shaped Mobile Phone - White",349
801,"F9 - 1.8"" Dual SIM Car Shaped Mobile Phone - Black",443
802,"Ice 3 - 5.0"" - 8GB Dual SIM 4G Mobile Phone - Black",1500
803,CB443-2  Micro USB Cable ,130
804,L1 - 2G Dual SIM Mobile Phone - Black,222
805,Q77 Kids Tablet - White,622
806,Triple Sim Mobile With 5000 MAh Battery,1760
807,Power 5S - 6.0 Inch - 13000mAh Battery 4G Phablet  - Gray,10000
