,mobiles,prices
0,Apple iphone XR - 128GB - Face ID - Blue - (Official warranty),19899
1,Apple iPhone XS Max - 256GB - Face ID - Space Gray (Official warranty),30699
2,Apple iPhone SE - 32GB - Gold,5289
3,Apple iPhone SE - 32GB - Space Grey,5289
4,Apple iPhone XS Max - 64GB - Face ID - Gold - (Offical warranty),26999
5,Apple iPhone XS Max - 64GB - Face ID - Gray - (Official Warranty),26999
6,Apple iphone XR - 64GB - Face ID - Red - (Official warranty),18599
7,Apple iphone XR - 64GB - Face ID - Blue - (Official warranty),18599
8,Apple IPhone 6 - 32GB - Gold - (Official Warranty),6599
9,Apple iPhone X - 3GB RAM - 64GB - Face ID - Silver - (Official Warranty),19949
10,Apple iPhone 8 Plus - 3GB RAM - 64GB - Fingerprint - Gray - (Official Warranty),16949
11,Apple iPhone 8 Plus - 3GB RAM - 64GB - Fingerprint - Gold - (Official Warranty),16949
12,Apple iPhone X - 3GB RAM - 64GB - Face ID - Gray - (Official Warranty),19949
13,Apple iPhone X - 256GB - Face ID - Gray - (Official Warranty),25499
14,Iphone 6s 32 GB  (Official warranty) Grey,7990
15,HTC Desire 10 Pro - 4GB RAM -  64GB ROM - Polar White,3199
16,HTC Desire 10 Pro - 4GB RAM -  64GB ROM - Graphite Black,3199
17,Infinix Hot 6X-X623 - 3GBRAM - 32GB - Fingerprint - Black,2839
18,Infinix Hot S3X - 3GB RAM - 32GB - Fingerprint - Blue,3099
19,Infinix Hot S3X - 3GB RAM - 32GB - Fingerprint - Black,3099
20,Infinix Hot 6 Pro (X608) - 2GB RAM -16GB - Fingerprint - Gold,2549
21,Oppo F9 - 6GB RAM - 64GB - Fingerprint - Starry Purple,5989
22,OPPO A3s - 2GB RAM - 16GB - Red,2689
23,Oppo F9 - 4GB RAM - 64GB - Fingerprint - Starry Purple,5489
24,OPPO F7 - 6GB RAM - Internal Storage 128GB - Fingerprint - Red,5990
25,OPPO A83 - 3GB RAM - 32GB - Black,3689
26,OPPO A83 - 3GB RAM - 32GB - Gold,3689
27,Tecno Camon X - 3GB RAM - 32GB - FingerPrint - Gold,2599
28,Samsung Galxy J4 core (J410FD) - 1GB RAM - 16GB - Gold,2025
29,Samsung Galaxy S10+ - 8GB RAM - 128GB - UltraSonic FingerPrint - Prism Green,18499
30,Samsung Galaxy S10+ - 8GB RAM - 512GB - UltraSonic FingerPrint - Ceramic White,23499
31,Samsung Galaxy S10+ - 8GB RAM - 512GB - UltraSonic FingerPrint - Ceramic Black,23499
32,Samsung Galaxy S10+ - 8GB RAM - 128GB - UltraSonic FingerPrint - Prism White,18499
33,Samsung Galaxy S10+ - 8GB RAM - 128GB - UltraSonic FingerPrint - Prism Black,18499
34,Samsung Galaxy S10 - 8GB RAM - 128GB - UltraSonic FingerPrint - White,16499
35,Samsung Galaxy S10 - 8GB RAM - 128GB - UltraSonic FingerPrint - Black,16499
36,Samsung Galxy J4 core (J410FD) - 1GB RAM - 16GB - Blue,2025
37,Samsung Galxy J4 core (J410FD) - 1GB RAM - 16GB - Black,2025
38,Samsung Galaxy A9 - 6GB RAM - 128GB - Fingerprint - Pink,10499
39,Samsung Galaxy A9 - 6GB RAM - 128GB - Fingerprint - Blue,10499
40,Samsung Galaxy A9 - 6GB RAM - 128GB - Fingerprint - Black,10499
41,Samsung Galaxy Note 9 - 8GB RAM - 512GB - Fingerprint - Black,19499
42,Samsung Galaxy J4 Plus - 2GB RAM - 32GB - Gold,2619
43,Samsung Galaxy Note 9 Dual SIM - 6GB RAM 128GB - Blue,18299
44,Samsung Galaxy A6 Plus - 4GB RAM - 64GB - Fingerprint - Gold,5399
45,Samsung Galaxy J4 (J400F) - 2GB RAM - 16GB - Black,2699
46,Samsung Galaxy S9 Plus (G965FD) - 6GB RAM - 128GB - Fingerprint - Purple,17799
47,Samsung Galaxy S9 (G960FD) - 4GB RAM - 64GB - Fingerprint - Black,15099
48,Samsung Galaxy J6 Plus - 3GB RAM - 32GB - Fingerprint - Grey,2999
49,Samsung Galaxy J6 Plus - 3GB RAM - 32GB - Fingerprint - Red,2999
50,Samsung Galaxy Note 9 - 8GB RAM - 512GB - Fingerprint - Blue,19499
51,Samsung Galaxy J6 Plus - 3GB RAM - 32GB - Fingerprint - Black,2999
52,Samsung Galaxy J4 Plus - 2GB RAM - 32GB - Black,2619
53,Samsung Galaxy Note 9 Dual SIM - 6GB RAM - 128GB - Purple,18299
54,Samsung Galaxy Note 9 Dual SIM - 6GB RAM - 128GB - Midnight Black,18299
55,Samsung Galaxy S9 (G960FD) - 4GB RAM - 64GB - Fingerprint - Purple,11699
56,Sony Xperia XZ2 - 4GB RAM - 64GB - Fingerprint - Liquid Black,10499
57,Sony XZ1 - 4GB RAM - 64GB - Fingerprint - Black + Free Cover and Screen,5499
58,Sony Xperia XZ Premium - 4GB RAM - 64GB - Fingerprint - Chrome,6999
59,Sony Xperia XA1 Ultra - 4GB RAM - 32GB - White + (FREE Cover+ Screen Protector),3999
60,Sony XA Ultra - 3 GB Ram - 16 GB - Limon Gold,2999
61,Xiaomi MI 8 Lite - 6GB RAM - 128GB - Fingerprint - BLack,5444
62,Xiaomi MI 8 Lite - 4GB RAM - 64GB - Fingerprint - BLack,4666
63,Xiaomi Redmi Note 6 Pro - 3GB RAM - 32GB - Fingerprint - Black,3499
64,Xiaomi Redmi 6 - 4GB RAM - 64GB - Fingerprint - Black,2888
65,Xiaomi MI A2 lite - 4GB RAM - 64GB - Fingerprint - Gold,3299
66,Xiaomi MI A2 lite - 4GB RAM - 64GB - Fingerprint - Black,3299
67,Xiaomi Redmi Note 5 - 3 GB RAM - 32GB - Fingerprint - Gold,3333
68,Viwa X6 - 2GB RAM - 16GB - Gold,1749
69,Lenovo K8 Note -4GB RAM - 64GB - Fingerprint - Venom Black,3249
70,Motorola Moto E5 Plus - 3GB RAM - 32GB - Fingerprint - Gold,2999
71,Motorola Moto One - 4GB RAM - 64GB - Fingerprint - Black,4199
72,Motorola Moto E4 Plus SS (XT1771) - 3GB RAM - 16GB - Fingerprint - Single SIM - Gold,1999
73,Nokia 5.1 Plus - 3GB RAM -32GB - Fingerprint - Blue,3649
74,Nokia 5.1 Plus - 3GB RAM -32GB - Fingerprint - Black,3649
75,Nokia 1 (TA-1056) - 1GB RAM - 8GB - Red,1220
76,Nokia 3.1Plus - 3GB RAM - 32GB - Fingerprint - Baltic,3049
77,Nokia 3.1Plus - 3GB RAM - 32GB - Fingerprint - Blue Silver,3049
78,Nokia 2.1 - 1GB RAM - 8GB -  Blue Silver,1799
79,Nokia 2.1 - 1GB RAM - 8GB - Blue Copper,1799
80,Nokia 1 (TA-1056) - 1GB RAM - 8GB - Blue,1220
81,Nokia 3 (TA-1032) - 2GB RAM - 16GB - Blue,2349
82,Nokia 6.1 plus - 4GB RAM - 64GB - Fingerprint - Black,4499
83,Nokia 6.1 plus - 4GB RAM - 64GB - Fingerprint - Blue,4499
84,Nokia 3.1 - 2GB RAM - 16GB - Blue,2549
85,Nokia 2 (TA-1029) - 1GB RAM - 8GB - Black,1685
86,Nokia 7 Plus (TA-1046) - 4GB RAM - 64GB - Fingerprint - Black,4999
87,Huawei Mate 20 - 6GB RAM - 128GB - Fingerprint - Midnight Blue,12399
88,Huawei Nova 3 - 4GB RAM - 128GB - Fingerprint - Red,7999
89,Huawei Mate 20 - 6GB RAM - 128GB - Fingerprint - Twilight,12399
90,ITEL 5613 - Dual Sim - Silver,329
91,ITEL 5613 - Dual Sim - Gray Calx,329
92,Meizu M6 Note - 4GB RAM - 64GB - Fingerprint - Blue,2999
93,Meizu M6 Note - 4GB RAM - 64GB - Fingerprint - Gold,2999
94,Meizu M5 - 2GB RAM - 16GB - Fingerprint - Black,1699
95,Meizu M5 - 2GB RAM - 16GB - Fingerprint - Gold,1699
96,Meizu M5 - 3GB RAM - 32GB ROM - Fingerprint - Gold,1999
97,Lava Iris 50 - 1GB RAM - 8GB - Dark Blue,1199
98,Imobily I666 - Dual Sim - Red,299
99,Imobily I666 - Dual Sim - White,299
100,Imobily I222 - Dual SIM - Blue,279
101,Imobily I666 - Dual Sim - Black,299
102,Imobily I222 - Dual SIM - Black,279
103,Imobily I222 - Dual SIM - White,279
104,Imobily SG 008 Tablet - 8GB - 512MB RAM - Black,999
105,Honor 10 Lite - 3GB RAM - 64GB - Fingerprint - Red,3777
106,Honor 10 Lite - 3GB RAM - 64GB Internal Memory - FingerPrint - Blue,3777
107,Honor 9 Lite - 3GB RAM - 32GB - Fingerprint - Blue,2999
108,Honor 10 -  4GB RAM - 128GB - Fingerprint - Blue,6999
109,Honor 7A - 2GB RAM -16GB - Fingerprint - Blue,2399
110,Honor 7A - 2GB RAM -16GB - Fingerprint - Black,2399
111,Energizer Energy E10 Plus - Dual SIM - Black,249
112,Energizer Power Max P20 - Dual SIM - Black,599
