SamsungGalaxy S10 Plus 512GB,219999
SamsungGalaxy S10 Plus,179999
SamsungGalaxy Note 9 512GB,170000
SamsungGalaxy S10,164999
SamsungGalaxy Note 9,139999
SamsungGalaxy S9 Plus 128GB,111999
SamsungGalaxy S9 Plus,110999
SamsungGalaxy A9 2018,99999
SamsungGalaxy S9,91000
SamsungGalaxy Note 8,89999
SamsungGalaxy S8 Plus,84999
SamsungGalaxy S8,N/A
SamsungGalaxy A8 Plus 2018,63999
SamsungGalaxy A7 2018,57999
SamsungGalaxy A8 2018,56999
SamsungGalaxy A6 Plus 2018,49999
SamsungGalaxy A7 2017,44999
SamsungGalaxy A6,42899
SamsungGalaxy A5 2017,41999
SamsungGalaxy J8 2018,40999
SamsungGalaxy J7 Pro,34999
SamsungGalaxy J7 Pro 64GB,34500
SamsungGalaxy C7,32800
SamsungGalaxy J7 Max,32499
SamsungGalaxy J6 Plus,30999
SamsungGalaxy A3 2017,29999
SamsungGalaxy J5 Pro,29999
SamsungGalaxy J7 Prime,28999
SamsungGalaxy J7 Pro 32GB,28999
SamsungGalaxy J6,27999
SamsungGalaxy J7 2016,26999
SamsungGalaxy J4 Plus,23499
SamsungGalaxy J7 Core 3GB,22999
SamsungGalaxy J5 2016,22499
SamsungGalaxy J4,19999
SamsungGalaxy J5 Prime,18999
SamsungGalaxy J7 Core,18999
SamsungGalaxy J4 Core,18499
SamsungGalaxy Grand Prime Plus,17700
SamsungGalaxy Grand Prime,16999
SamsungGalaxy Grand Prime Pro,16999
SamsungGalaxy J2 Core,16799
SamsungGalaxy J3,16500
SamsungGalaxy J2 Prime,15999
SamsungGalaxy J2,15300
SamsungGalaxy J1 2016,14999
SamsungGalaxy Note 5,N/A
SamsungGalaxy Core Prime,N/A
SamsungGalaxy J7 2017,N/A
SamsungGalaxy J1,N/A
SamsungGalaxy J5 2017,N/A
SamsungGalaxy S6,N/A
SamsungGalaxy S7 Edge,N/A
SamsungGalaxy S7 Edge 128GB,N/A
SamsungGalaxy Note7R,N/A
SamsungGalaxy A7,N/A
SamsungGalaxy S6 Edge Plus,N/A
SamsungGalaxy Grand Max,N/A
SamsungGalaxy J1 Ace,N/A
SamsungGalaxy J3 2017,N/A
SamsungGalaxy J1 mini Prime,N/A
SamsungGalaxy Core 2,N/A
SamsungGalaxy Note 3,N/A
SamsungGalaxy S6 Edge,N/A
SamsungGalaxy Note 7,N/A
SamsungGalaxy Note Edge,N/A
SamsungGalaxy J2 2017,N/A
SamsungGalaxy A7 2016,N/A
SamsungJ2 Pro 2018,N/A
SamsungGalaxy A5 2016,N/A
SamsungGalaxy A3 2016,N/A
SamsungGalaxy J2 2018,N/A
SamsungGalaxy A8 2016,N/A
SamsungGalaxy J5,N/A
SamsungGalaxy J7,N/A
SamsungGalaxy Note 4,N/A
SamsungGalaxy J2 Pro 2018,N/A
SamsungGalaxy S5,N/A
SamsungGalaxy S7,N/A
SamsungGalaxy Grand Prime 2016,N/A
SamsungGalaxy A5,N/A
SamsungGalaxy A3,N/A
HuaweiMate 20 Pro,164400
HuaweiP20 Pro,99999
HuaweiMate 10 Pro,74999
HuaweiMate 10,59999
HuaweiNova 3,59999
HuaweiHonor 9,56999
HuaweiNova 3i,45200
HuaweiY9 2019,40850
HuaweiHonor 7,40000
HuaweiHonor 6,36500
HuaweiMate 10 Lite,34999
HuaweiP20 Lite,N/A
HuaweiHonor 7X,31999
HuaweiP10 Lite,31999
HuaweiShotX,30000
HuaweiWatch GT,29999
HuaweiY7 Prime 2019,28999
HuaweiMediaPad T3 10,28699
HuaweiY9 2018,27499
HuaweiY7 Prime 2018,27499
HuaweiHonor 9 Lite,26999
HuaweiHonor 6x,26500
HuaweiHonor 7C,25500
HuaweiP Smart,23999
HuaweiHonor 8 Lite,23500
HuaweiY7 Prime,22999
HuaweiP9 Lite,21999
HuaweiY5 Prime 2018,19999
HuaweiY6 LTE,19500
HuaweiY6II,18999
HuaweiY6 Prime 2018,18999
HuaweiHonor 4C,17499
HuaweiY6 Pro,16999
HuaweiY5 Lite,16900
HuaweiMediaPad T3 7,16700
HuaweiGR3,15999
HuaweiY5II 4G,15499
HuaweiY6 Pro 3G,14999
HuaweiY5 2017,14499
HuaweiY3 2017 3G,13599
HuaweiY6,13500
HuaweiY5II,11999
HuaweiY3II,9799
HuaweiY5,9499
HuaweiY3,7899
HuaweiHonor 3C,N/A
HuaweiP9 Plus,N/A
HuaweiP8 Dual SIM,N/A
HuaweiP10,N/A
HuaweiP10 Plus,N/A
HuaweiAscend Mate,N/A
HuaweiHonor 4A,N/A
HuaweiY3 2017,N/A
HuaweiAscend Mate 7 Gold,N/A
HuaweiMate S,N/A
HuaweiNova 3e,N/A
HuaweiG8,N/A
HuaweiY6 2018,N/A
HuaweiHonor 6x 2016,N/A
HuaweiHonor 5C,N/A
HuaweiHonor 4C PLus,N/A
HuaweiP9 4GB,N/A
HuaweiMate 9,N/A
HuaweiMate 9 Lite,N/A
HuaweiP8max,N/A
HuaweiP8 Lite,N/A
HuaweiP8 Lite 2017,N/A
HuaweiAscend Mate 7,N/A
HuaweiP8,N/A
HuaweiMate 9 Black,N/A
HuaweiP9max,N/A
HuaweiP9 Lite 2017,N/A
HuaweiHonor 4 Play,N/A
HuaweiHonor 8,N/A
HuaweiHonor V9,N/A
HuaweiAscend Mate 8,N/A
HuaweiMate 8 Gold,N/A
HuaweiP9,N/A
HuaweiHonor 5X,N/A
HuaweiHonor 4X,N/A
HuaweiAscend Mate 8 4GB RAM,N/A
HuaweiY3 2018,N/A
VivoV11 Pro,53999
VivoV11,43999
VivoY95,34999
VivoV9,29999
VivoY91,27999
VivoV9 Youth,27999
VivoY81,23999
VivoY69,23999
VivoY71,19999
VivoY91c,18999
VivoY81i,18999
VivoY53,N/A
VivoY55s,N/A
VivoV5s,N/A
VivoV7,N/A
VivoV7 Plus,N/A
VivoX20,N/A
VivoX20 Plus,N/A
Honor10,59999
Honor9,56999
Honor8X,42999
HonorPlay,41999
Honor10 Lite,38999
Honor8X 64GB,36999
Honor7X,31999
Honor9 Lite,26999
Honor8C,26499
Honor7C,24999
Honor5C Pro,18999
Honor7A,N/A
Honor7S,Coming Soon
Realme2 Pro,46999
RealmeC1,N/A
Realme3 Pro,Coming Soon
Realme3,Coming Soon
RealmeC1 2019,Coming Soon
RealmeA1,Expected   15999
RealmeU1,Expected   29999
Realme2,Expected   26999
Nokia8.1,69900
Nokia7.1,54900
Nokia7 Plus,39999
Nokia6.1 Plus,37800
Nokia8,35990
Nokia6 2018,33699
Nokia5.1 Plus,26900
Nokia3.1 Plus,24950
Nokia3.1,21250
Nokia6,19990
Nokia5,17650
Nokia3,16400
Nokia2.1,14999
Nokia2,11920
Nokia8110 4G,9990
Nokia1,9499
Nokia230,8550
Nokia3310,7750
Nokia3310 3G,7575
Nokia216,5900
Nokia150 Dual SIM,5150
Nokia150,4950
Nokia222,4200
Nokia215,4150
Nokia130 2017,3850
Nokia108,3600
Nokia130,3240
Nokia106 2018,3150
Nokia105 2017,3050
NokiaLumia 630,N/A
NokiaLumia 635,N/A
Nokia225,N/A
Nokia105,N/A
NokiaLumia 520,N/A
NokiaLumia 638,N/A
NokiaE6,N/A
NokiaLumia 925,N/A
Nokia222 Dual Sim,N/A
Nokia208,N/A
NokiaLumia 630 Dual SIM,N/A
NokiaX2,N/A
NokiaLumia 1020,N/A
NokiaLumia 625,N/A
NokiaLumia 530,N/A
NokiaLumia 1520,N/A
Nokia110,N/A
Nokia112,N/A
NokiaLumia 730,N/A
NokiaLumia 735,N/A
NokiaE72,N/A
Nokia1280,N/A
NokiaX,N/A
NokiaLumia 930,N/A
NokiaXL,N/A
Nokia220,N/A
Nokia206,N/A
NokiaLumia 620,N/A
Nokia210,Coming Soon
Nokia4.2,Coming Soon
Nokia3.2,Coming Soon
Nokia1 Plus,Expected   9999
Nokia8.1 Plus,Coming Soon
Nokia6.2,Expected   36999
XiaomiPocophone F1,56999
XiaomiMi Mix 2,52999
XiaomiMi 6,43999
XiaomiMi A2,36999
XiaomiRedmi Note 6 Pro 4GB,36999
XiaomiMi 8 Lite,34999
XiaomiRedmi Note 6 Pro,33500
XiaomiRedmi Note 5 Pro,31999
XiaomiMi A1,29900
XiaomiMi A2 Lite,28999
XiaomiRedmi S2 4GB,28999
XiaomiMi Max 2,28999
XiaomiRedmi 5 Plus 4GB,26900
XiaomiRedmi 6 4GB,24999
XiaomiMi Max,24000
XiaomiRedmi S2,22499
XiaomiRedmi 5 Plus,21000
XiaomiRedmi 5 3GB,20500
XiaomiRedmi 6,19999
XiaomiRedmi Note 5A Prime,18999
XiaomiRedmi Note 4,18999
XiaomiRedmi 4X,18900
XiaomiRedmi 6A,17999
XiaomiRedmi 5,17499
XiaomiRedmi 6A 32GB,16999
XiaomiRedmi Note 5A,16900
XiaomiRedmi 5A HD,15500
XiaomiRedmi 4A,14500
XiaomiRedmi Note 5,N/A
XiaomiMi Mix 3 5G,Coming Soon
XiaomiMi 9 SE,Coming Soon
XiaomiMi Max 4 Pro,Coming Soon
XiaomiMi Max 4,Coming Soon
XiaomiRedmi Go,Expected   10999
XiaomiRedmi Note 7 Pro,Expected   33999
InfinixNote 5 Stylus,37899
InfinixZero 5,34999
InfinixNote 5,32999
InfinixHot S3X 4GB,32999
InfinixZero 4 Plus,26499
InfinixNote 4 Pro,26400
InfinixHot S3 4GB,25999
InfinixHot S3X,25600
InfinixHot 6 Pro,22500
InfinixNote 3 4G,20599
InfinixSmart 2 32GB,19500
InfinixZero 4,N/A
InfinixNote 3 Pro,19499
InfinixNote 4,18999
InfinixHot S3,18999
InfinixHot 6,17999
InfinixNote 3,17999
InfinixZero 2,17800
InfinixSmart 2,16500
InfinixHot 4 Pro,16400
InfinixNote 2,15999
InfinixZero 3,15999
InfinixS2 Pro,15999
InfinixS2,15499
InfinixHot 3 Pro,15200
InfinixHot 7,14999
InfinixHot S,14899
InfinixHot 5,14800
InfinixHot Note Pro,14300
InfinixHot 4,12999
InfinixSmart 2 HD,12699
InfinixHot Note,12600
InfinixHot 4 LTE,12600
InfinixSmart,10999
InfinixHot 3,10500
InfinixHot,N/A
InfinixZero,N/A
InfinixZero 2 Lite,N/A
InfinixHot Note 32GB,N/A
InfinixZero 2 32GB,Coming Soon
AppleiPhone XS Max,236999
AppleiPhone XS,215999
AppleiPhone X,174999
AppleiPhone XR,163999
AppleiPhone 7 Plus 256GB,109999
AppleiPhone7 Plus 128GB,102999
Appleiphone 8 Plus,96999
Appleiphone 8,92500
Appleiphone 7 256GB,90999
AppleiPhone 7 Plus,85500
Appleiphone 7 128GB,83999
Appleiphone 6s Plus 128GB,82000
Appleiphone 7,74999
Appleiphone 6s Plus 64GB,72999
Appleiphone 6s Plus,64999
Appleiphone 6s,54500
Appleiphone 6,43999
Appleiphone 6 Plus,42999
Appleiphone SE,31500
Appleiphone 5S 16GB,25799
Appleiphone 5se,N/A
Appleiphone 7s,N/A
AppleiPhone 9,N/A
Appleiphone 3G 8GB,N/A
Appleiphone 4S 32GB,N/A
Appleiphone SE 2,N/A
Appleiphone 5C 32GB,N/A
Appleiphone 5C 16GB,N/A
Appleiphone 5S 32GB,N/A
Appleiphone 5S 64GB,N/A
Appleiphone 7 Pro,N/A
Appleiphone 5 16GB,N/A
Appleiphone 5 32GB,N/A
Appleiphone 5 64GB,N/A
AppleiPhone XI,Coming Soon
AppleiPhone XS Plus,Coming Soon
AppleiPhone X Plus,Coming Soon
TecnoPhantom 6 Plus,39999
TecnoCamon X Pro,28999
TecnoPhantom 6,24999
TecnoCamon X,20999
TecnoCamon CX,20999
TecnoCamon I,19999
TecnoCamon I Air,17699
TecnoCamon iSky 2,16800
TecnoCamon CX Air,15990
TecnoWX4 Pro,14999
TecnoSpark Pro,14999
TecnoPop 1 Pro,11999
TecnoL8 Lite,10999
TecnoWX3,N/A
TecnoCamon iACE2X,Coming Soon
TecnoCamon iACE2,Coming Soon
TecnoCamon 11 Pro,Coming Soon
TecnoPhantom 8 plus,Coming Soon
TecnoPhantom 8,Coming Soon
QMobileNoir E8,27500
QMobileNoir Z14,22500
QMobileNoir A1,21500
QMobileNoir Z12,20500
QMobileNoir M6,20500
QMobileNoir Z9 Plus,19500
QMobileNoir Z9,19500
QMobilePhantom P1 Pro,18500
QMobileNoir J7 Pro,17999
QMobileQInfinity Prime,17999
QMobileNoir Z8 Plus,17990
QMobileNoir Z12 Pro,N/A
QMobileNoir A1 Lite,17500
QMobilePhantom P1,16999
QMobileQ Infinity,16999
QMobileNoir X1S,16500
QMobileNoir CS1 Plus,16500
QMobileNoir Z10 White,16500
QMobileNoir A6,16500
QMobileNoir Z10,16500
QMobileNoir S9,16000
QMobileNoir LT750,16000
QMobileKing Kong Max,16000
QMobileNoir J7,15999
QMobileNoir LT700 Pro,15500
QMobileNoir E3 Dual,15000
QMobileQInfinity Cinema,14500
QMobileNoir A3,14500
QMobileNoir E2,14000
QMobileNoir M6 Lite,14000
QMobileCS1,13999
QMobileNoir LT700 3GB,13750
QMobileEnergy X2,13000
QMobileNoir S15,12999
QMobileNoir E1,12750
QMobileNoir S5,12500
QMobileFire,12500
QMobileNoir Z8,12500
QMobileNoir M350 Pro,12500
QMobileNoir LT680,12500
QMobileS9,12500
QMobileNoir LT700,12200
QMobileNoir S8 Plus,12000
QMobileQInfinity E,12000
QMobileNoir S6 Plus,11999
QMobileEvok Power,11999
QMobileQTAB V500,11999
QMobileNoir M99,11800
QMobileNoir S6,11800
QMobileNoir S4,11700
QMobileNoir X700 Pro II,11500
QMobileTablet QTab Q300,11500
QMobileNoir S2 Plus,11200
QMobileI8i Pro,11000
QMobileNoir S6s,10999
QMobileNoir S2 Pro,10999
QMobileQInfinity E Lite,10900
QMobileNoir M350,10699
QMobileQInfinity C,10500
QMobileNoir J5,10500
QMobileNoir S8,10500
QMobileQInfinity D,9999
QMobileNoir LT650,9999
QMobileTitan X700i,9900
QMobileNoir I8i,9500
QMobileNoir J2,9500
QMobileEvok Power Lite,9500
QMobileNoir LT550,9500
QMobileNoir X700 Pro,9400
QMobileBlack Two,9000
QMobileQInfinity B,8999
QMobileQNote,8999
QMobilei6 Metal 2017,8999
QMobileEnergy X1,8999
QMobileNoir S1,8999
QMobileNoir i5.5,8950
QMobilei5i 2018,8899
QMobileNoir i6 Metal HD,8850
QMobileBlue 5,8700
QMobileNoir i9i,8700
QMobileNoir LT500 Pro,8500
QMobileNoir J1,8500
QMobileDual One,8500
QMobileNoir S1 Pro,8500
QMobileNoir LT600 Pro,8450
QMobileNoir i7i,8250
QMobileNoir i6 Metal One,8000
QMobileNoir i6i,7500
QMobileNoir X700 Pro Lite,7500
QMobileNoir W40,7250
QMobileNoir LT300,7250
QMobileNoir i7i Pro,7100
QMobileNoir LT100,6999
QMobileNoir i2 Power,6999
QMobileNoir X40,6990
QMobileNoir i2,6990
QMobileNoir W50,6900
QMobileNoir i2 Pro,6500
QMobileBolt T360,6500
QMobileNoir X32 Power,5999
QMobileNoir X32,5500
QMobileNoir X33,5400
QMobileNoir W15,5050
QMobileNoir W20,4999
QMobileNoir X29,4850
QMobileXL30,3150
QMobileX6030,3050
QMobileXL40,3050
QMobilePower 4000,2999
QMobileXL50 Pro,2999
QMobileJ1000,2899
QMobileSP3000,2899
QMobileUltra 2,2890
QMobileK650,2850
QMobileSP5000,2850
QMobile3G2,2850
QMobileExplorer 3G,2850
QMobileN230,2850
QMobileSP1000,2799
QMobileF2,2750
QMobileG6,2750
QMobileXL50,2750
QMobileG7,2750
QMobileX4 Pro,2750
QMobileXL25,2750
QMobileX4 Classic,2699
QMobileHero Music,2699
QMobileSuper Star Power,2699
QMobileX4,2699
QMobileN222,2699
QMobileE1000 Party,2690
QMobileM85,2690
QMobileSP2000,2675
QMobileXL8,2675
QMobileQ3310,2650
QMobilePower 14,2650
QMobileSuper Star Music,2650
QMobilePower1 Pro,2650
QMobilePower 9 Pro,2599
QMobileG5,2550
QMobileE900 Selfie,2550
QMobileXL20,2550
QMobileK550,2550
QMobileATV 2,2500
QMobilePower 500,2500
QMobileGold 2,2499
QMobileG2,2499
QMobilePower8,2490
QMobilePower 5,2475
QMobileX4 Plus,2475
QMobileG3,2450
QMobile3G Lite,2450
QMobileDiamond 1,2399
QMobileE4,2350
QMobileD7,2350
QMobileD10,2350
QMobileEco 3,2350
QMobileD2,2300
QMobilePower4,2275
QMobileM5,2250
QMobilePower9,2199
QMobileECO 100,2175
QMobileEco 200 Classic,2150
QMobileM3,2100
QMobileD3,2100
QMobileATV 1,2099
QMobileE500i Pro,2050
QMobileUltra 1,1999
QMobileC15,1999
QMobileEco One,1999
QMobileE4 Classic Edition,1990
QMobileE500i Music,1975
QMobileE550 Music,1975
QMobileK180,1950
QMobileK100,1950
QMobileK145,1899
QMobileK160,1899
QMobileL9,1899
QMobilePower2 Pro,1899
QMobileS350,1899
QMobileK150,1899
QMobilePower3,1875
QMobileM2,1850
QMobileD4,1850
QMobileD1,1750
QMobileGold One,1750
QMobileE2 Plus,1750
QMobileE3,1750
QMobileK140,1750
QMobileS270,1725
QMobileK135,1690
QMobileD6,1660
QMobileL105,1640
QMobileL2 Classic,1600
QMobileL103,1600
QMobileEco 2,1599
QMobileQ3310 Mini,1599
QMobileB65 Music,1590
QMobileE400 Pro,1550
QMobileL1 Classic,1500
QMobileB65,1490
QMobileL102,1450
QMobileLinQ L20,N/A
QMobileNoir LT500,N/A
QMobileMagnus X2 Music,N/A
QMobileNoir S1 Lite,N/A
QMobileNoir S5 Lite,N/A
QMobileNoir i1,N/A
QMobileNoir M95,N/A
QMobileNoir A900,N/A
QMobileNoir Z7,N/A
QMobileNoir Z6,N/A
QMobileNoir S2,N/A
QMobileNoir S3,N/A
QMobileNoir X30,Coming Soon
LenovoMoto Z,66900
LenovoVibe Z2,51000
LenovoVibe P2,36900
LenovoVibe S1,36500
LenovoS5,34999
LenovoVibe P1,34000
LenovoK5 Note,31499
LenovoVibe X2,30600
LenovoA7010,29900
LenovoS90,26900
LenovoVibe S1 Lite,26000
LenovoK6 Note,25900
LenovoZuk Z1,23999
LenovoK5 Play,23999
LenovoS60,22700
LenovoP70,22500
LenovoS860,19999
LenovoA7000 Plus,19900
LenovoVibe K5 Plus,19500
LenovoS850,19500
LenovoA7000,17999
LenovoVibe P1m,17900
LenovoA606,17000
LenovoK6,16900
LenovoK320T,15500
LenovoA6010,14999
LenovoS650,14500
LenovoC2 Power,13999
LenovoA6000,13900
LenovoA5000,13900
LenovoA536,12100
LenovoA328,9800
LenovoVibe B,9500
LenovoVibe C,8999
LenovoA319,7900
LenovoA369i,7900
LenovoA2010,6500
LenovoA1000,6499
LenovoA3690,N/A
LenovoVibe Z2 Pro,N/A
LenovoK3 Note,N/A
LenovoA5s,Coming Soon
LenovoZ5s,Coming Soon
LenovoK5s,Coming Soon
LenovoK5 Pro,Coming Soon
LenovoK9,Coming Soon
LenovoS5 Pro,Coming Soon
SonyXperia X Premium,75000
SonyXperia XZ Premium,71999
SonyXperia XZ1,63999
SonyXperia XZs,51500
SonyXperia X Performance,48999
SonyXperia XA2 Ultra,48999
SonyXperia X Compact,47700
SonyXperia Z5 Premium,44499
SonyXperia XZ,41999
SonyXperia Z5 Compact,41999
SonyXperia Z5,40000
SonyXperia XA1 Ultra,36500
SonyXperia X,33999
SonyXperia XA Ultra,33499
SonyXperia XA1 Plus,32999
SonyXperia C5 Ultra,32849
SonyXperia L2,27999
SonyXperia M5,25500
SonyXperia XA1,23999
SonyXperia XA,22499
SonyXperia L1,16500
SonyXperia Z,N/A
SonyXperia ZL,N/A
SonyXperia E Dual,N/A
SonyXperia L,N/A
SonyXperia TX,N/A
SonyXperia Z4,N/A
SonyXperia E4,N/A
SonyXperia M,N/A
SonyXperia T3,N/A
SonyXperia Z2a,N/A
SonyXperia Z Ultra,N/A
SonyXperia Z1,N/A
SonyXperia C3,N/A
SonyXperia M Ultra,N/A
SonyXperia C,N/A
SonyXperia M4 Aqua,N/A
SonyXperia M2 Aqua,N/A
SonyXperia E5,N/A
SonyXperia E3,N/A
SonyXperia Z3 Compact,N/A
SonyXperia Z1 Compact,N/A
SonyXperia T2 Ultra,N/A
SonyXperia C4,N/A
SonyXperia Z3,N/A
SonyXperia Z3 Plus,N/A
SonyXperia M2,N/A
SonyXperia Z2,N/A
SonyXperia 1,Coming Soon
SonyXperia 10 Plus,Coming Soon
SonyXperia 10,Coming Soon
SonyXperia XZ4,Coming Soon
SonyXperia XZ4 Compact,Coming Soon
SonyXperia XA3 Ultra,Coming Soon
LGV30 Plus,80999
LGV30,74999
LGG6,55900
LGQ8,53999
LGOptimus G,52800
LGStylus 2 Plus,45000
LGRay,45000
LGG Vista 2,43500
LGG Pro 2,41500
LGV10,41500
LGX venture,37999
LGX Cam,35000
LGNexus 4,33000
LGNexus 5,32000
LGNexus 5X,31799
LGG4,31799
LGV20,30999
LGOptimus 3D Max P720,30000
LGQ6,28999
LGOptimus Vu P895,28000
LGOptimus 4X HD P880,27900
LGG Flex,26500
LGPrada 3.0,24500
LGStylus 3,21500
LGG4 Stylus,19999
LGG2,19850
LGK10 2017,18299
LGOptimus L5 II,17000
LGOptimus L7 II,16949
LGG4 Beat,15999
LGE400 Optimus L3,14600
LGX Screen,13999
LGP705 Optimus L7,13999
LGK8 2017,10700
LGX power,10250
LGGX300,9000
LGGD880,N/A
LGP500,N/A
LGK4,N/A
LGKG290,N/A
LGGM200,N/A
LGGD510,N/A
LGKM335,N/A
LGOptimus L9 P768,N/A
LGK8,N/A
LGKP110,N/A
LGKP320,N/A
LGKE500,N/A
LGKP105,N/A
LGK5,N/A
LGG3,N/A
LGKP199,N/A
LGKC550,N/A
LGG5,N/A
LGA290,N/A
LGT375,N/A
LGKG270,N/A
LGKE970 Shine,N/A
LGK10,N/A
LGK7,N/A
LGG350,N/A
LGKG288,N/A
LGK40,Coming Soon
LGK50,Coming Soon
LGQ60,Coming Soon
LGK12 Plus,Coming Soon
LGQ9,Coming Soon
LGV40,Coming Soon
MeizuPro 7 Plus,59999
MeizuPro 7,45999
MeizuMX6,31500
MeizuM6 Note,29999
MeizuM3 Note,19500
MeizuM6,17999
MeizuC9,17500
MeizuM5,N/A
Meizu16s Plus,Coming Soon
MeizuM9 Note,Coming Soon
MeizuZero,Coming Soon
MeizuNote 9,Coming Soon
MeizuM6T,Coming Soon
MeizuC9 Pro,Coming Soon
OnePlus6,78000
OnePlus5T,65000
OnePlus5,N/A
OnePlus7,Coming Soon
OnePlus6T,Expected   69999
TelenorInfinity A2,13900
TelenorInfinity A,13000
TelenorInfinity E2,10900
TelenorInfinity E3,9900
TelenorInfinity E,9500
TelenorInfinity I,Coming Soon
AlcatelIdol 4s,49500
AlcatelIdol 4,28750
AlcatelIdol 3,24500
AlcatelX1,19999
AlcatelPop 4S,13999
AlcatelTablet Pixi4 LTE,13900
AlcatelPop Star 4G,13750
AlcatelPop 4,13700
AlcatelPop Up,12999
AlcatelPixi 4 Power Plus,12750
AlcatelPop Star,11500
AlcatelPixi 4 6,10000
AlcatelPop 4 PLus,9999
AlcatelTablet Pixi 4,9999
AlcatelPixi 4 5,9000
AlcatelPixi 4,6999
Alcatel20.04,4650
Alcatel20.07,4000
Alcatel10.50,1649
Alcateltest,N/A
Alcatel3L,Coming Soon
Alcatel3,Coming Soon
Alcatel1s,Coming Soon
Alcatel5v,Coming Soon
Alcatel1x,Coming Soon
Alcatel5,Coming Soon
HTCU12 Plus,112999
HTCU11 Plus,80799
HTCU 11,67700
HTCOne A9,51999
HTCOne M10,51500
HTC10,51500
HTCOne E8,50000
HTCOne M9,47900
HTCOne,42000
HTCButterfly S,42000
HTCU Ultra,39999
HTCOne X9,37500
HTCDesire 610,33000
HTCDesire 600,30000
HTCOne Mini,27499
HTCOne Mini 2,26999
HTCOne A9s,26900
HTCDesire 728,26500
HTCU Play,25800
HTCDesire 10 Pro,24899
HTCDesire 820,24000
HTC10 Lifestyle,23499
HTCDesire 816G Dual Sim,22499
HTCDesire 626,19500
HTCDesire 526G,12249
HTCDesire 626S,N/A
HTCDesire 530,N/A
HTCIncredible S,N/A
HTCDesire 620,N/A
HTCDesire 620G,N/A
HTCDesire S,N/A
HTCDesire 210,N/A
HTCDesire 12,N/A
HTCDesire 825,N/A
HTCDesire 630,N/A
HTCDesire 320,N/A
HTCDesire 516,N/A
HTCExplorer,N/A
HTCRhyme,N/A
HTCOne S9,N/A
HTCDesire 500,N/A
HTCDesire 300,N/A
HTCDesire 830,N/A
HTCDesire 628,N/A
HTCOne E9s,N/A
HTCDesire 510,N/A
HTCDesire 626G Plus,N/A
HTCDesire 700,N/A
HTCDesire 828,N/A
HTCOne M9s,N/A
HTCU11 Eyes,N/A
HTCDesire Eye,N/A
HTCOne M8,N/A
HTCDesire 816,N/A
HTCDesire 10 Lifestyle,N/A
HTCDesire 526G plus,N/A
HTCDesire 12S,Coming Soon
HTCU12 Life,Coming Soon
HTCU12,Coming Soon
HTCDesire 12 Plus,Coming Soon
HTCBreeze,Coming Soon
HTCU11 Life,Coming Soon
MicrosoftLumia 430,5450
MicrosoftLumia 535 Dual Sim,N/A
MicrosoftLumia 435,N/A
MicrosoftLumia 435 Dual Sim,N/A
MicrosoftLumia 532,N/A
MicrosoftLumia 650,N/A
MicrosoftLumia 950,N/A
MicrosoftLumia 950 XL,N/A
MicrosoftLumia 550,N/A
MicrosoftLumia 640 Dual SIM,N/A
MicrosoftLumia 640 XL,N/A
MicrosoftLumia 540,N/A
MicrosoftLumia 850,N/A
MicrosoftLumia 940 XL,N/A
MicrosoftLumia 940,N/A
MicrosoftLumia 535,Coming Soon
RivoPhantom PZ20,16500
RivoPhantom PZ15,14000
RivoRhythm RX150,11850
RivoPhantom PZ18,11400
RivoRhythm RX90,9999
RivoRhythm RX100,9900
RivoRhythm RX80,9000
RivoRhythm RX60,9000
RivoPhantom PZ10,8500
RivoRhythm RX75,8400
RivoRhythm RX200,8200
RivoPhantom PZ8,8000
RivoPhantom PZ4,7950
RivoRhythm RX70,7699
RivoRhythm RX88,7300
RivoRhythm RX65,6200
RivoPhantom PZ1,5300
RivoRhythm RX55,4700
RivoRhythm RX35,4675
RivoRhythm RX50,4600
RivoRhythm RX40,4300
RivoRhythm RX48,3600
RivoRhythm RX45,3250
RivoJaguar J505,2890
RivoSapphire S650,2550
RivoAdvance A235,2375
RivoSapphire S610,2275
RivoNeo N310,2150
RivoAdvance A210,1975
RivoAdvance A225,1875
RivoAdvance A240,1850
RivoAdvance A220,1825
RivoAdvance A230,Coming Soon
HaierEsteem V4,29900
HaierEsteem i90,23500
HaierEsteem i80,19500
HaierEsteem L50,15990
HaierLeisure L55s,15499
HaierVolt P4500,13999
HaierEsteem i70,12500
HaierEsteem i40,11500
HaierEsteem i50,10900
HaierGinger G55,10499
HaierPursuit G40,8499
HaierPursuit G30,7999
HaierPursuit G20,7300
HaierPursuit G10,6500
HaierNeon T20,3499
HaierKlassic M108,3100
HaierKlassic M107,2800
HaierKlassic P100,2599
HaierKlassic M106,2490
HaierKlassic C40,2150
HaierKlassic P4,2100
HaierKlassic P5,1999
HaierP867,N/A
HaierT757,N/A
HaierY716,N/A
HaierW919,N/A
HaierW860,N/A
HaierEsteem i95,Coming Soon
MobilinkJazz X JS7 Pro,8500
MobilinkJazz Xplore JS700,7999
MobilinkJazz Xplore JS500,5499
MobilinkJazz Xplore JS300,4299
MobilinkJazz Xcite JF100,Coming Soon
MotorolaMoto Z Play,43900
MotorolaMoto G6 Plus,42000
MotorolaMoto X Style,37500
MotorolaMoto G6,36499
MotorolaMoto G5S Plus,28000
MotorolaMoto E5 Plus,27000
MotorolaMoto M,25400
MotorolaMoto E5,22500
MotorolaMoto E4 Plus,19999
MotorolaMoto E4,14999
MotorolaMoto C Plus,13999
MotorolaMoto E3 Power,N/A
MotorolaMoto G5 Plus,N/A
MotorolaMoto X Force,N/A
MotorolaRIZR Z8,N/A
MotorolaW230,N/A
MotorolaW180,N/A
MotorolaC118,N/A
MotorolaC168,N/A
MotorolaL6,N/A
MotorolaV3i,N/A
MotorolaKRAZR K1,N/A
MotorolaV3 Pink,N/A
MotorolaMoto Z4 Play,Coming Soon
MotorolaMoto G7 Plus,Coming Soon
MotorolaMoto Razr 2019,Coming Soon
MotorolaMoto G7 Play,Coming Soon
MotorolaMoto G7 Power,Coming Soon
MotorolaP40,Coming Soon
BlackBerryKey 2,102999
BlackBerryEvolve,57999
BlackBerryMotion,52249
BlackBerryDTEK50,45000
BlackBerryPriv,44000
BlackBerryAurora,24999
BlackBerryPearl 8120,N/A
BlackBerryCurve 8310,N/A
BlackBerryTorch 9810,N/A
BlackBerryBold Touch 9900,N/A
BlackBerryQ10,N/A
BlackBerryQ5,N/A
BlackBerryTorch 9860,N/A
BlackBerryBold 9000,N/A
BlackBerryPearl Flip 8220,N/A
BlackBerryCurve 9380,N/A
BlackBerryBold 9790,N/A
BlackBerryBold 9650,N/A
BlackBerryStorm 2 9550,N/A
BlackBerryBold 9700,N/A
BlackBerryBold 9780,N/A
BlackBerry9720,N/A
BlackBerryEvolve X,Coming Soon
BlackBerryDTEK70,Coming Soon
BlackBerryDTEK60,Coming Soon
VoiceXtreme X3,N/A
VoiceXtreme V25,N/A
VoiceXtreme V22,N/A
VoiceXtreme V80,N/A
VoiceXtreme V55,N/A
VoiceXtreme V50,N/A
VoiceXtreme X2,N/A
VoiceXtreme V12,N/A
VoiceXtreme V44,N/A
VoiceXtreme V70,N/A
VoiceXtreme V60,N/A
VoiceXtreme V30,N/A
VoiceV610,N/A
VoiceV400,N/A
VoiceV600,N/A
VoiceV700,N/A
VoiceXtreme V40,N/A
VoiceV900,N/A
VoiceXtreme V10,N/A
VoiceXtreme V15,N/A
VoiceXtreme V75,N/A
VoiceXtreme V40i,N/A
VoiceXtreme V14,N/A
VoiceV850,N/A
VoiceV710,N/A
VoiceXtreme V10i,N/A
VoiceXtreme V20,N/A
VoiceXtreme V65,N/A
VoiceXtreme V35,N/A
VoiceXtreme V90,N/A
VoiceXtreme X5,Coming Soon
iNewL1,20500
iNewL3,20500
iNewV7,N/A
iNewV1,N/A
iNewU1,N/A
iNewV8 Plus,N/A
iNewV3C,N/A
iNewI6000 Advanced,N/A
iNewL4,N/A
iNewU3,N/A
iNewU5,N/A
iNewPandora R9,Coming Soon
iNewU9 Plus,Coming Soon
OPhoneOze4,7000
OPhoneSmarty 430,4700
OPhoneSmarty 350i,4700
OPhoneIris 410,3600
OPhoneO9,3400
OPhoneStag X321,2950
OPhoneSpark X250,2950
OPhoneVibe X300,2300
OPhoneX325,2250
OPhoneO1,1550
OPhoneO2,Coming Soon
CalmeSpark S33,8300
CalmeSpark S20,8000
CalmeSpark S30,7999
CalmeSpark S8,7500
CalmeSpark S22,7500
CalmeSpark S9,7000
CalmeSpark S10,5990
CalmeSpark S25,4800
CalmeSpark S24,4800
CalmeSpark S15,4500
CalmeSpark S12,4200
CalmeSpark S7,4000
CalmeSpark S11,4000
CalmeC540,N/A
CalmeC660,N/A
CalmeC790,N/A
CalmeC880,N/A
CalmeC882,N/A
CalmeC340,Coming Soon
GRightVIEW X X1,20500
GRightInspire A480,14800
GRightInspire A380,14500
GRightInspire A380 Mini,12500
GRightV888,2200
GRightS20,2100
GRightV666,2050
GRightG555,Coming Soon
GFivePresident Tango 7,19900
GFivePresident G10,15900
GFiveG10 Honor,9999
GFiveGlory A86,9900
GFiveGPower 5,8999
GFive4G LTE 3,8999
GFivePresident Xhero 7,8999
GFivePresident G6,8500
GFivePresident G10 Fashion,8499
GFivePresident G9,7999
GFiveBravo G95,7500
GFiveGPower 3,7199
GFiveA79,7000
GFivePresident G10 Octa Core,6999
GFivePresident G7,6999
GFiveBlade X F600,6600
GFiveA78 Ferrari,6500
GFivePresident A97,6499
GFivePresident G6 Plus,5999
GFiveLuminous E660,5990
GFiveEshare A68,5500
GFiveBeam A68 Plus,5500
GFive4G LTE 2,5499
GFivePresident Smart 6,5499
GFiveBlade F500,5400
GFiveG Haptic Plus A77,4900
GFiveFanse A57,4500
GFiveBravo A2,4300
GFiveSmart 1,3250
GFiveSmart 2,3250
GFivePresident Shark 2,2500
GFivePresident Shark 1,Coming Soon
ClubHello 105,14000
ClubA90i,2425
ClubA80,2100
ClubA52,2100
ClubA72,2100
ClubA1,N/A
ClubHello 101,Coming Soon
Sony EricssonK330,5100
Sony EricssonW960i,N/A
Sony EricssonW890i,N/A
Sony EricssonXperia Arc,N/A
Sony EricssonXperia Ray,N/A
Sony EricssonXperia PLAY,N/A
Sony EricssonC902i,N/A
Sony EricssonW595,N/A
Sony EricssonT700,N/A
Sony EricssonW302,N/A
Sony EricssonG502,N/A
Sony EricssonXPERIA X1,N/A
Sony EricssonG700,N/A
Sony EricssonC905,N/A
Sony EricssonT303,N/A
Sony EricssonT280i,N/A
Sony EricssonS302,N/A
Sony EricssonW395,N/A
Sony EricssonC510,N/A
Sony EricssonW705,N/A
Sony EricssonXperia Arc S,N/A
Sony EricssonXperia Neo,N/A
Sony EricssonXperia X8,N/A
Sony EricssonW995,N/A
Sony EricssonC903,N/A
Sony EricssonAspen,N/A
Sony EricssonW205,N/A
Sony EricssonC901,N/A
Sony EricssonW880i,N/A
Sony EricssonK550i,N/A
Sony EricssonW200i,N/A
Sony EricssonU100 Yari,N/A
Sony EricssonSatio Idou,N/A
Sony EricssonK810i,N/A
Sony EricssonAino,N/A
Sony EricssonJalou,N/A
Sony EricssonS500i,N/A
Sony EricssonW580i,N/A
Sony EricssonW610i,N/A
Sony EricssonK530i,N/A
Sony EricssonW910i,N/A
Sony EricssonK770i,N/A
Sony EricssonXperia X10,N/A
Sony EricssonK850i,N/A
