,ACCESS_METHOD_ID_,IsWeekDay_,Period_,CALL_DURATION_sum,CALL_DURATION_max,CALL_DURATION_min,CALL_DURATION_mean,NO_OF_CALLS_sum,NO_OF_CALLS_max,NO_OF_CALLS_min,NO_OF_CALLS_mean
0,-11564834,1,afternoon,11,6,1,3.666,3,1,1,1
1,-11564834,1,morning,1,1,1,1,1,1,1,1
2,-11563490,1,afternoon,6,3,1,1.5,4,1,1,1
3,-11562449,0,evening,1,1,1,1,1,1,1,1
4,-11562449,1,afternoon,5,5,5,5,4,4,4,4
5,-11562449,1,evening,68,27,3,9.71,7,1,1,1
6,-11562449,1,morning,25,16,4,8.336,4,2,1,1.333
7,-11562449,1,night,14,7,2,4.668,4,2,1,1.333
8,-11561450,0,afternoon,1,1,1,1,1,1,1,1
9,-11561450,0,morning,1,1,1,1,1,1,1,1
10,-11560756,0,afternoon,23,15,1,7.668,3,1,1,1
11,-11560756,0,morning,2,2,2,2,1,1,1,1
12,-11560756,1,afternoon,3,1,1,1,3,1,1,1
13,-11560756,1,morning,3,2,1,1.5,2,1,1,1
14,-11560594,0,evening,11,4,1,1.833,6,1,1,1
15,-11560594,1,evening,2,2,2,2,1,1,1,1
16,-11560430,0,afternoon,2,1,1,1,2,1,1,1
17,-11560430,0,evening,2,1,1,1,2,1,1,1
18,-11560430,0,morning,11,5,2,3.666,4,2,1,1.333
19,-11560430,1,afternoon,10,5,1,2.5,6,2,1,1.5
20,-11560430,1,evening,2,1,1,1,2,1,1,1
21,-11560430,1,morning,32,18,1,4.57,8,2,1,1.143
22,-11560186,0,afternoon,7,7,7,7,1,1,1,1
23,-11560186,0,morning,1,1,1,1,1,1,1,1
24,-11560186,1,afternoon,4,3,1,2,3,2,1,1.5
25,-11560186,1,evening,9,9,9,9,1,1,1,1
26,-11555475,0,afternoon,1,1,1,1,1,1,1,1
27,-11555332,0,afternoon,68,28,1,13.6,7,2,1,1.4
28,-11555332,0,evening,27,15,1,5.4,8,4,1,1.6
29,-11555332,0,morning,70,23,1,11.664,6,1,1,1
30,-11555332,1,afternoon,105,29,1,5.832,18,1,1,1
31,-11555332,1,evening,91,67,1,10.11,10,2,1,1.111
32,-11555332,1,morning,69,31,1,5.75,12,1,1,1
33,-11555332,1,night,15,4,2,3,6,2,1,1.2
34,-11555189,0,afternoon,64,17,1,4.92,15,2,1,1.154
35,-11555189,0,evening,7,3,1,2.334,3,1,1,1
36,-11555189,0,morning,49,17,1,5.445,13,4,1,1.444
37,-11555189,1,afternoon,53,32,1,7.57,7,1,1,1
38,-11555189,1,evening,12,2,1,1.5,9,2,1,1.125
39,-11555189,1,morning,22,7,1,3.143,7,1,1,1
40,-11552762,1,afternoon,3,1,1,1,3,1,1,1
41,-11552762,1,evening,22,20,2,11,2,1,1,1
42,-11551946,1,evening,23,8,1,2.555,10,2,1,1.111
43,-11551946,1,morning,1,1,1,1,1,1,1,1
44,-11551193,0,afternoon,33,24,1,3.666,9,1,1,1
45,-11551193,0,evening,66,20,1,3.475,21,2,1,1.105
46,-11551193,0,morning,9,3,1,1.5,6,1,1,1
47,-11551193,0,night,33,11,1,6.6,8,4,1,1.6
48,-11551193,1,afternoon,34,2,1,1.308,28,2,1,1.077
49,-11551193,1,evening,45,14,1,2.37,19,1,1,1
50,-11551193,1,morning,16,5,1,1.333,12,1,1,1
51,-11551193,1,night,3,1,1,1,3,1,1,1
52,-11550989,0,afternoon,7,2,1,1.75,4,1,1,1
53,-11550989,0,evening,7,4,1,2.334,6,4,1,2
54,-11550989,0,morning,8,5,1,2,4,1,1,1
55,-11550989,1,afternoon,20,5,1,2.223,9,1,1,1
56,-11550989,1,evening,44,6,1,1.913,23,1,1,1
57,-11550989,1,morning,26,8,1,2,13,1,1,1
58,-11550499,0,afternoon,15,11,4,7.5,2,1,1,1
59,-11550499,0,evening,1,1,1,1,1,1,1,1
60,-11550499,1,afternoon,3,2,1,1.5,2,1,1,1
61,-11550499,1,evening,59,45,1,11.8,5,1,1,1
62,-11550499,1,morning,63,43,1,12.6,6,2,1,1.2
63,-11549031,0,afternoon,43,43,43,43,1,1,1,1
64,-11549031,0,morning,72,43,1,14.4,5,1,1,1
65,-11546299,0,afternoon,22,11,1,3.143,7,1,1,1
66,-11546299,0,evening,5,2,1,1.25,4,1,1,1
67,-11546299,0,night,30,30,30,30,3,3,3,3
68,-11546299,1,afternoon,14,11,1,3.5,4,1,1,1
69,-11546299,1,evening,4,2,2,2,2,1,1,1
70,-11546299,1,morning,1,1,1,1,1,1,1,1
71,-11546299,1,night,2,2,2,2,1,1,1,1
72,-11539630,0,afternoon,12,5,1,3,4,1,1,1
73,-11539630,0,evening,8,8,8,8,5,5,5,5
74,-11539630,0,morning,1,1,1,1,1,1,1,1
75,-11539630,1,afternoon,68,45,1,11.336,8,3,1,1.333
76,-11539630,1,evening,19,10,1,2.715,7,1,1,1
77,-11539630,1,morning,1,1,1,1,1,1,1,1
78,-11539039,0,evening,39,39,39,39,5,5,5,5
79,-11539039,0,morning,11,4,1,2.75,4,1,1,1
80,-11539039,1,afternoon,80,16,1,5,16,1,1,1
81,-11539039,1,evening,19,4,1,1.583,13,2,1,1.083
82,-11539039,1,morning,120,38,1,6,23,2,1,1.15
83,-11539039,1,night,1,1,1,1,1,1,1,1
84,-11538406,0,evening,11,9,1,3.666,4,2,1,1.333
85,-11538406,1,afternoon,7,3,1,1.75,4,1,1,1
86,-11538406,1,evening,2,1,1,1,2,1,1,1
87,-11538366,0,afternoon,10,2,1,1.25,8,1,1,1
88,-11538366,0,evening,11,7,1,3.666,4,2,1,1.333
89,-11538366,0,morning,1,1,1,1,1,1,1,1
90,-11538366,0,night,6,2,1,1.5,4,1,1,1
91,-11538366,1,afternoon,24,6,1,2,14,3,1,1.167
92,-11538366,1,evening,17,5,1,2.125,11,3,1,1.375
93,-11538366,1,morning,16,2,1,1.23,13,1,1,1
94,-11537489,1,afternoon,2,2,2,2,2,2,2,2
95,-11535348,0,afternoon,2,1,1,1,2,1,1,1
96,-11535348,0,evening,2,2,2,2,2,2,2,2
97,-11535348,0,morning,9,5,1,2.25,5,2,1,1.25
98,-11535348,1,afternoon,29,11,1,2.9,11,2,1,1.1
99,-11535348,1,evening,1,1,1,1,1,1,1,1
100,-11535348,1,morning,20,3,1,1.429,15,2,1,1.071
101,-11535205,0,afternoon,35,10,1,1.842,20,2,1,1.053
102,-11535205,0,evening,8,2,1,1.6,5,1,1,1
103,-11535205,0,morning,17,4,1,1.214,14,1,1,1
104,-11535205,1,afternoon,28,6,1,1.866,15,1,1,1
105,-11535205,1,evening,17,5,1,1.7,11,2,1,1.1
106,-11535205,1,morning,27,5,1,1.35,20,1,1,1
107,-11535205,1,night,8,2,1,1.6,5,1,1,1
108,-11533655,0,afternoon,9,2,1,1.286,7,1,1,1
109,-11533655,0,evening,15,5,1,1.5,11,2,1,1.1
110,-11533655,0,morning,16,3,1,2,9,2,1,1.125
111,-11533655,0,night,2,1,1,1,2,1,1,1
112,-11533655,1,afternoon,64,7,1,2.46,32,3,1,1.23
113,-11533655,1,evening,35,3,1,1.4,28,2,1,1.12
114,-11533655,1,morning,23,6,1,2.092,14,2,1,1.272
115,-11533655,1,night,10,4,1,1.667,9,3,1,1.5
116,-11530658,0,afternoon,4,2,1,1.333,3,1,1,1
117,-11530658,0,evening,1,1,1,1,1,1,1,1
118,-11530658,1,afternoon,5,2,1,1.25,4,1,1,1
119,-11530658,1,evening,6,2,1,1.2,6,2,1,1.2
120,-11530658,1,morning,4,2,2,2,4,2,2,2
121,-11530351,0,afternoon,41,7,1,2.158,22,2,1,1.158
122,-11530351,0,evening,25,3,1,1.389,19,2,1,1.056
123,-11530351,0,morning,62,30,1,3.875,17,2,1,1.0625
124,-11530351,1,afternoon,302,38,1,6.04,59,3,1,1.18
125,-11530351,1,evening,165,40,1,4.85,41,4,1,1.206
126,-11530351,1,morning,104,16,1,2.123,51,2,1,1.041
127,-11530351,1,night,15,12,1,5,3,1,1,1
128,-11528006,0,afternoon,15,4,1,1.667,11,2,1,1.223
129,-11528006,0,evening,17,4,1,1.889,10,2,1,1.111
130,-11528006,1,afternoon,25,8,1,2.5,15,2,1,1.5
131,-11528006,1,evening,3,2,1,1.5,2,1,1,1
132,-11528006,1,morning,4,2,1,1.333,3,1,1,1
133,-11527823,0,afternoon,20,6,1,2.857,7,1,1,1
134,-11527823,0,evening,76,62,1,10.86,10,3,1,1.429
135,-11527823,0,morning,23,9,1,2.3,12,2,1,1.2
136,-11527823,1,afternoon,21,9,1,2.625,10,3,1,1.25
137,-11527823,1,evening,82,12,1,4.316,21,2,1,1.105
138,-11527823,1,morning,15,5,1,1.875,8,1,1,1
139,-11527823,1,night,2,2,2,2,1,1,1,1
140,-11526294,0,afternoon,230,30,1,6.39,65,6,1,1.806
141,-11526294,0,evening,405,47,1,10.945,75,7,1,2.027
142,-11526294,0,morning,25,15,1,4.168,9,2,1,1.5
143,-11526294,0,night,101,50,1,25.25,10,5,1,2.5
144,-11526294,1,afternoon,586,68,1,9.766,137,12,1,2.283
145,-11526294,1,evening,826,46,1,11.47,174,14,1,2.416
146,-11526294,1,morning,119,54,1,11.9,19,6,1,1.9
147,-11526294,1,night,21,7,3,4.2,9,3,1,1.8
148,-11526233,0,afternoon,3,2,1,1.5,2,1,1,1
149,-11526233,0,morning,5,3,2,2.5,2,1,1,1
150,-11526233,1,afternoon,25,4,1,2.273,12,2,1,1.091
151,-11526233,1,morning,17,3,1,1.7,11,2,1,1.1
152,-11524561,1,morning,42,42,42,42,1,1,1,1
153,-11524050,0,afternoon,1,1,1,1,1,1,1,1
154,-11524050,0,evening,17,8,1,2.834,12,5,1,2
155,-11524050,0,morning,18,4,1,2.25,10,2,1,1.25
156,-11524050,0,night,17,8,1,2.428,7,1,1,1
157,-11524050,1,evening,125,47,1,10.414,12,1,1,1
158,-11524050,1,morning,131,29,1,8.734,20,2,1,1.333
159,-11524050,1,night,287,60,1,11.04,34,3,1,1.308
160,-11522521,0,afternoon,3,2,1,1.5,2,1,1,1
161,-11522521,0,evening,1,1,1,1,1,1,1,1
162,-11522521,0,morning,23,11,1,5.75,4,1,1,1
163,-11522521,1,afternoon,17,6,1,2.125,8,1,1,1
164,-11522521,1,evening,21,16,1,5.25,6,2,1,1.5
165,-11522521,1,morning,12,8,1,3,4,1,1,1
166,-11522378,0,afternoon,125,35,1,6.945,22,2,1,1.223
167,-11522378,0,evening,226,60,1,20.55,16,4,1,1.454
168,-11522378,0,morning,117,55,1,7.312,24,4,1,1.5
169,-11522378,0,night,78,58,1,19.5,5,2,1,1.25
170,-11522378,1,afternoon,222,59,1,20.19,13,3,1,1.182
171,-11522378,1,evening,5,3,2,2.5,2,1,1,1
172,-11522378,1,morning,93,42,1,13.29,10,2,1,1.429
173,-11522378,1,night,13,12,1,6.5,2,1,1,1
174,-11521869,0,afternoon,5,4,1,2.5,3,2,1,1.5
175,-11521869,0,evening,7,3,1,1.75,4,1,1,1
176,-11521869,0,morning,4,1,1,1,4,1,1,1
177,-11521869,1,afternoon,34,7,1,2.615,16,2,1,1.23
178,-11521869,1,evening,12,3,1,1.5,9,2,1,1.125
179,-11521869,1,morning,20,4,1,1.818,16,4,1,1.454
180,-11521848,0,afternoon,40,11,1,4.445,16,4,1,1.777
181,-11521848,0,evening,87,28,1,7.25,20,4,1,1.667
182,-11521848,0,morning,17,10,1,4.25,4,1,1,1
183,-11521848,1,afternoon,328,60,1,9.65,66,7,1,1.941
184,-11521848,1,evening,266,60,1,8.31,53,5,1,1.656
185,-11521848,1,morning,70,16,1,5.383,20,4,1,1.538
186,-11521848,1,night,3,3,3,3,2,2,2,2
187,-11520605,1,afternoon,12,10,1,4,5,3,1,1.667
188,-11520605,1,evening,3,2,1,1.5,2,1,1,1
189,-11520605,1,morning,9,9,9,9,1,1,1,1
190,-11520502,0,afternoon,47,18,2,11.75,4,1,1,1
191,-11520502,0,evening,54,23,3,10.8,5,1,1,1
192,-11520502,1,afternoon,172,52,1,19.11,9,1,1,1
193,-11520502,1,evening,181,40,1,12.07,16,2,1,1.066
194,-11520502,1,morning,41,21,5,13.664,3,1,1,1
195,-11520359,1,afternoon,6,1,1,1,6,1,1,1
196,-11520359,1,evening,3,1,1,1,3,1,1,1
197,-11518565,0,evening,3,3,3,3,1,1,1,1
198,-11518565,1,afternoon,3,1,1,1,3,1,1,1
199,-11518565,1,evening,1,1,1,1,1,1,1,1
200,-11518014,0,afternoon,12,3,1,1.2,10,1,1,1
201,-11518014,0,evening,3,2,1,1.5,2,1,1,1
202,-11518014,0,morning,8,2,1,1.143,7,1,1,1
203,-11518014,1,afternoon,26,9,1,1.529,19,2,1,1.117
204,-11518014,1,evening,39,6,1,1.5,28,2,1,1.077
205,-11518014,1,morning,41,3,1,1.464,34,3,1,1.214
206,-11518014,1,night,3,2,1,1.5,3,2,1,1.5
207,-11516954,0,evening,3,1,1,1,3,1,1,1
208,-11516954,1,afternoon,37,15,1,5.285,7,1,1,1
209,-11516954,1,evening,24,13,1,4.8,11,6,1,2.2
210,-11516954,1,morning,10,3,1,1.25,9,2,1,1.125
211,-11515017,0,afternoon,14,13,1,7,2,1,1,1
212,-11515017,0,evening,16,11,1,5.332,3,1,1,1
213,-11515017,0,morning,146,37,1,8.11,25,3,1,1.389
214,-11515017,1,afternoon,315,60,1,7.324,48,2,1,1.116
215,-11515017,1,evening,16,8,1,4,5,2,1,1.25
216,-11515017,1,morning,129,23,1,4.605,35,4,1,1.25
217,-11514039,0,evening,4,2,1,1.333,4,2,1,1.333
218,-11514039,1,afternoon,12,2,1,1.2,11,2,1,1.1
219,-11514039,1,morning,13,2,1,1.3,11,2,1,1.1
220,-11513671,0,afternoon,6,5,1,3,2,1,1,1
221,-11513671,0,evening,1,1,1,1,1,1,1,1
222,-11513671,0,morning,2,2,2,2,1,1,1,1
223,-11513671,1,afternoon,131,29,1,3.969,45,5,1,1.363
224,-11513671,1,evening,94,14,1,3.615,37,4,1,1.423
225,-11513671,1,morning,79,8,1,2.258,38,2,1,1.086
226,-11512672,0,afternoon,347,70,1,15.77,35,5,1,1.591
227,-11512672,0,evening,597,80,1,14.21,96,8,1,2.285
228,-11512672,0,morning,387,63,1,16.83,30,3,1,1.305
229,-11512672,0,night,48,48,48,48,1,1,1,1
230,-11512672,1,afternoon,1059,53,1,12.914,120,4,1,1.464
231,-11512672,1,evening,1542,81,1,13.89,205,6,1,1.847
232,-11512672,1,morning,1139,72,1,17.25,128,10,1,1.939
233,-11511366,1,afternoon,14,5,1,2,8,2,1,1.143
234,-11511366,1,evening,13,11,1,4.332,6,4,1,2
235,-11508676,0,afternoon,29,18,1,5.8,5,1,1,1
236,-11508676,0,evening,11,9,1,3.666,3,1,1,1
237,-11508676,0,morning,5,3,1,1.667,3,1,1,1
238,-11508676,0,night,3,3,3,3,2,2,2,2
239,-11508676,1,afternoon,120,51,1,9.234,15,2,1,1.154
240,-11508676,1,evening,63,17,1,9,10,3,1,1.429
241,-11508676,1,morning,98,60,1,10.89,10,2,1,1.111
242,-11506861,1,afternoon,97,27,1,4.617,31,4,1,1.477
243,-11506861,1,evening,45,23,1,5.625,8,1,1,1
244,-11506861,1,morning,63,13,1,6.3,10,1,1,1
245,-11506615,0,afternoon,63,13,1,3,23,3,1,1.096
246,-11506615,0,evening,104,65,1,11.555,11,2,1,1.223
247,-11506615,0,morning,118,14,1,4.215,30,2,1,1.071
248,-11506615,1,afternoon,44,12,1,2.096,23,2,1,1.096
249,-11506615,1,evening,28,13,1,2.8,12,2,1,1.2
250,-11506615,1,morning,84,42,1,4.94,21,3,1,1.235
251,-11505107,0,afternoon,24,22,1,8,4,2,1,1.333
252,-11505107,0,evening,56,24,1,9.336,7,2,1,1.167
253,-11505107,1,afternoon,1,1,1,1,1,1,1,1
254,-11505107,1,evening,86,36,1,9.555,9,1,1,1
255,-11504924,0,afternoon,1,1,1,1,1,1,1,1
256,-11504312,0,afternoon,15,4,1,1.5,12,3,1,1.2
257,-11504312,0,evening,53,32,1,5.89,9,1,1,1
258,-11504312,0,morning,9,2,1,1.286,7,1,1,1
259,-11504312,0,night,1,1,1,1,1,1,1,1
260,-11504312,1,afternoon,111,10,1,2.055,54,1,1,1
261,-11504312,1,evening,71,22,1,3.227,22,1,1,1
262,-11504312,1,morning,21,5,1,1.909,13,2,1,1.182
263,-11504312,1,night,4,2,1,1.333,3,1,1,1
264,-11504270,0,afternoon,2,1,1,1,2,1,1,1
265,-11504270,0,morning,14,13,1,7,2,1,1,1
266,-11504270,0,night,2,2,2,2,2,2,2,2
267,-11504270,1,afternoon,7,2,1,1.167,7,2,1,1.167
268,-11504270,1,evening,1,1,1,1,1,1,1,1
269,-11504270,1,morning,3,2,1,1.5,3,2,1,1.5
270,-11504270,1,night,19,16,3,9.5,2,1,1,1
271,-11502436,0,afternoon,1,1,1,1,1,1,1,1
272,-11502436,1,afternoon,8,5,1,2.666,3,1,1,1
273,-11502436,1,evening,8,8,8,8,1,1,1,1
274,-11502436,1,morning,5,3,2,2.5,2,1,1,1
275,-11501477,0,afternoon,1,1,1,1,1,1,1,1
276,-11501477,0,evening,27,22,1,5.4,5,1,1,1
277,-11501477,0,morning,1,1,1,1,1,1,1,1
278,-11501477,0,night,105,76,7,35,4,2,1,1.333
279,-11501477,1,afternoon,21,8,1,2.625,8,1,1,1
280,-11501477,1,evening,81,52,1,6.23,18,3,1,1.385
281,-11501477,1,morning,1,1,1,1,1,1,1,1
282,-11501477,1,night,81,60,21,40.5,2,1,1,1
283,-11499580,1,afternoon,1,1,1,1,1,1,1,1
284,-11499031,1,afternoon,6,3,1,2,3,1,1,1
285,-11499031,1,evening,12,5,1,2,7,2,1,1.167
286,-11499031,1,morning,13,3,1,1.3,11,2,1,1.1
287,-11497195,0,afternoon,88,12,1,2.75,40,4,1,1.25
288,-11497195,0,evening,123,23,1,3,57,4,1,1.391
289,-11497195,0,morning,36,29,1,5.145,9,2,1,1.286
290,-11497195,0,night,26,13,1,4.332,12,5,1,2
291,-11497195,1,afternoon,237,19,1,3.762,85,5,1,1.35
292,-11497195,1,evening,378,47,1,4.152,133,7,1,1.462
293,-11497195,1,morning,49,6,1,1.75,34,3,1,1.214
294,-11497195,1,night,16,3,1,1.6,12,2,1,1.2
295,-11495645,0,afternoon,54,44,1,7.715,7,1,1,1
296,-11495645,0,evening,7,2,1,1.167,6,1,1,1
297,-11495645,0,morning,32,25,1,6.4,6,2,1,1.2
298,-11495645,1,afternoon,37,12,1,2.055,22,4,1,1.223
299,-11495645,1,evening,24,4,1,1.5,20,4,1,1.25
300,-11495645,1,morning,31,8,1,2.066,16,2,1,1.066
301,-11495645,1,night,1,1,1,1,1,1,1,1
302,-11495584,0,afternoon,50,8,1,2.777,22,2,1,1.223
303,-11495584,0,evening,10,2,1,1.429,8,2,1,1.143
304,-11495584,0,morning,49,11,1,2.883,19,2,1,1.117
305,-11495584,0,night,1,1,1,1,1,1,1,1
306,-11495584,1,afternoon,214,42,1,3.754,64,3,1,1.123
307,-11495584,1,evening,58,5,1,2.072,30,2,1,1.071
308,-11495584,1,morning,113,12,1,3.324,42,3,1,1.235
309,-11495584,1,night,1,1,1,1,1,1,1,1
310,-11493952,0,afternoon,30,25,2,10,3,1,1,1
311,-11493952,0,evening,6,5,1,3,2,1,1,1
312,-11493952,0,morning,27,21,1,6.75,4,1,1,1
313,-11493952,1,afternoon,97,40,1,8.82,14,2,1,1.272
314,-11493952,1,morning,77,22,1,7,11,1,1,1
315,-11493790,0,afternoon,2,1,1,1,2,1,1,1
316,-11493790,0,morning,3,3,3,3,1,1,1,1
317,-11493790,1,afternoon,6,1,1,1,6,1,1,1
318,-11493790,1,evening,12,2,1,1.2,10,1,1,1
319,-11493790,1,morning,5,1,1,1,5,1,1,1
320,-11492709,0,afternoon,1,1,1,1,1,1,1,1
321,-11492709,1,evening,2,1,1,1,2,1,1,1
322,-11492709,1,morning,2,1,1,1,2,1,1,1
323,-11491975,0,afternoon,138,27,1,11.5,22,6,1,1.833
324,-11491975,0,evening,3,3,3,3,1,1,1,1
325,-11491975,0,morning,9,8,1,4.5,3,2,1,1.5
326,-11491975,1,afternoon,252,28,1,7.41,44,3,1,1.294
327,-11491975,1,evening,15,6,1,1.667,10,2,1,1.111
328,-11491975,1,morning,57,21,1,3.8,18,3,1,1.2
329,-11491668,0,afternoon,33,16,1,3,13,2,1,1.182
330,-11491668,0,evening,121,32,1,8.64,16,2,1,1.143
331,-11491668,0,morning,67,60,1,9.57,8,2,1,1.143
332,-11491668,1,afternoon,333,64,1,7.086,52,2,1,1.106
333,-11491668,1,evening,199,39,1,4.977,43,2,1,1.075
334,-11491668,1,morning,194,47,1,9.7,20,1,1,1
335,-11488650,0,afternoon,6,2,1,1.2,6,2,1,1.2
336,-11488650,0,evening,2,1,1,1,2,1,1,1
337,-11488650,1,afternoon,14,3,1,1.556,10,2,1,1.111
338,-11488650,1,evening,24,6,1,2.182,13,2,1,1.182
339,-11488650,1,morning,13,6,1,2.6,6,2,1,1.2
340,-11486938,0,evening,1,1,1,1,1,1,1,1
341,-11486938,1,evening,1,1,1,1,1,1,1,1
342,-11486938,1,morning,6,2,1,1.5,5,2,1,1.25
343,-11486877,1,afternoon,77,50,1,9.625,9,2,1,1.125
344,-11486877,1,evening,8,6,1,2.666,3,1,1,1
345,-11486877,1,night,1,1,1,1,1,1,1,1
346,-11486427,0,afternoon,1,1,1,1,1,1,1,1
347,-11486427,0,morning,3,1,1,1,3,1,1,1
348,-11486427,1,afternoon,47,46,1,23.5,2,1,1,1
349,-11486427,1,evening,47,46,1,23.5,2,1,1,1
350,-11486427,1,morning,1,1,1,1,1,1,1,1
351,-11485897,0,afternoon,17,17,17,17,1,1,1,1
352,-11485897,0,evening,2,1,1,1,2,1,1,1
353,-11485897,0,night,3,2,1,1.5,2,1,1,1
354,-11485897,1,afternoon,29,29,29,29,1,1,1,1
355,-11485897,1,evening,292,60,1,16.22,18,1,1,1
356,-11485897,1,morning,1,1,1,1,1,1,1,1
357,-11485897,1,night,1,1,1,1,1,1,1,1
358,-11485327,0,afternoon,3,1,1,1,3,1,1,1
359,-11485327,1,evening,5,2,1,1.25,5,2,1,1.25
360,-11483266,0,afternoon,51,22,1,5.668,12,3,1,1.333
361,-11483266,0,evening,11,11,11,11,1,1,1,1
362,-11483266,1,afternoon,3,1,1,1,3,1,1,1
363,-11483266,1,evening,2,2,2,2,1,1,1,1
364,-11483266,1,morning,1,1,1,1,1,1,1,1
365,-11482982,1,morning,3,3,3,3,1,1,1,1
366,-11481249,0,afternoon,72,60,1,18,4,1,1,1
367,-11481249,0,evening,2,2,2,2,1,1,1,1
368,-11481249,1,morning,1,1,1,1,1,1,1,1
369,-11480372,1,afternoon,4,1,1,1,4,1,1,1
370,-11480372,1,evening,2,1,1,1,2,1,1,1
371,-11479249,0,afternoon,17,2,1,1.308,13,1,1,1
372,-11479249,0,evening,7,3,1,1.75,4,1,1,1
373,-11479249,0,morning,1,1,1,1,1,1,1,1
374,-11479249,1,afternoon,52,8,1,2,30,2,1,1.154
375,-11479249,1,evening,46,5,1,1.643,29,2,1,1.036
376,-11479249,1,morning,11,2,1,1.1,10,1,1,1
377,-11479249,1,night,2,2,2,2,1,1,1,1
378,-11476660,0,afternoon,296,59,1,8.46,49,6,1,1.4
379,-11476660,0,evening,152,35,1,3.8,48,3,1,1.2
380,-11476660,0,morning,357,51,1,14.28,29,2,1,1.16
381,-11476660,1,afternoon,883,65,1,12.266,123,4,1,1.708
382,-11476660,1,evening,449,68,1,8.016,79,7,1,1.411
383,-11476660,1,morning,532,69,1,7.6,95,9,1,1.357
384,-11476660,1,night,24,22,1,8,4,2,1,1.333
385,-11475436,0,afternoon,41,39,2,20.5,4,3,1,2
386,-11475436,0,evening,6,3,1,2,4,2,1,1.333
387,-11475436,0,morning,43,19,1,6.145,11,4,1,1.571
388,-11475436,1,afternoon,200,47,1,5.715,46,4,1,1.314
389,-11475436,1,evening,13,3,1,1.444,12,2,1,1.333
390,-11475436,1,morning,193,36,1,7.15,29,2,1,1.074
391,-11475396,0,afternoon,1,1,1,1,1,1,1,1
392,-11475396,1,afternoon,11,5,1,1.833,7,2,1,1.167
393,-11475396,1,evening,1,1,1,1,1,1,1,1
394,-11475396,1,morning,12,4,1,2.4,7,3,1,1.4
395,-11472643,0,afternoon,27,19,1,5.4,7,2,1,1.4
396,-11472643,0,evening,3,1,1,1,3,1,1,1
397,-11472643,0,morning,3,3,3,3,2,2,2,2
398,-11472643,1,afternoon,223,27,1,7.69,35,3,1,1.207
399,-11472643,1,evening,79,16,1,3.16,30,3,1,1.2
400,-11472643,1,morning,92,9,1,2.3,46,2,1,1.15
401,-11472643,1,night,2,2,2,2,1,1,1,1
402,-11469177,0,afternoon,23,6,1,1.917,14,2,1,1.167
403,-11469177,0,evening,29,13,1,2.637,11,1,1,1
404,-11469177,0,morning,21,4,1,2.334,9,1,1,1
405,-11469177,0,night,3,2,1,1.5,2,1,1,1
406,-11469177,1,afternoon,187,41,1,5.195,43,3,1,1.194
407,-11469177,1,evening,310,43,1,7.562,55,4,1,1.342
408,-11469177,1,morning,23,4,1,1.4375,17,2,1,1.0625
409,-11466832,0,afternoon,2,1,1,1,2,1,1,1
410,-11466832,1,afternoon,9,4,1,1.5,6,1,1,1
411,-11466832,1,morning,1,1,1,1,1,1,1,1
412,-11466832,1,night,1,1,1,1,1,1,1,1
413,-11464588,0,afternoon,2,2,2,2,2,2,2,2
414,-11464588,0,evening,2,1,1,1,2,1,1,1
415,-11464588,0,morning,6,2,2,2,4,2,1,1.333
416,-11464588,1,afternoon,23,12,1,2.875,10,2,1,1.25
417,-11464588,1,evening,8,5,1,2,4,1,1,1
418,-11464588,1,morning,5,3,2,2.5,4,3,1,2
419,-11464506,0,afternoon,16,2,1,1.23,14,2,1,1.077
420,-11464506,0,evening,10,2,1,1.111,9,1,1,1
421,-11464506,0,morning,7,2,1,1.4,5,1,1,1
422,-11464506,1,afternoon,7,1,1,1,7,1,1,1
423,-11464506,1,evening,20,3,1,1.667,13,2,1,1.083
424,-11464506,1,morning,9,2,1,1.286,8,2,1,1.143
425,-11464445,0,afternoon,1,1,1,1,1,1,1,1
426,-11464445,0,morning,94,33,1,11.75,9,2,1,1.125
427,-11464445,1,afternoon,11,4,1,2.2,5,1,1,1
428,-11464445,1,evening,4,3,1,2,2,1,1,1
429,-11464445,1,morning,65,27,1,8.125,9,2,1,1.125
430,-11461835,0,evening,2,2,2,2,1,1,1,1
431,-11461835,1,afternoon,3,3,3,3,1,1,1,1
432,-11461326,1,afternoon,4,1,1,1,4,1,1,1
433,-11461326,1,evening,3,2,1,1.5,3,2,1,1.5
434,-11461326,1,morning,8,2,1,1.143,7,1,1,1
435,-11461141,0,afternoon,50,16,3,8.336,10,5,1,1.667
436,-11461141,0,evening,119,24,1,11.9,12,2,1,1.2
437,-11461141,0,morning,73,29,9,18.25,4,1,1,1
438,-11461141,0,night,1,1,1,1,1,1,1,1
439,-11461141,1,afternoon,104,28,1,7.43,19,4,1,1.357
440,-11461141,1,evening,817,58,1,8.695,123,5,1,1.309
441,-11461141,1,morning,206,56,1,11.445,28,6,1,1.556
442,-11461141,1,night,11,9,2,5.5,2,1,1,1
443,-11460571,0,afternoon,6,4,2,3,2,1,1,1
444,-11460571,0,evening,2,1,1,1,2,1,1,1
445,-11460571,0,morning,3,3,3,3,1,1,1,1
446,-11460571,0,night,1,1,1,1,1,1,1,1
447,-11460571,1,afternoon,6,1,1,1,6,1,1,1
448,-11460571,1,evening,3,1,1,1,3,1,1,1
449,-11460571,1,morning,8,1,1,1,8,1,1,1
450,-11459795,0,afternoon,1,1,1,1,1,1,1,1
451,-11459795,0,evening,96,60,1,16,7,2,1,1.167
452,-11459795,0,morning,4,3,1,2,2,1,1,1
453,-11459795,1,afternoon,17,6,1,2.125,8,1,1,1
454,-11459795,1,evening,69,26,1,5.31,14,2,1,1.077
455,-11459795,1,morning,14,3,1,2,7,1,1,1
456,-11459368,0,evening,1,1,1,1,1,1,1,1
457,-11459368,1,afternoon,59,30,1,14.75,5,2,1,1.25
458,-11459368,1,evening,35,26,1,5,7,1,1,1
459,-11459368,1,morning,4,2,2,2,2,1,1,1
460,-11459368,1,night,1,1,1,1,1,1,1,1
461,-11458857,1,afternoon,5,1,1,1,5,1,1,1
462,-11458857,1,morning,73,61,1,9.125,9,2,1,1.125
463,-11456962,0,afternoon,10,3,1,1.429,8,2,1,1.143
464,-11456962,0,evening,2,1,1,1,2,1,1,1
465,-11456962,0,morning,12,5,1,1.714,7,1,1,1
466,-11456962,1,afternoon,51,6,1,1.7,37,3,1,1.233
467,-11456962,1,evening,14,10,1,3.5,4,1,1,1
468,-11456962,1,morning,13,9,1,3.25,4,1,1,1
469,-11456777,0,evening,2,2,2,2,1,1,1,1
470,-11456777,0,morning,3,3,3,3,1,1,1,1
471,-11456777,1,afternoon,8,3,1,1.6,5,1,1,1
472,-11456777,1,evening,24,5,1,1.846,17,3,1,1.308
473,-11456777,1,morning,1,1,1,1,1,1,1,1
474,-11455065,0,afternoon,2,1,1,1,2,1,1,1
475,-11455065,0,morning,3,1,1,1,3,1,1,1
476,-11455065,1,afternoon,10,5,1,2,5,1,1,1
477,-11455065,1,evening,9,3,1,1.8,5,1,1,1
478,-11455065,1,morning,7,2,1,1.167,6,1,1,1
479,-11455065,1,night,2,1,1,1,2,1,1,1
480,-11454535,0,afternoon,11,5,1,2.2,5,1,1,1
481,-11454535,0,evening,2,2,2,2,1,1,1,1
482,-11454535,0,morning,11,8,1,2.75,6,3,1,1.5
483,-11454535,0,night,1,1,1,1,1,1,1,1
484,-11454535,1,afternoon,4,2,1,1.333,4,2,1,1.333
485,-11454535,1,evening,29,5,1,2.23,15,2,1,1.154
486,-11454535,1,morning,14,3,1,1.75,9,2,1,1.125
487,-11454535,1,night,1,1,1,1,1,1,1,1
488,-11453353,0,afternoon,14,5,1,1.75,10,2,1,1.25
489,-11453353,0,evening,49,47,1,16.33,4,2,1,1.333
490,-11453353,0,morning,7,5,2,3.5,3,2,1,1.5
491,-11453353,1,afternoon,70,10,1,2.691,28,2,1,1.077
492,-11453353,1,evening,102,35,1,6,24,3,1,1.412
493,-11453353,1,morning,12,3,1,1.714,8,2,1,1.143
494,-11453353,1,night,2,1,1,1,2,1,1,1
495,-11452291,0,evening,2,1,1,1,2,1,1,1
496,-11452230,0,afternoon,1,1,1,1,1,1,1,1
497,-11452230,1,evening,3,2,1,1.5,2,1,1,1
498,-11452230,1,morning,4,1,1,1,4,1,1,1
499,-11452230,1,night,1,1,1,1,1,1,1,1
500,-11450701,0,afternoon,6,2,1,1.2,5,1,1,1
501,-11450701,0,evening,10,2,1,1.111,9,1,1,1
502,-11450701,0,morning,4,1,1,1,4,1,1,1
503,-11450701,1,afternoon,24,13,1,2.4,21,11,1,2.1
504,-11450701,1,evening,236,67,1,8.14,35,3,1,1.207
505,-11450701,1,morning,7,2,1,1.167,7,2,1,1.167
506,-11450701,1,night,22,22,22,22,1,1,1,1
507,-11444726,0,evening,1,1,1,1,1,1,1,1
508,-11444726,0,morning,2,1,1,1,2,1,1,1
509,-11444726,1,afternoon,1,1,1,1,1,1,1,1
510,-11444726,1,evening,5,2,1,1.25,5,2,1,1.25
511,-11444726,1,morning,1,1,1,1,1,1,1,1
512,-11444482,0,evening,105,37,1,13.125,9,2,1,1.125
513,-11444482,0,morning,2,2,2,2,1,1,1,1
514,-11444482,1,afternoon,4,2,1,1.333,3,1,1,1
515,-11444482,1,evening,61,31,1,6.777,9,1,1,1
516,-11444482,1,morning,182,65,1,13,15,2,1,1.071
517,-11438526,0,afternoon,21,10,1,7,3,1,1,1
518,-11438526,1,afternoon,21,11,3,7,6,3,1,2
519,-11438526,1,evening,1,1,1,1,1,1,1,1
520,-11438385,1,afternoon,35,17,1,5,7,1,1,1
521,-11438385,1,evening,10,4,1,1.667,6,1,1,1
522,-11438057,1,afternoon,2,1,1,1,2,1,1,1
523,-11438057,1,evening,1,1,1,1,1,1,1,1
524,-11437527,0,afternoon,1,1,1,1,1,1,1,1
525,-11437527,0,evening,1,1,1,1,1,1,1,1
526,-11437527,1,afternoon,7,3,1,1.75,4,1,1,1
527,-11437527,1,morning,2,1,1,1,2,1,1,1
528,-11437508,0,afternoon,20,5,1,2.5,8,1,1,1
529,-11437508,0,evening,23,17,1,3.834,6,1,1,1
530,-11437508,0,morning,31,28,1,7.75,4,1,1,1
531,-11437508,0,night,1,1,1,1,1,1,1,1
532,-11437508,1,afternoon,37,5,1,1.947,22,2,1,1.158
533,-11437508,1,evening,33,11,1,2.062,18,2,1,1.125
534,-11437508,1,morning,14,7,1,2.334,6,1,1,1
535,-11437508,1,night,1,1,1,1,1,1,1,1
536,-11437243,0,afternoon,17,4,1,1.889,11,2,1,1.223
537,-11437243,0,evening,4,2,1,1.333,3,1,1,1
538,-11437243,0,morning,3,1,1,1,3,1,1,1
539,-11437243,1,afternoon,5,2,1,1.25,4,1,1,1
540,-11437243,1,evening,8,3,1,2,5,2,1,1.25
541,-11437243,1,morning,97,34,1,5.105,22,2,1,1.158
542,-11437243,1,night,2,1,1,1,2,1,1,1
543,-11436896,1,afternoon,18,6,1,3,8,3,1,1.333
544,-11433388,0,afternoon,3,2,1,1.5,3,2,1,1.5
545,-11433388,1,afternoon,46,22,1,5.75,18,9,1,2.25
546,-11433388,1,evening,144,60,1,24,6,1,1,1
547,-11433388,1,morning,68,57,1,17,4,1,1,1
548,-11433144,0,afternoon,27,8,1,2.455,27,8,1,2.455
549,-11433144,0,evening,20,7,2,5,20,7,2,5
550,-11433144,0,morning,9,3,1,1.8,9,3,1,1.8
551,-11433144,1,afternoon,110,57,1,7.855,55,11,1,3.928
552,-11433144,1,evening,41,15,1,3.416,41,15,1,3.416
553,-11433144,1,morning,109,42,1,5.74,39,9,1,2.053
554,-11432103,0,afternoon,35,4,1,1.4,25,1,1,1
555,-11432103,0,evening,41,7,1,1.782,32,3,1,1.392
556,-11432103,0,morning,30,5,1,1.363,25,3,1,1.137
557,-11432103,1,afternoon,58,6,1,1.567,46,4,1,1.243
558,-11432103,1,evening,94,27,1,2.611,44,2,1,1.223
559,-11432103,1,morning,52,4,1,1.485,37,2,1,1.058
560,-11429615,0,afternoon,2,1,1,1,2,1,1,1
561,-11429615,0,evening,5,3,1,1.667,5,3,1,1.667
562,-11429615,1,afternoon,19,18,1,9.5,2,1,1,1
563,-11429615,1,evening,7,4,1,1.75,4,1,1,1
564,-11429005,0,afternoon,3,1,1,1,3,1,1,1
565,-11429005,0,morning,35,9,1,5,11,3,1,1.571
566,-11429005,1,afternoon,296,63,1,18.5,24,4,1,1.5
567,-11429005,1,evening,6,3,1,1.5,4,1,1,1
568,-11429005,1,morning,77,23,1,11,8,2,1,1.143
569,-11428963,1,afternoon,2,2,2,2,1,1,1,1
570,-11428963,1,morning,2,1,1,1,2,1,1,1
571,-11427699,0,morning,116,60,15,38.66,3,1,1,1
572,-11427699,1,afternoon,2,2,2,2,1,1,1,1
573,-11427678,0,afternoon,93,12,1,2.215,49,3,1,1.167
574,-11427678,0,evening,24,2,1,1.091,22,1,1,1
575,-11427678,0,morning,54,8,1,1.862,33,4,1,1.138
576,-11427678,1,afternoon,420,35,1,2.838,168,4,1,1.135
577,-11427678,1,evening,100,5,1,1.352,82,4,1,1.108
578,-11427678,1,morning,275,48,1,2.645,116,3,1,1.115
579,-11427678,1,night,2,1,1,1,2,1,1,1
580,-11426904,0,evening,1,1,1,1,1,1,1,1
581,-11426904,0,morning,1,1,1,1,1,1,1,1
582,-11426904,1,evening,30,30,30,30,1,1,1,1
583,-11426904,1,morning,2,2,2,2,2,2,2,2
584,-11426700,0,afternoon,24,17,1,4.8,6,2,1,1.2
585,-11426700,0,evening,11,3,1,1.571,11,3,1,1.571
586,-11426700,1,afternoon,93,24,1,4.65,20,1,1,1
587,-11426700,1,evening,70,16,1,3.5,31,5,1,1.55
588,-11426700,1,morning,39,14,1,7.8,5,1,1,1
589,-11425129,0,afternoon,3,2,1,1.5,2,1,1,1
590,-11425129,0,night,1,1,1,1,1,1,1,1
591,-11425129,1,afternoon,3,2,1,1.5,2,1,1,1
592,-11425129,1,morning,1,1,1,1,1,1,1,1
593,-11424925,0,afternoon,29,5,1,1.706,19,2,1,1.117
594,-11424925,0,evening,6,1,1,1,6,1,1,1
595,-11424925,0,morning,26,6,1,2,14,2,1,1.077
596,-11424925,1,afternoon,61,8,1,1.605,40,2,1,1.053
597,-11424925,1,evening,18,2,1,1.2,16,2,1,1.066
598,-11424925,1,morning,80,16,1,2.857,35,2,1,1.25
599,-11423234,0,afternoon,2,1,1,1,2,1,1,1
600,-11423234,0,evening,125,60,1,13.89,9,1,1,1
601,-11423234,1,afternoon,55,28,1,3.438,18,2,1,1.125
602,-11423234,1,evening,106,36,1,4.816,29,3,1,1.318
603,-11423234,1,morning,4,3,1,2,2,1,1,1
604,-11422561,0,morning,5,3,1,1.667,3,1,1,1
605,-11422561,1,afternoon,6,3,3,3,4,3,1,2
606,-11422561,1,evening,17,14,1,4.25,4,1,1,1
607,-11422561,1,morning,18,9,1,3.6,5,1,1,1
608,-11420277,0,afternoon,9,2,1,1.125,8,1,1,1
609,-11420277,0,evening,3,1,1,1,3,1,1,1
610,-11420277,1,afternoon,11,2,1,1.223,9,1,1,1
611,-11420277,1,evening,11,4,1,2.2,7,2,1,1.4
612,-11420277,1,morning,9,4,1,2.25,5,2,1,1.25
613,-11418746,0,afternoon,11,3,1,1.375,10,3,1,1.25
614,-11418746,0,evening,1,1,1,1,1,1,1,1
615,-11418746,0,morning,12,4,1,2,7,2,1,1.167
616,-11418746,1,afternoon,5,1,1,1,5,1,1,1
617,-11418746,1,evening,9,2,1,1.5,8,2,1,1.333
618,-11418746,1,morning,1,1,1,1,1,1,1,1
619,-11416279,0,afternoon,9,2,1,1.125,9,2,1,1.125
620,-11416279,1,afternoon,3,2,1,1.5,2,1,1,1
621,-11416279,1,morning,1,1,1,1,1,1,1,1
622,-11416117,0,afternoon,4,2,1,1.333,3,1,1,1
623,-11416117,0,evening,4,1,1,1,4,1,1,1
624,-11416117,0,morning,4,1,1,1,4,1,1,1
625,-11416117,1,afternoon,7,2,1,1.167,6,1,1,1
626,-11416117,1,evening,17,9,1,1.889,10,2,1,1.111
627,-11416117,1,morning,4,1,1,1,4,1,1,1
628,-11415097,0,afternoon,24,13,11,12,2,1,1,1
629,-11415097,0,evening,105,37,1,17.5,7,2,1,1.167
630,-11415097,0,night,34,34,34,34,1,1,1,1
631,-11415097,1,afternoon,299,52,1,12.46,32,3,1,1.333
632,-11415097,1,evening,434,54,1,18.08,31,3,1,1.292
633,-11415097,1,morning,146,59,2,18.25,14,3,1,1.75
634,-11415097,1,night,199,65,1,33.16,8,2,1,1.333
635,-11414750,0,afternoon,15,4,1,1.875,8,1,1,1
636,-11414750,0,evening,16,9,1,2.285,9,3,1,1.286
637,-11414750,0,morning,184,55,1,23,8,1,1,1
638,-11414750,1,afternoon,142,65,1,7.1,24,3,1,1.2
639,-11414750,1,evening,24,5,1,1.5,17,2,1,1.0625
640,-11414750,1,morning,236,56,1,5.49,48,2,1,1.116
641,-11414750,1,night,2,2,2,2,2,2,2,2
642,-11409204,1,afternoon,1,1,1,1,1,1,1,1
643,-11409162,0,morning,1,1,1,1,1,1,1,1
644,-11409162,1,afternoon,34,24,4,11.336,3,1,1,1
645,-11409162,1,evening,7,2,1,1.167,6,1,1,1
646,-11406838,0,afternoon,32,3,1,1.523,22,2,1,1.048
647,-11406838,0,evening,22,2,1,1.1,21,2,1,1.05
648,-11406838,0,morning,26,7,1,2.166,13,2,1,1.083
649,-11406838,0,night,51,29,1,4.25,13,2,1,1.083
650,-11406838,1,afternoon,78,6,1,1.902,46,2,1,1.122
651,-11406838,1,evening,99,4,1,1.395,82,2,1,1.155
652,-11406838,1,morning,95,60,1,4.316,23,2,1,1.046
653,-11406838,1,night,68,9,1,2.268,37,5,1,1.233
654,-11403147,0,afternoon,72,9,1,1.846,42,2,1,1.077
655,-11403147,0,evening,34,30,1,6.8,5,1,1,1
656,-11403147,0,morning,120,10,1,2,71,3,1,1.184
657,-11403147,1,afternoon,267,13,1,2.086,143,5,1,1.117
658,-11403147,1,evening,52,9,1,2.166,26,2,1,1.083
659,-11403147,1,morning,356,18,1,2.373,170,3,1,1.134
660,-11403147,1,night,1,1,1,1,1,1,1,1
661,-11402739,1,afternoon,15,4,1,1.667,12,2,1,1.333
662,-11402739,1,evening,1,1,1,1,1,1,1,1
663,-11402739,1,morning,59,11,1,5.9,13,4,1,1.3
664,-11402657,0,evening,7,4,3,3.5,2,1,1,1
665,-11402657,0,morning,10,5,1,2.5,4,1,1,1
666,-11402657,1,afternoon,18,4,1,1.8,11,2,1,1.1
667,-11402657,1,evening,27,8,1,2.455,12,2,1,1.091
668,-11402657,1,morning,20,6,1,2.857,7,1,1,1
669,-11402657,1,night,2,1,1,1,2,1,1,1
670,-11402209,0,afternoon,4,1,1,1,4,1,1,1
671,-11402209,0,morning,5,2,1,1.667,4,2,1,1.333
672,-11402209,1,morning,1,1,1,1,1,1,1,1
673,-11400455,0,afternoon,530,60,1,10.6,52,2,1,1.04
674,-11400455,0,evening,105,44,1,5.25,21,2,1,1.05
675,-11400455,0,morning,318,62,1,7.758,43,2,1,1.049
676,-11400455,1,afternoon,1167,55,1,10.91,122,3,1,1.141
677,-11400455,1,evening,82,21,1,3.037,29,2,1,1.074
678,-11400455,1,morning,1168,60,1,11.8,110,5,1,1.111
679,-11398396,0,afternoon,7,3,1,1.75,4,1,1,1
680,-11398396,0,morning,1,1,1,1,1,1,1,1
681,-11398396,1,afternoon,20,5,1,2.223,14,3,1,1.556
682,-11398396,1,evening,11,2,1,1.375,8,1,1,1
683,-11398396,1,morning,4,2,1,1.333,3,1,1,1
684,-11396724,0,afternoon,9,4,1,1.8,7,3,1,1.4
685,-11396724,0,evening,10,6,1,2,6,2,1,1.2
686,-11396724,0,morning,9,8,1,4.5,2,1,1,1
687,-11396724,1,afternoon,52,22,1,5.2,13,3,1,1.3
688,-11396724,1,evening,5,3,1,1.667,3,1,1,1
689,-11396724,1,morning,12,7,1,2.4,5,1,1,1
690,-11396541,0,afternoon,1,1,1,1,1,1,1,1
691,-11396541,0,evening,2,2,2,2,1,1,1,1
692,-11396541,0,morning,7,2,1,1.4,5,1,1,1
693,-11396541,1,afternoon,198,40,1,14.14,19,3,1,1.357
694,-11396541,1,evening,137,57,1,13.7,13,2,1,1.3
695,-11396541,1,morning,36,6,1,1.637,25,2,1,1.137
696,-11396541,1,night,37,37,37,37,1,1,1,1
697,-11395969,0,afternoon,1,1,1,1,1,1,1,1
698,-11395969,1,afternoon,1,1,1,1,1,1,1,1
699,-11395969,1,morning,3,1,1,1,3,1,1,1
700,-11394093,0,afternoon,10,5,1,2,7,2,1,1.4
701,-11394093,0,evening,13,5,1,2.6,6,2,1,1.2
702,-11394093,0,morning,10,3,1,1.429,7,1,1,1
703,-11394093,1,afternoon,30,8,1,2.727,13,2,1,1.182
704,-11394093,1,evening,5,3,1,1.667,4,2,1,1.333
705,-11394093,1,morning,14,4,1,1.556,10,2,1,1.111
706,-11390972,0,afternoon,7,3,1,1.4,5,1,1,1
707,-11390972,0,evening,16,2,1,1.454,11,1,1,1
708,-11390972,0,morning,19,3,1,1.357,14,1,1,1
709,-11390972,0,night,3,2,1,1.5,2,1,1,1
710,-11390972,1,afternoon,27,4,1,1.286,23,2,1,1.096
711,-11390972,1,evening,103,30,1,3.678,34,4,1,1.214
712,-11390972,1,morning,44,4,1,1.63,31,2,1,1.148
713,-11389485,0,afternoon,1,1,1,1,1,1,1,1
714,-11389485,0,evening,3,3,3,3,1,1,1,1
715,-11389485,1,afternoon,18,11,1,4.5,4,1,1,1
716,-11389485,1,morning,1,1,1,1,1,1,1,1
717,-11388934,0,afternoon,283,54,1,14.15,34,5,1,1.7
718,-11388934,0,evening,263,63,1,17.53,30,5,1,2
719,-11388934,0,morning,124,48,1,11.27,14,3,1,1.272
720,-11388934,0,night,4,2,1,1.333,4,2,1,1.333
721,-11388934,1,afternoon,257,67,1,5.47,59,5,1,1.255
722,-11388934,1,evening,233,40,1,4.855,62,3,1,1.292
723,-11388934,1,morning,188,18,1,3.76,62,4,1,1.24
724,-11388934,1,night,11,9,2,5.5,2,1,1,1
725,-11387588,1,afternoon,1,1,1,1,1,1,1,1
726,-11387548,0,afternoon,1,1,1,1,1,1,1,1
727,-11387548,0,evening,3,2,1,1.5,2,1,1,1
728,-11387548,0,morning,1,1,1,1,1,1,1,1
729,-11387548,1,morning,3,1,1,1,3,1,1,1
730,-11387302,0,afternoon,14,6,4,4.668,3,1,1,1
731,-11387302,0,evening,1,1,1,1,1,1,1,1
732,-11387302,0,morning,6,6,6,6,1,1,1,1
733,-11387302,1,afternoon,75,33,1,8.336,10,2,1,1.111
734,-11387302,1,evening,26,21,1,5.2,6,2,1,1.2
735,-11387302,1,morning,19,9,1,3.8,5,1,1,1
736,-11386751,0,afternoon,16,5,1,1.777,11,3,1,1.223
737,-11386751,0,evening,4,2,1,1.333,3,1,1,1
738,-11386751,0,morning,11,5,1,1.571,7,1,1,1
739,-11386751,1,afternoon,87,10,1,2.023,49,2,1,1.14
740,-11386751,1,evening,25,5,1,2.084,15,3,1,1.25
741,-11386751,1,morning,78,7,1,2.363,49,5,1,1.484
742,-11386751,1,night,2,1,1,1,2,1,1,1
743,-11385487,0,afternoon,316,60,1,7.523,47,2,1,1.119
744,-11385487,0,evening,52,15,1,2.08,27,2,1,1.08
745,-11385487,0,morning,350,60,1,7.293,60,3,1,1.25
746,-11385487,0,night,4,2,1,1.333,3,1,1,1
747,-11385487,1,afternoon,590,60,1,5.617,132,4,1,1.257
748,-11385487,1,evening,229,45,1,3.367,84,5,1,1.235
749,-11385487,1,morning,995,61,1,6.547,189,4,1,1.243
750,-11385487,1,night,21,3,1,1.615,16,3,1,1.23
751,-11384406,0,afternoon,105,13,1,2.334,53,3,1,1.178
752,-11384406,0,evening,87,14,1,2.719,35,3,1,1.094
753,-11384406,0,morning,69,13,1,2.379,34,3,1,1.173
754,-11384406,1,afternoon,230,8,1,1.811,158,5,1,1.244
755,-11384406,1,evening,286,44,1,4.145,79,3,1,1.145
756,-11384406,1,morning,198,11,1,1.65,142,4,1,1.184
757,-11384406,1,night,2,1,1,1,2,1,1,1
758,-11382797,0,afternoon,60,29,1,10,9,3,1,1.5
759,-11382797,0,evening,120,63,4,24,12,4,1,2.4
760,-11382797,0,morning,198,60,10,33,10,5,1,1.667
761,-11382797,0,night,46,28,18,23,2,1,1,1
762,-11382797,1,afternoon,8,6,2,4,3,2,1,1.5
763,-11382797,1,evening,515,87,1,28.61,40,4,1,2.223
764,-11382797,1,morning,436,60,1,21.8,28,3,1,1.4
765,-11379432,0,evening,1,1,1,1,1,1,1,1
766,-11379432,0,morning,2,2,2,2,1,1,1,1
767,-11379432,1,afternoon,35,22,3,11.664,3,1,1,1
768,-11379432,1,evening,10,7,1,3.334,3,1,1,1
769,-11379432,1,morning,4,2,1,1.333,3,1,1,1
770,-11379024,0,afternoon,2,2,2,2,2,2,2,2
771,-11379024,1,afternoon,22,9,1,3.666,7,2,1,1.167
772,-11379024,1,evening,3,1,1,1,3,1,1,1
773,-11379024,1,morning,23,20,1,5.75,4,1,1,1
774,-11377087,0,evening,4,3,1,2,3,2,1,1.5
775,-11377087,1,afternoon,4,3,1,2,2,1,1,1
776,-11377087,1,morning,1,1,1,1,1,1,1,1
777,-11376923,0,afternoon,77,8,1,2.654,35,3,1,1.207
778,-11376923,0,evening,123,36,1,4.92,34,4,1,1.36
779,-11376923,0,morning,109,17,1,2.795,47,4,1,1.205
780,-11376923,0,night,6,2,1,1.5,4,1,1,1
781,-11376923,1,afternoon,293,59,1,3.15,109,3,1,1.172
782,-11376923,1,evening,355,30,1,3.516,129,4,1,1.277
783,-11376923,1,morning,141,11,1,1.905,78,2,1,1.054
784,-11376923,1,night,1,1,1,1,1,1,1,1
785,-11376841,0,afternoon,2,1,1,1,2,1,1,1
786,-11376841,0,morning,5,2,1,1.25,4,1,1,1
787,-11376841,1,afternoon,4,2,1,1.333,3,1,1,1
788,-11376841,1,morning,3,2,1,1.5,2,1,1,1
789,-11374271,0,afternoon,43,13,1,1.954,23,2,1,1.046
790,-11374271,0,evening,63,9,1,2.25,32,3,1,1.143
791,-11374271,0,morning,41,7,1,1.708,24,1,1,1
792,-11374271,0,night,23,4,1,1.917,15,3,1,1.25
793,-11374271,1,afternoon,220,8,1,1.913,133,3,1,1.156
794,-11374271,1,evening,128,7,1,2.031,68,3,1,1.079
795,-11374271,1,morning,136,7,1,1.789,85,3,1,1.118
796,-11374271,1,night,41,9,1,2.05,24,2,1,1.2
797,-11373333,0,afternoon,1,1,1,1,1,1,1,1
798,-11373333,0,evening,3,1,1,1,3,1,1,1
799,-11373333,1,afternoon,56,34,1,8,8,2,1,1.143
800,-11373333,1,evening,1,1,1,1,1,1,1,1
801,-11373333,1,morning,1,1,1,1,1,1,1,1
802,-11371253,0,afternoon,3,1,1,1,3,1,1,1
803,-11371253,0,evening,146,44,2,20.86,11,3,1,1.571
804,-11371253,0,morning,3,2,1,1.5,2,1,1,1
805,-11371253,1,afternoon,175,31,1,12.5,15,2,1,1.071
806,-11371253,1,evening,132,33,1,8.8,18,2,1,1.2
807,-11371253,1,morning,94,43,1,5.53,21,4,1,1.235
808,-11371253,1,night,32,28,4,16,3,2,1,1.5
809,-11370193,0,morning,1,1,1,1,1,1,1,1
810,-11368704,0,afternoon,61,25,1,3.389,18,1,1,1
811,-11368704,0,evening,81,35,1,3.375,27,2,1,1.125
812,-11368704,0,morning,20,16,1,5,5,2,1,1.25
813,-11368704,0,night,2,1,1,1,2,1,1,1
814,-11368704,1,afternoon,383,35,1,8.15,61,4,1,1.298
815,-11368704,1,evening,341,60,1,8.52,53,5,1,1.325
816,-11368704,1,morning,91,15,1,3.5,32,3,1,1.23
817,-11368704,1,night,9,3,1,2.25,5,2,1,1.25
818,-11364464,0,afternoon,81,8,1,2.893,31,3,1,1.107
819,-11364464,0,evening,173,60,1,5.242,37,3,1,1.121
820,-11364464,0,morning,107,56,1,8.914,12,1,1,1
821,-11364464,1,afternoon,221,11,1,2.28,97,1,1,1
822,-11364464,1,evening,477,34,1,5.242,94,2,1,1.033
823,-11364464,1,morning,177,20,1,4.117,45,2,1,1.047
824,-11364464,1,night,4,2,1,1.333,3,1,1,1
825,-11362119,0,afternoon,99,38,6,19.8,5,1,1,1
826,-11362119,0,evening,2,2,2,2,1,1,1,1
827,-11362119,1,afternoon,201,67,2,28.72,11,3,1,1.571
828,-11362119,1,evening,83,27,1,13.836,7,2,1,1.167
829,-11362119,1,morning,34,20,1,4.855,7,1,1,1
830,-11361934,0,afternoon,1,1,1,1,1,1,1,1
831,-11361934,0,evening,110,60,4,22,6,2,1,1.2
832,-11361934,0,morning,12,9,1,4,3,1,1,1
833,-11361934,1,afternoon,17,3,1,1.546,11,1,1,1
834,-11361934,1,evening,186,58,1,15.5,12,1,1,1
835,-11361934,1,morning,9,2,1,1.286,8,2,1,1.143
836,-11360201,0,afternoon,2,2,2,2,1,1,1,1
837,-11360201,0,evening,1,1,1,1,1,1,1,1
838,-11360201,1,afternoon,19,4,1,1.583,13,2,1,1.083
839,-11360201,1,evening,48,13,1,4,12,1,1,1
840,-11360201,1,morning,112,22,1,7.465,16,2,1,1.066
841,-11358264,0,afternoon,4,2,1,1.333,4,2,1,1.333
842,-11358264,0,evening,4,1,1,1,4,1,1,1
843,-11358264,0,morning,1,1,1,1,1,1,1,1
844,-11358264,1,afternoon,1,1,1,1,1,1,1,1
845,-11358264,1,morning,4,1,1,1,4,1,1,1
846,-11357652,0,afternoon,8,3,1,2,5,2,1,1.25
847,-11357652,0,morning,4,1,1,1,4,1,1,1
848,-11357652,1,afternoon,5,1,1,1,5,1,1,1
849,-11357652,1,evening,3,1,1,1,3,1,1,1
850,-11357652,1,morning,7,1,1,1,7,1,1,1
851,-11357509,0,afternoon,36,19,1,3.6,12,3,1,1.2
852,-11357509,0,evening,104,30,2,13,12,3,1,1.5
853,-11357509,0,morning,4,2,1,1.333,3,1,1,1
854,-11357509,1,afternoon,94,73,1,13.43,10,3,1,1.429
855,-11357509,1,evening,122,48,1,15.25,9,2,1,1.125
856,-11357509,1,morning,5,2,1,1.25,5,2,1,1.25
857,-11355042,0,afternoon,6,3,1,1.5,4,1,1,1
858,-11355042,0,evening,3,2,1,1.5,2,1,1,1
859,-11355042,0,morning,1,1,1,1,1,1,1,1
860,-11355042,1,evening,5,5,5,5,1,1,1,1
861,-11355042,1,morning,5,3,1,1.667,3,1,1,1
862,-11354695,1,afternoon,8,2,1,1.6,5,1,1,1
863,-11354695,1,evening,5,5,5,5,1,1,1,1
864,-11350659,0,evening,17,15,2,8.5,3,2,1,1.5
865,-11350659,0,morning,3,3,3,3,1,1,1,1
866,-11350659,1,afternoon,73,33,1,8.11,10,2,1,1.111
867,-11350659,1,evening,33,33,33,33,1,1,1,1
868,-11350659,1,morning,38,15,1,4.223,10,2,1,1.111
869,-11350516,0,afternoon,1,1,1,1,1,1,1,1
870,-11350516,0,evening,1,1,1,1,1,1,1,1
871,-11350516,1,afternoon,5,4,1,2.5,3,2,1,1.5
872,-11347580,0,afternoon,11,3,1,1.571,7,1,1,1
873,-11347580,0,evening,6,5,1,3,2,1,1,1
874,-11347580,1,afternoon,34,10,1,2.268,21,3,1,1.4
875,-11347580,1,evening,7,3,1,1.4,6,2,1,1.2
876,-11347580,1,morning,26,5,1,2.363,16,4,1,1.454
877,-11347559,0,afternoon,2,1,1,1,2,1,1,1
878,-11347559,1,afternoon,14,4,1,1.75,8,1,1,1
879,-11347559,1,evening,8,2,1,1.143,8,2,1,1.143
880,-11347559,1,morning,12,2,1,1.2,11,2,1,1.1
881,-11347294,1,afternoon,96,41,1,13.71,11,4,1,1.571
882,-11347294,1,morning,1,1,1,1,1,1,1,1
883,-11346987,1,afternoon,1,1,1,1,1,1,1,1
884,-11346987,1,evening,1,1,1,1,1,1,1,1
885,-11346375,0,afternoon,2,1,1,1,2,1,1,1
886,-11346375,0,morning,2,2,2,2,1,1,1,1
887,-11346375,1,afternoon,3,1,1,1,3,1,1,1
888,-11346375,1,evening,11,2,1,1.223,10,2,1,1.111
889,-11346375,1,morning,4,3,1,2,2,1,1,1
890,-11343399,0,afternoon,4,2,2,2,4,2,2,2
891,-11343399,0,evening,19,15,4,9.5,2,1,1,1
892,-11343399,0,morning,3,2,1,1.5,3,2,1,1.5
893,-11343399,1,afternoon,17,10,1,4.25,5,2,1,1.25
894,-11343399,1,evening,130,60,1,18.58,7,1,1,1
895,-11343399,1,morning,17,9,1,2.428,7,1,1,1
896,-11343399,1,night,3,3,3,3,2,2,2,2
897,-11342257,0,afternoon,5,3,1,1.667,3,1,1,1
898,-11342257,0,evening,8,5,1,2,4,1,1,1
899,-11342257,0,morning,13,3,1,1.625,10,3,1,1.25
900,-11342257,1,afternoon,17,3,1,1.134,15,1,1,1
901,-11342257,1,evening,20,4,1,1.429,15,2,1,1.071
902,-11342257,1,morning,32,5,1,1.685,20,2,1,1.053
903,-11341950,1,night,45,37,8,22.5,3,2,1,1.5
904,-11341767,0,afternoon,9,3,1,1.5,8,2,1,1.333
905,-11341767,0,evening,46,6,1,2,27,4,1,1.174
906,-11341767,0,morning,9,2,1,1.286,7,1,1,1
907,-11341767,0,night,2,1,1,1,2,1,1,1
908,-11341767,1,afternoon,5,2,1,1.667,3,1,1,1
909,-11341767,1,evening,78,12,1,1.857,46,2,1,1.096
910,-11341767,1,night,22,12,1,4.4,5,1,1,1
911,-11340360,1,morning,1,1,1,1,1,1,1,1
912,-11340135,0,afternoon,4,4,4,4,2,2,2,2
913,-11340135,0,evening,6,5,1,3,2,1,1,1
914,-11340135,0,morning,3,2,1,1.5,2,1,1,1
915,-11340135,1,afternoon,5,3,1,1.667,3,1,1,1
916,-11340135,1,evening,7,4,1,1.75,4,1,1,1
917,-11340135,1,morning,6,2,1,1.5,4,1,1,1
918,-11340034,0,afternoon,21,17,1,5.25,4,1,1,1
919,-11340034,0,evening,2,1,1,1,2,1,1,1
920,-11340034,0,morning,33,17,1,6.6,6,2,1,1.2
921,-11340034,1,afternoon,44,35,1,6.285,9,2,1,1.286
922,-11340034,1,evening,5,3,2,2.5,2,1,1,1
923,-11340034,1,morning,55,21,1,13.75,8,5,1,2
924,-11339891,0,evening,1,1,1,1,1,1,1,1
925,-11339891,1,afternoon,8,2,1,1.333,7,2,1,1.167
926,-11339891,1,evening,9,2,1,1.125,9,2,1,1.125
927,-11339891,1,morning,1,1,1,1,1,1,1,1
928,-11339809,1,afternoon,100,52,2,25,4,1,1,1
929,-11339809,1,evening,1,1,1,1,1,1,1,1
930,-11339483,1,evening,2,2,2,2,1,1,1,1
931,-11339260,1,afternoon,88,41,1,12.57,12,5,1,1.714
932,-11339260,1,evening,19,19,19,19,2,2,2,2
933,-11336608,0,afternoon,1,1,1,1,1,1,1,1
934,-11336608,1,evening,6,2,1,1.5,5,2,1,1.25
935,-11336608,1,morning,1,1,1,1,1,1,1,1
936,-11336181,0,afternoon,52,37,1,5.777,9,1,1,1
937,-11336181,0,evening,5,1,1,1,5,1,1,1
938,-11336181,0,morning,10,5,1,2,7,3,1,1.4
939,-11336181,1,afternoon,43,22,1,2.688,16,1,1,1
940,-11336181,1,evening,6,1,1,1,6,1,1,1
941,-11336181,1,morning,6,2,1,1.2,6,2,1,1.2
942,-11335527,0,afternoon,126,28,1,4.848,30,3,1,1.154
943,-11335527,0,evening,188,60,1,5.695,38,2,1,1.151
944,-11335527,0,morning,95,27,1,2.969,35,2,1,1.094
945,-11335527,1,afternoon,418,63,1,4.02,115,3,1,1.105
946,-11335527,1,evening,318,53,1,4.48,82,2,1,1.155
947,-11335527,1,morning,340,33,1,3.12,120,3,1,1.101
948,-11335527,1,night,4,4,4,4,2,2,2,2
949,-11333569,0,afternoon,14,6,1,2.8,5,1,1,1
950,-11333569,0,evening,51,24,4,12.75,6,2,1,1.5
951,-11333569,1,afternoon,22,18,1,7.332,3,1,1,1
952,-11333569,1,evening,289,60,2,28.9,11,2,1,1.1
953,-11333569,1,night,2,1,1,1,2,1,1,1
954,-11333529,0,afternoon,13,5,1,1.857,8,2,1,1.143
955,-11333529,0,evening,18,16,2,9,2,1,1,1
956,-11333529,0,morning,7,3,1,1.4,5,1,1,1
957,-11333529,1,afternoon,19,2,1,1.267,16,2,1,1.066
958,-11333529,1,evening,65,12,1,5,14,2,1,1.077
959,-11333529,1,morning,18,7,1,3,6,1,1,1
960,-11332898,1,afternoon,9,2,1,1.5,7,2,1,1.167
961,-11332898,1,morning,10,7,1,2.5,4,1,1,1
962,-11330389,1,morning,1,1,1,1,1,1,1,1
963,-11329981,0,afternoon,2,1,1,1,2,1,1,1
964,-11329981,0,morning,34,25,9,17,2,1,1,1
965,-11329981,1,afternoon,31,21,1,6.2,5,1,1,1
966,-11329981,1,evening,3,2,1,1.5,2,1,1,1
967,-11329981,1,morning,1,1,1,1,1,1,1,1
968,-11329859,0,afternoon,107,59,1,11.89,12,2,1,1.333
969,-11329859,0,evening,173,60,1,13.305,15,2,1,1.154
970,-11329859,0,night,412,60,1,41.2,10,1,1,1
971,-11329859,1,afternoon,290,51,1,13.18,30,4,1,1.363
972,-11329859,1,evening,408,83,1,18.55,28,3,1,1.272
973,-11329859,1,morning,57,52,1,14.25,6,3,1,1.5
974,-11329859,1,night,544,73,1,32,18,2,1,1.059
975,-11328736,0,afternoon,4,2,2,2,3,2,1,1.5
976,-11328736,0,evening,68,20,1,6.184,15,3,1,1.363
977,-11328736,0,morning,3,2,1,1.5,2,1,1,1
978,-11328736,1,afternoon,43,18,1,3.584,14,3,1,1.167
979,-11328736,1,evening,102,28,1,8.5,12,1,1,1
980,-11328736,1,morning,51,33,1,6.375,10,3,1,1.25
981,-11327554,1,afternoon,1,1,1,1,1,1,1,1
982,-11326860,0,morning,1,1,1,1,1,1,1,1
983,-11326860,1,evening,1,1,1,1,1,1,1,1
984,-11326616,1,morning,1,1,1,1,1,1,1,1
985,-11326025,0,evening,3,2,1,1.5,3,2,1,1.5
986,-11326025,0,morning,3,1,1,1,3,1,1,1
987,-11326025,1,afternoon,8,2,1,1.333,6,1,1,1
988,-11326025,1,evening,42,22,1,4.668,10,2,1,1.111
989,-11326025,1,morning,19,3,1,1.583,13,2,1,1.083
990,-11326025,1,night,1,1,1,1,1,1,1,1
991,-11325331,0,afternoon,29,24,1,9.664,3,1,1,1
992,-11325331,0,morning,20,16,1,5,4,1,1,1
993,-11325331,1,afternoon,38,16,1,6.332,9,3,1,1.5
994,-11325331,1,evening,5,1,1,1,5,1,1,1
995,-11325331,1,morning,96,33,1,6.4,20,4,1,1.333
996,-11324843,0,afternoon,7,2,1,1.167,6,1,1,1
997,-11324843,0,evening,18,4,1,2.25,12,2,1,1.5
998,-11324843,0,morning,1,1,1,1,1,1,1,1
999,-11324843,0,night,4,2,2,2,2,1,1,1
