,mobiles,prices,currencyy
0,Samsung Galaxy J4 Plus,2379,EGP
1,Samsung Galaxy A6 Plus,5199,EGP
2,Samsung Galaxy J6 Plus,2739,EGP
3,Samsung Galaxy J8,4799,EGP
4,Huawei Y9 2018,3799,EGP
5,Samsung Galaxy Grand Prime Plus,1699,EGP
6,Samsung Galaxy J7 Core,2999,EGP
7,Infinix Zero 5 X603,4955,EGP
8,HTC Desire 828,2099,EGP
9,Samsung Galaxy Grand Prime Pro,1999,EGP
10,Samsung Galaxy A8 Plus 2018,9299,EGP
11,Apple iPhone 8 Plus,13849,EGP
12,Alcatel 2051D,444,EGP
13,Samsung Galaxy J5 Pro 2017,2999,EGP
14,Huawei Y5 2017,1909,EGP
15,Alcatel 1,1025,EGP
16,Samsung Galaxy J7 Prime,3140,EGP
17,Samsung Galaxy A8,8700,EGP
18,"Gionee S11 Lite Dual SIM, 32GB, 4GB RAM, 4G LTE - Black",2999,EGP
19,"Hisense F10 Dual SIM, 8GB, 1GB RAM, 4G LTE - Gold",1444,EGP
20,"Iq & t IQ&T Dual SIM Smart Phone IFOO U200 - 16GB, 2GB RAM - Black",1599,EGP
21,"Wiko View Dual SIM, 32GB, 3GB RAM, 4G LTE - Black",2199,EGP
22,Samsung Note 9 128GB - 4G LTE,17196,EGP
23,Samsung Galaxy J3 2016,1969,EGP
24,Motorola Moto E4,1799,EGP
25,Huawei Y5ii,1869,EGP
26,Samsung J4 plus 32 Gb - 4G LTE,2748,EGP
27,"ILA C1 Dual SIM, 8 GB, 1 GB RAM, 4G LTE - Blue",999,EGP
28,Alcatel 1X Dual Sim - 16 GB 4G LTE,1542,EGP
29,"IQ&T ifoo Dual SIM, 8GB, 1GB RAM, 3G - Black",999,EGP
30,Huawei Y3 2017,250,EGP
31,Sony Xperia L1,2299,EGP
32,"Wiko Upulse Dual Sim - 32GB, 3GB RAM, 4G LTE, Black",2999,EGP
33,Sony Xperia XA,1999,EGP
34,"ILA C1 Dual SIM With 5"" Screen, 8 GB, 1 GB RAM, 4G LTE - Black",999,EGP
35,Samsung Galaxy J3 Pro,2765,EGP
36,Sony Xperia XA Ultra,3100,EGP
37,"Samsung Fast Charge Mini Car Charger, Black- EP-LN930CBEGUS",425,EGP
38,"ITELL iTel Dual SIM Mobile Phone it2150 - 4MB, 4MB RAM, 2G - Black",239,EGP
39,Gionee X1s,1999,EGP
40,Nokia 917,2099,EGP
41,Samsung Galaxy A5,4399,EGP
42,"Samsung Mini Car Charger 18W,FC,Type-C EP-LN930CBEGWW - Black",426,EGP
43,Alcatel 3C,1779,EGP
44,"ITELL Itel IT2160 Dual SIM, 2G - Black",239,EGP
45,"ITELL Itel S12 Dual SIM - 8GB, 1GB RAM - Black",1299,EGP
46,"IQ&T IFOO A101 Dual SIM, 16GB, 1GB RAM, 3G - White + Silicon Cover",1199,EGP
47,"IQ&T IFOO A101 Dual SIM, 16GB, 1GB RAM, 3G - Grey + Silicon Cover",1199,EGP
48,Alcatel 5026D,1549,EGP
49,Samsung Galaxy Note 8,10255,EGP
50,Apple iPhone 6,6199,EGP
51,Apple iPhone 7 Plus,12299,EGP
52,Samsung Galaxy s10,15999,EGP
53,OPPO F9,5110,EGP
54,Huawei Y9 2019,4599,EGP
55,Samsung Galaxy A9,8195,EGP
56,Samsung Galaxy S9 Plus,12455,EGP
57,Apple iPhone 6 Plus,8398,EGP
58,Samsung Galaxy M30,to,Price
59,Oppo F7,5990,EGP
60,Huawei Mate 20 Pro,1999,EGP
61,Xiaomi Redmi Note 7,to,Price
62,Apple iPhone 6S Plus,8549,EGP
63,Samsung Galaxy Note 5,6999,EGP
64,Samsung Galaxy J6,3599,EGP
65,Huawei Mate 20,11499,EGP
66,Samsung Galaxy J4,2025,EGP
67,Samsung Galaxy S7,5900,EGP
68,Huawei Honor 8X,4444,EGP
69,Samsung Galaxy A6,5079,EGP
70,Samsung Galaxy J7,2999,EGP
71,Oppo F5,5900,EGP
72,Samsung Galaxy S9,11111,EGP
73,Samsung Galaxy S8,7999,EGP
74,Huawei P20 Pro,12599,EGP
75,Apple iPhone 5S,4499,EGP
76,Nokia 8.1,5990,EGP
77,Nokia 7 Plus,4555,EGP
78,Samsung Galaxy S7 Edge,6999,EGP
79,Huawei Y6 Prime 2018,2525,EGP
80,Apple iPhone X,16600,EGP
81,Nokia 917,2099,EGP
82,Huawei Honor V20,to,Price
83,Huawei Honor 10,6999,EGP
84,Oppo Find X,14895,EGP
85,Samsung Galaxy S6 Edge,6999,EGP
86,Huawei Honor View 20,12222,EGP
87,Samsung Galaxy J7 Pro,4299,EGP
88,Samsung Galaxy Note 9,13799,EGP
89,Samsung Galaxy S10 Plus,17499,EGP
90,Apple iPhone SE,4999,EGP
91,Samsung Galaxy J4 Core,1828,EGP
92,OnePlus 6T,11099,EGP
93,Huawei Honor 10 Lite,3775,EGP
94,Samsung Galaxy J5,2500,EGP
95,Huawei Honor 6X,3555,EGP
96,Samsung Galaxy S10E,to,Price
97,Nokia 105,329,EGP
98,Samsung Galaxy Grand Prime,1799,EGP
99,Nokia 6,3099,EGP
100,Apple iPhone Xs Max,22662,EGP
101,Huawei P20 Lite,4444,EGP
102,Xiaomi Redmi Note 6 Pro,3639,EGP
103,Huawei Honor 9,7300,EGP
104,Nokia 216,745,EGP
105,HTC Desire 12 Plus,2799,EGP
106,HUAWEI Honor 7C,2599,EGP
107,Lava Iris 41,999,EGP
108,Apple iPhone Xs,20399,EGP
109,Xiaomi Mi 8 Lite,4439,EGP
110,Huawei P9,4500,EGP
111,Oppo A3,to,Price
112,Nokia 1,929,EGP
113,Xiaomi Mi Mix 3,10450,EGP
114,Samsung J1,150,EGP
115,Realme 2 Pro,6000,EGP
116,Sony Xperia XZ Premium,6666,EGP
117,Apple iPhone Xr,16499,EGP
118,Lenovo K6 Note,2399,EGP
119,Nokia 6.1 Plus,3900,EGP
120,"Infinix Hot 6 X606 Dual SIM - 16GB, 2GB RAM, 3G, Wifi, Black",2350,EGP
121,Huawei Honor 7S,2040,EGP
122,Nokia 917,2099,EGP
123,Xiaomi Mi A2 Lite,3225,EGP
124,Nokia 3310,875,EGP
125,Nokia 150,625,EGP
126,Nokia 8110 4G,1355,EGP
127,Infinix Note 5 X604,2971,EGP
128,Mtouch C4 With 4 SIM Mobile Phone -Gold,399,EGP
129,Oppo A3S Smartphone,2690,EGP
130,Infinix Hot 4,299,EGP
131,Samsung Galaxy S8 Plus,9098,EGP
132,Samsung Galaxy A7,4650,EGP
133,Alcatel 2008D,475,EGP
134,Nokia 2,249,EGP
135,HTC U11 Plus,7999,EGP
136,Apple iPhone 8,12499,EGP
137,Xiaomi Mi A1,3165,EGP
138,Motorola Moto Z Play,3999,EGP
139,Huawei Mate 10 Lite,4450,EGP
140,Xiaomi Redmi 6,2399,EGP
141,Nokia Asha 230,1475,EGP
142,Huawei Y7 Prime 2018,3554,EGP
143,Huawei P10 Lite,4249,EGP
144,Samsung Galaxy S7 Edge Duos,7900,EGP
145,Sony Xperia XA1 Ultra,3444,EGP
146,Lava R1,1499,EGP
147,Huawei Mate X,to,Price
148,Oppo F5 Youth,4790,EGP
149,Sony Xperia XA1 Plus,3399,EGP
150,Samsung Galaxy Note FE,8444,EGP
151,htc u11,6799,EGP
152,Google Pixel 2 XL,15999,EGP
153,LG G4,3999,EGP
154,Huawei Mate 10,7999,EGP
155,Infinix Note X572,2385,EGP
156,Sony Xperia L2,2999,EGP
157,Microsoft Lumia 1850,219,EGP
158,Huawei Honor GR5,2639,EGP
159,Oppo A83,3490,EGP
160,Huawei Y5 Lite 2018,1630,EGP
161,Apple iPhone 6S,2599,EGP
162,Xiaomi Redmi 5,2444,EGP
163,Nokia 917,2099,EGP
164,Apple iPhone 7,1499,EGP
165,Lenovo S5,4249,EGP
166,Nokia 5,2499,EGP
167,OnePlus 5T,8799,EGP
168,"Sico Nile X Dual Sim - 64GB, 4GB RAM, 4G LTE, Blue",2299,EGP
169,Sony Xperia M5,2790,EGP
170,Xiaomi Redmi 6A,1728,EGP
171,Nokia 3 1,1989,EGP
172,Motorola Moto C Plus,1750,EGP
173,Samsung Galaxy J2 Core,1539,EGP
174,Huawei Honor 7X,4399,EGP
175,Sony Xperia XA1,2999,EGP
176,HTC U Play,3199,EGP
177,Oppo F7 Youth,4595,EGP
178,Xiaomi Mi A2,3999,EGP
179,Xiaomi Mi Mix 2,7999,EGP
180,Huawei Honor 5x,2770,EGP
181,BlackBerry KeyOne,7999,EGP
182,HTC Desire 10 Pro,2999,EGP
183,Motorola Moto E4 Plus,2299,EGP
184,Meizu M6 Note,2499,EGP
185,Mtouch U6 Dual SIM Mobile Phone - Black,389,EGP
186,Sony Xperia XZ1,4999,EGP
187,Huawei Y7 Prime,2499,EGP
188,"Huawei Honor 8C Dual Sim - 32GB, 3G RAM, 4G LTE, Blue",3499,EGP
189,Motorola Moto E5 Plus,2849,EGP
190,Nokia 2 1 8GB,1524,EGP
191,Huawei P10 Plus,11205,EGP
192,Infinix Hot 5 Lite,1850,EGP
193,Sony Xperia Z5 Dual,2999,EGP
194,Hisense L675,960,EGP
195,HTC Desire 12,2399,EGP
196,Sony Xperia X,3333,EGP
197,Nokia 5.1 Plus,3177,EGP
198,Xiaomi Mi 6,6569,EGP
199,ZTE Blade A612,1111,EGP
200,Nokia 130,449,EGP
201,Infinix Hot S3,2749,EGP
202,Samsung Fast Charger 2 Pin For Note4 Note5 S7 S7Edge S6 S6Edge S6EdgePlus - Black With cable USB Type-B,150,EGP
203,"Infinix s3x x622 Dual Sim - 32GB, 3GB RAM, 4G LTE, Black",2899,EGP
204,Nokia 917,2099,EGP
205,"HTC U12+ Dual SIM - 128GB, 6GB RAM, 4G LTE, Ceramic Black",10990,EGP
206,HTC Desire 830,2299,EGP
207,Motorola Moto C,1222,EGP
208,Tecno Camon CM,2235,EGP
209,Nokia 3,1699,EGP
210,"Hisense F23 Dual SIM- 16GB, 2GB RAM, 4G LTE, Gold",1699,EGP
211,Xiaomi Redmi Note 5,3333,EGP
212,Samsung Galaxy Note 5 Dual Sim,8899,EGP
213,SAMSUNG VACUUM CLEANER 1600 W RED: VCC4130S37 EGT,1399,EGP
214,Sony Xperia XA2,2199,EGP
215,Lenovo K8 Note,2899,EGP
216,Sico Diamond,1875,EGP
217,Sony Xperia Z5 Premium,6199,EGP
218,Sony Xperia XZ2,8888,EGP
219,"OneClick E7 Dual Sim-4GB -512MB-3G,Gold",693,EGP
220,"Infinix Hot 6 X606B Dual SIM - 16GB, 1GB RAM, 3G, Wifi, Black",2099,EGP
221,L8star BM50 Mini Wireless Dialer 2 SIM Card Mini phone - black,444,EGP
222,BlackBerry Key2,10999,EGP
223,HTC Desire 728,2777,EGP
224,Infinix Hot Note X551,69,EGP
225,Nokia Lumia 900,275,EGP
226,Lava R1 Lite,1405,EGP
227,Wiko Lenny Dual Sim SmartPhone,1399,EGP
228,Hisense F20,1099,EGP
229,Gionee P8W,1429,EGP
230,L8Star mini mobile phone BM10,450,EGP
231,LG Stylus 3,2666,EGP
232,Alcatel 1054D,269,EGP
233,Huawei Mate 10 Pro,9499,EGP
234,Infinix Smart 2,1999,EGP
235,Huawei Y3C Dual Sim,225,EGP
236,Alcatel 5,3099,EGP
237,HTC U Ultra,4199,EGP
238,Motorola Moto Z2 Force,6999,EGP
239,Huawei P9 Plus,8000,EGP
240,LAVA P240 Dual SIM,581,EGP
241,Xiaomi Redmi S2,3099,EGP
242,Huawei Honor 9 Lite,3666,EGP
243,LG X Power 2,2899,EGP
244,Lava Iris 820,1199,EGP
245,Nokia 917,2099,EGP
246,Sony Xperia XZ,6750,EGP
247,Tecno Camon CX,2222,EGP
248,LG K8,1555,EGP
249,Samsung Galaxy J3 2017,1899,EGP
250,"Hisense U962,Dual Sim-5''-1GBRAM",829,EGP
251,"IKU U1 Dual-SIM , 16GB 3GB Ram 4G , Gold",1599,EGP
252,OnePlus 6,10999,EGP
253,"Infinix s3x x622 Dual Sim - 32GB, 3GB RAM, 4G LTE, Blue",3099,EGP
254,Google Pixel XL,8799,EGP
255,Lava A3,3699,EGP
256,Google Pixel 3 XL,18498,EGP
257,HTC Desire 628,3200,EGP
258,HTC Desire 10 Lifestyle,2559,EGP
259,"Huawei P10 VTR-L29 Dual Sim - 64GB, 4GB RAM, 4G LTE, Dazzling Blue",10105,EGP
260,ZTE Blade A320,949,EGP
261,Mtouch Q2 Dual SIM Mobile Phone - Gold,399,EGP
262,Gionee F205,1598,EGP
263,HTC One X9,5200,EGP
264,Alcatel A3,1459,EGP
265,"Alcatel 3L Dual SIM - 16GB, 2GB RAM, 4G LTE, Metallic Black",1799,EGP
266,Lava prime x 32MB -Gold,379,EGP
267,Philips E103,280,EGP
268,Motorola MOTO P30 Play,4249,EGP
269,"Energizer Hardcase H550S Android Smart Phone, 4G, 5.5 Inch, 16 MP Dual Sim - Black",6199,EGP
270,Samsung Galaxy C10,499,EGP
271,Meizu M5 Note,2395,EGP
272,Alcatel 3V,2222,EGP
273,iBRIT i5,1849,EGP
274,Huawei Ascend Y511,199,EGP
275,Sony Xperia Z5 Premium Dual,4888,EGP
276,Huawei Mate 2,199,EGP
277,"Realme 2 Pro Dual SIM - 64GB, 4GB RAM, 4G LTE, Ice Lake - International Version",4777,EGP
278,"Realme C1 Dual SIM - 16GB, 2GB RAM, 4G LTE, Navy Blue - International Version",2699,EGP
279,Samsung Galaxy Core I8262,60,EGP
280,Huawei Nova 2 Plus,6600,EGP
281,Xiaomi Mi 5X,65,EGP
282,Wiko U Feel,1929,EGP
283,ساعة ذكية موديل DZ09 .. اسود,272,EGP
284,Alcatel Pop 4s,1459,EGP
285,GT star BM50 Convenient Mini Size 0.66 Inch Durable Mobile Phone Cell Phone for Kids&Senior Elder Black,338,EGP
286,Nokia 917,2099,EGP
287,LG K10 2017,1777,EGP
288,"Viwa P1 Mini Dual SIM - 8GB, 512MB RAM ,3G, Wifi, Gold",699,EGP
289,Motorola Moto z,3999,EGP
290,"Huawei Y5 Prime 2018 Dual SIM - 16GB, 2GB RAM ,4G LTE, Blue",2099,EGP
291,"Huawei Y5 Prime 2018 Dual SIM - 16GB, 2GB RAM ,4G LTE, Gold",2199,EGP
292,Lenovo A536,500,EGP
293,Wiko Freddy,1028,EGP
294,iTel it2160 - 1.77-inch Dual SIM Mobile Phone - Black,200,EGP
295,HTC Smart,225,EGP
296,Huawei Honor GR3,2999,EGP
297,Alcatel One Touch Pixi,1425,EGP
298,LG LG30,600,EGP
299,Tecno Phantom 8,3999,EGP
300,Freetel Ice 2 Plus,1100,EGP
301,LG Stylus 2,2222,EGP
302,Samsung Galaxy A7 2017,4999,EGP
303,Wiko Robby,1289,EGP
304,Wiko Jerry,999,EGP
305,Samsung Galaxy S7 Duos,6666,EGP
306,Samsung Galaxy Ace 4,199,EGP
307,Huawei Ascend G750,225,EGP
308,"Energizer Energy E11 Dual SIM - 32MB, 32MB RAM, 2G, Black",295,EGP
309,Nokia 7.1,5000,EGP
310,Tecno CM,2500,EGP
311,Huawei Play,2000,EGP
312,LG V10,5350,EGP
313,Oppo A57,4350,EGP
314,Motorola Moto G5,2499,EGP
315,HTC Desire 630,2700,EGP
316,HTC One A9,3700,EGP
317,Apple iPhone 5,335,EGP
318,LG K10,1777,EGP
319,"Hisense-U962,Dual Sim-5''-1GB-RAM",829,EGP
320,"iTel A11 Dual Sim Mobile Phone- 8GB, 512 MB RAM, 3G, Gold",690,EGP
321,Infinix S2,2775,EGP
322,"IKU Smartphone U2 , Dual SIM , 32GB , 3GB RAM , 4G LTE , Gold",2444,EGP
323,Nokia 106 - Black,382,EGP
324,Infinix X605 Note5 Stylus - 6.0-inch 64GB Mobile Phone - Bordeaux Red,3499,EGP
325,"Iku c40L Dual SIM-8 GB, 1 GB Ram, 4G LTE, Blue",749,EGP
326,"Nokia 8 Dual SIM - 64GB, 4GB RAM, 4G LTE, Steel",4999,EGP
327,Nokia 917,2099,EGP
328,"Huawei HB526379 Battery for Huawei Y6 Pro, 3900 mAh",150,EGP
329,"Alcatel 3L Dual SIM - 16GB, 2GB RAM, 4G LTE, Metallic Blue",1799,EGP
330,"SMTEL KR18 Dual SIM Mobile Phone- 8 MB, Yellow",199,EGP
331,Samsung Piton B310,799,EGP
332,Vivo X21,8555,EGP
333,Hope Mobile - Dual Sim - 15000 mAh - Black - S31,1950,EGP
334,"iKU F5,2.8''Dual Sim,FM Radio-Torch-Call Records-Brown",425,EGP
335,"VIWA X6 Dual SIM - 16GB, 2GB RAM, 4G LTE, Gold",1599,EGP
336,Samsung Galaxy J7 Prime 2,3695,EGP
337,Mtouch Zero Dual SIM Mobile Phone - White,240,EGP
338,"Panasonic Eluga I2 Dual Sim - 8GB, 4G LTE, Metallic Grey",1425,EGP
339,Gmobile BM 50 Mini Wireless Mobile Phone - Handsfree Bluetooth Mini Phone,340,EGP
340,Nokia 1110,300,EGP
341,Samsung Galaxy J2,1650,EGP
342,Infinix X600,120,EGP
343,"iQ&T G4 - Dual SIM, 4G LTE, 16 GB Smart Phone - Blue",1499,EGP
344,Meizu M5c,1399,EGP
345,"Itel it5613 Dual SIM- 2G,2.4 Inch, Clax",300,EGP
346,"IKU C50L Dual-SIM , 8GB 1GB Ram 4G , Black",1049,EGP
347,"iQ&T iFoo U50 Dual SIM - 16GB, 1GB RAM, 3G, Gold",1550,EGP
348,"iKU Fx-1.8'' Dual Sim,FM Radio-Torch-Black Red",190,EGP
349,Alcatel 1066D,259,EGP
350,Mtouch Q2 Dual SIM Mobile Phone - Black,399,EGP
351,Mtouch X4 4SIM Mobile Phone - Blue,399,EGP
352,Samsung Galaxy S9 Plus Limited Edition,15800,EGP
353,Mtouch U6 Dual SIM Mobile Phone - Silver,375,EGP
354,Lenovo Vibe K5 Plus,2849,EGP
355,"Infinix BL-30XL Battery for Infinix Hot 3 X554, 3000 mAh",90,EGP
356,Meizu M6T,2115,EGP
357,Energizer Energy E10+ Mobile Phone - Black,199,EGP
358,"Tecno Camon 11 Dual SIM - 32GB, 3GB RAM, 4G LTE, Midnight Balck",2888,EGP
359,"SMTEL KR20 Dual SIM Mobile Phone- 2 MB, Black",178,EGP
360,"Energizer Hardcase H500S Android Smart Phone, 4G, 5 Inch, 13 MP Dual Sim - Black",3199,EGP
361,Infinix hot S,2500,EGP
362,Alcatel 2002D,398,EGP
363,HTC Desire 526G,1850,EGP
364,"Huawei Mate 9 Dual Sim - 64 GB, 4 GB RAM, 4G LTE , Champagne Gold",11730,EGP
365,ZTE Blade V7,1699,EGP
366,BLU R1 Plus - 4G LTE Smartphone - 32GB,4200,EGP
367,Nokia 9,to,Price
368,Nokia 917,2099,EGP
369,Doogee Sim4G,1689,EGP
370,Mtouch M01 Dual SIM Mobile Phone - Blue,240,EGP
371,Tecno Phantom 6 Plus,3777,EGP
372,ENERGIZER PS Mobiles ENERGY E10,229,EGP
373,"Viwa F1715A Dual SIM - 32MB, 32MB RAM, 2G, Black Blue",165,EGP
374,"ILA R1 Dual SIM - 16GB, 2GB RAM, 4G LTE, Blue",1649,EGP
375,Lenovo K320T,1899,EGP
376,"Motorola G6, 64 GB, Blue",3775,EGP
377,Lenovo Vibe C2,1888,EGP
378,"IKU Smartphone U2 , Dual SIM , 32GB , 3GB RAM , 4G LTE , Navy",2444,EGP
379,Nokia 6280,150,EGP
380,Sico More 3 - Dual Sim - 4.0 inch - 4G - 512M Ram - 3G - Blue,675,EGP
381,HTC U12 Plus Ultra,9779,EGP
382,LG B220,600,EGP
383,OPPO Neo 5,1550,EGP
384,SICO Mini 4 Dual Sim,275,EGP
385,"iKU R110 mobile phone, Black Red",199,EGP
386,HTC Desire 650,2935,EGP
387,Microsoft Lumia 532,1650,EGP
388,"iTel A12 Dual SIM Mobile Phone 8GB, 512 MB RAM, 3G, Clax",899,EGP
389,"ZTE L111 Dual Sim - 4GB, 512 MB RAM, Black",675,EGP
390,"iTel it2150 Dual SIM - 4MB, 4MB RAM, 2G, Black",250,EGP
391,Samsung Galaxy Note 8 Clear View Standing Cover - Black,850,EGP
392,Samsung galaxy note 8 AUTO FOCUS series black soft Silicone with hard transparent back case cover,45,EGP
393,"IKU K2 Dual-SIM , 16GB 1GB Ram 4G , Brown",1449,EGP
394,"Hisense F23 Dual SIM- 16GB, 2GB RAM, 4G LTE, Grey",1999,EGP
395,"IKU U1 Dual-SIM , 16GB 3GB Ram 4G , Grey",1575,EGP
396,"Ibrit B2 , Dual Sim , 32Mb , 2G - Black - B2-Blk",249,EGP
397,"OneClick E7 Dual Sim-4GB -512MB-3G,Black",693,EGP
398,"S2Tel G8 Dual SIM, Black",195,EGP
399,"Viwa F1715A Dual SIM - 32MB, 32MB RAM, 2G, Black Red",165,EGP
400,Tecno Pouvoir 1 LA6 - 5.5-inch 16GB Mobile Phone - Amber Gold,1639,EGP
401,Mtouch C4 Dual SIM Mobile Phone - Blue,399,EGP
402,"Alcatel 3X Dual SIM - 32GB, 3GB RAM, 4G LTE, Metallic Gold",2210,EGP
403,2M HUAWEI Supercharge USB Type C Cable 5A 100CM Super Fast Charging Data Cable For Huawei Mate 9 10 20 Pro P10 P20 Honor 9 Note 10,95,EGP
404,Infinix Zero X506,2150,EGP
405,Samsung Galaxy R,1199,EGP
406,"Darago D5 Dual SIM Mobile Phone - 2G, 1.7 Inch, Gold and Black",220,EGP
407,"Realme C1 Dual SIM - 16GB, 2GB RAM, 4G LTE, Mirror Black - International Version",2699,EGP
408,alcatel u5,1222,EGP
409,Nokia 917,2099,EGP
410,"iQ&T iFoo A101 Dual SIM - 16GB, 1GB RAM, 3G, Gold",1299,EGP
411,ابل ايفون 6s مع فيس تايم - 64 جيجا الجيل الرابع LTE ذهبي وردي,8750,EGP
412,Nokia 5030 Xpressradio,575,EGP
413,ZTE Axon Mini,2888,EGP
414,"Hisense E76 - 32GB, 3GB Ram, 4G , Gold",2699,EGP
415,"ZTE Blade L110 - 4 GB, 512 mb Ram, 3G , Black",649,EGP
416,Samsung Galaxy J5 Prime,2650,EGP
417,Samsung B800BE,120,EGP
418,Samsung Galaxy Y,199,EGP
419,Meizu M5,1599,EGP
420,Other imobily K3 Dual Sim 2.4 inch - Black,499,EGP
421,"Wiko Sunny Max Dual Sim - 8 GB, 512 MB RAM, 3G,Space Grey",845,EGP
422,Samsung Galaxy J7 Pro 2017,4245,EGP
423,"Hisense F22 Dual SIM- 8GB, 1GB RAM, 4G LTE, Gold",1350,EGP
424,Samsung Galaxy J3 Pro 2017,2999,EGP
425,"IKU FX Plus Dual SIM - 32MB, 32MB RAM, 2G, Black Red",185,EGP
426,"iKU Fx-1.8'' Dual Sim,FM Radio-Torch-Black Blue",190,EGP
427,Tecno Spark,1699,EGP
428,"VIWA F1709 Dual SIM - 32MB, 32MB RAM, 2G, Blue",200,EGP
429,Alcatel 1054,255,EGP
430,Viwa X5,1449,EGP
431,"iQ&T iFoo A101 Dual SIM - 16GB, 1GB RAM, 3G, Grey",1299,EGP
432,"iQ&T iFoo H55 Dual SIM - 8GB, 1GB RAM, 3G, White",1299,EGP
433,Alcatel 5026,1499,EGP
434,"iMobily i10 Pro Dual SIM - 4GB, 512GB RAM, 3G, Black",759,EGP
435,"Celphy F9 - 1.8"" Dual SIM Car Shaped Mobile Phone - white",340,EGP
436,Mtouch x4 4SIM Mobile Phone - Orange,399,EGP
437,"IKU F2 Dual-SIM , 32MB 2G , White",205,EGP
438,"Viwa Vision Dual SIM - 16GB, 1GB RAM, 3G, Wifi, Gold",1385,EGP
439,Apple iPad Pro Smart Cover 12.9 inch,350,EGP
440,Nokia 6.1,2799,EGP
441,"Huawei P10 VTR-L29 Dual Sim - 64GB, 4GB RAM, 4G LTE, Prestige Gold",10409,EGP
442,Meizu M3 Note,2515,EGP
443,"i-Life ZedAir 2 Laptop - Intel Celeron Apollo Lake N3350, 14-Inch, 32GB, 3GB, Eng-Arb-KB, Windows 10, Silver",3415,EGP
444,iLife ZedAir,3499,EGP
445,Samsung Fast Charger 2 Pin For Note8 Note9 S8 S8Plus S9 S9Plus S10 S10Plus - Black With cable USB Type-C,150,EGP
446,Nokia ORO,8400,EGP
447,"HTC BOPL4100 Battery for HTC Desire 526, 2000 mAh",80,EGP
448,"Blackview S6 Dual SIM - 16GB, 2GB RAM, 4G LTE, Fingerprint , Gold",1799,EGP
449,Sico Plus 2,840,EGP
450,Nokia 917,2099,EGP
451,Sico Mini 3 Dual Sim - 1.77 Inch - 2G - Black,240,EGP
452,"OneClick K350 Dual SIM - 32MB, 32MB RAM, 2G, Black",195,EGP
453,"One Click K112 Dual Sim,Without Camera - Black",180,EGP
454,"Huawei Y5 Prime 2018 Dual SIM - 16GB, 2GB RAM, 4G LTE, Gold",4000,EGP
455,"Wiko Harry - 3GB ram .5.0-inch . Dual SIM, 4G Mobile Phone - Black",1488,EGP
456,ILife ZedAir Plus Laptop,4999,EGP
457,IBrit Alpha,989,EGP
458,Tecno WX3,1350,EGP
459,"GiraSole A37 Dual Sim, 32MB RAM, 2G, Black",259,EGP
460,HTC Desire 626,225,EGP
461,LAVA Z61 DAUL SIM 4G BLACK,1675,EGP
462,"OneClick C2 Pro Dual SIM Mobile Phone - 8GB, 1GRAM, 3G",899,EGP
463,"Viwa F1715A Dual SIM - 32MB, 32MB RAM, 2G, Black Orange",165,EGP
464,Energizer E10 Black,219,EGP
465,SAMSUNG GALAXY A7 2018 Case Clear Silicone Soft TPU With Glass Screen CLEAR,55,EGP
466,"SMTEL KR6 Dual SIM Mobile Phone- 8 MB, Grey",195,EGP
467,"SMTEL KR18 Dual SIM Mobile Phone- 8 MB, Black",219,EGP
468,ITEL S12 Black Android 8 GB Dual SIM,1444,EGP
469,Hisense C1,1895,EGP
470,Xiaomi Mi Mix,9500,EGP
471,Nokia 1110I,295,EGP
472,"Energizer P20 Mobile Phone, 2G, 2.8 Inch, VGA Dual Sim - Black",595,EGP
473,"SMTEL T1 Dual SIM Mobile Phone- 8 MB, Blue",170,EGP
474,Samsung Galaxy X,2149,EGP
475,iku R180 dual-chip phone operates on the second generation network,169,EGP
476,Samsung S100,300,EGP
477,"Sico Mini Dual Sim - 32MB, 1.77 Inch, 2G, Black",270,EGP
478,Wiko Harry 3GB Ram 4G - Gold,1488,EGP
479,"Nokia 8 Dual SIM Card - 64GB, 4GB RAM, 4G LTE, Steel",7000,EGP
480,apple يفون 7 - 32 جيجا بايت - أسود,9999,EGP
481,BlackBerry Keyone Limited Edition,7999,EGP
482,HTC One E9 Plus,4800,EGP
483,ZTE Blade A910,2999,EGP
484,"Huawei P10 VTR-L29 Dual Sim - 64GB, 4GB RAM, 4G LTE, Graphite Black",9795,EGP
485,Infinix Hot X507,55,EGP
486,Samsung E250,70,EGP
487,Motorola Moto G,509,EGP
488,Tecno - T349 - 1.77 Dule Sim Mobile Phone,249,EGP
489,هاتف أي كيه يو سي50 المزدوج الشريحه الجيل الرابع شاشه 5أنش,999,EGP
490,Alcatel Pixi 4,1019,EGP
491,Nokia 917,2099,EGP
492,"IKU R105 - 32MB, Dual SIM Supports Facebook & Internet - White",180,EGP
493,"OneClick One Click K112 Dual sim, 0.3 MP - Black Blue",220,EGP
494,"IKU R105 Dual Sim- 32 MB, 32 MB RAM, 2G, Black",205,EGP
495,"IKU FX Plus Dual SIM - 32MB, 32MB RAM, 2G, Black White",179,EGP
496,"iKU F5-2.8'' Dual Sim,FM Radio-Torch-Call Records",415,EGP
497,"iKU F5-2.8' Dual Sim,FM Radio-Torch-Call Records",385,EGP
498,"iKU i1-5'', Dual Sim 5MP Camera-Gold",945,EGP
499,"IKU FX Dual-SIM , 32MB , 2G , Yellow",199,EGP
500,"IKU i1 Dual-SIM , 8GB , 1GB RAM , 3G , Gold",889,EGP
501,Xtouch Smartphone G-1 3G Dual Sim white,650,EGP
502,"ITel S12 Dual SIM Mobile Phone- 8 GB, 1 GB RAM, 3G, Champagne Gold",1300,EGP
503,"VIWA X6 Dual SIM - 16GB, 2GB RAM, 4G LTE, Black",1333,EGP
504,"IKU C40i Dual-SIM , 4GB , 3G , Black",650,EGP
505,"Viwa Light One, Dual sim - 16 GB,1 GB RAM, 3G, Grey",1299,EGP
506,"Viwa Light One, Dual sim - 16 GB,1 GB RAM, 3G, Red",1299,EGP
507,HTC Desire 10 Compact,2785,EGP
508,"iQ&T iFoo U50 Dual SIM - 16GB, 1GB RAM, 3G, White",1275,EGP
509,"iQ&T G4 Dual SIM - 16GB, 2GB RAM, 4G LTE, Gold",1849,EGP
510,Gionee M5,1815,EGP
511,"ITel S12 Dual SIM Mobile Phone- 8 GB, 1 GB RAM, 3G, Black",1169,EGP
512,"IKU R222 Grey,Dual SIM - Wireless FM Radio - Flash Light",235,EGP
513,"iKU Fx-1.8'' Dual Sim,FM Radio-Torch-Black Grey",175,EGP
514,"IKU F4 Dual-SIM , 32MB 2G-Red",233,EGP
515,"IKU i3-5.5''- Dual Sim,1GB RAM-16GBROM-White",1499,EGP
516,"IKU F1 Plus Dual-SIM , 32MB 2G , Black",165,EGP
517,"IKU F5 Dual-SIM , 32MB , 2G , Mocha Brown",425,EGP
518,Quantum Titano 007I,2250,EGP
519,"iTel A31 Dual SIM Mobile Phone- 8 GB, 1 GB RAM, 3G, Piano Black",1075,EGP
520,Mtouch X4 4SIM Mobile Phone - Gry,399,EGP
521,"Viwa Light Plus Dual SIM - 16GB, 1GB RAM, 4G LTE, Blue",1222,EGP
522,Microsoft Windows Server 2016 Standard 64bit 2 x CPU OEM,9800,EGP
523,Oppo F7 case 360 Degree 2 pieces Silicon products front and back - Red,20,EGP
524,"Viwa Vision Dual SIM - 16GB, 1GB RAM, 3G, Wifi, Black",1269,EGP
525,iBRIT 2.4 inch Dual SIM Mobile Phone - Red,245,EGP
526,"Huawei Mate 9 Dual Sim - 64 GB, 4 GB RAM, 4G LTE , Black",8700,EGP
527,Tecno Boom J8,1850,EGP
528,"Oppo F7 case 360 Degree 3 pieces Plastic products front, back And Screen - Black",40,EGP
529,"One Click V3i Dual Sim- 2.4 Inch, 2G, Green",444,EGP
530,Mtouch X4 4SIM Mobile Phone - Black,399,EGP
531,Mtouch C4 Dual SIM Mobile Phone - Mocha,399,EGP
532,Nokia 917,2099,EGP
533,"i-Life ZedAir 3 Laptop - Intel Pentium Quad Core N4200, 13.3-Inch, 32GB, 3GB, Eng-Arb-KB, Windows 10, Silver",4729,EGP
534,Samsung Fast Charger 2 Pin For Note4 Note5 S7 S7Edge S6 S6Edge S6EdgePlus - White With cable USB Type-B,150,EGP
535,Samsung Fast Charger 3 Pin For Note8 Note9 S8 S8Plus S9 S9Plus S10 S10Plus - White With cable USB Type-C,145,EGP
536,"Alcatel 1X Dual SIM - 16GB, 1GB RAM, 4G LTE, Blue",1499,EGP
537,"SICO Nile X - 5.7"" - 64GB - 4G Mobile Phone - Blue",2299,EGP
538,"Infinix Hot 6 X606B Dual SIM - 16GB, 1GB RAM, 3G, Wifi, Blue",2099,EGP
539,Samsung Focus,72,EGP
540,"S2Tel easy i350 Dual SIM, White",179,EGP
541,"Lenovo BL243 Battery for Lenovo A7000, 3000 mAh",150,EGP
542,"Lenovo BL245 Battery for Lenovo S60, 2150 mAh",170,EGP
543,"Blackview S6 Dual SIM - 16GB, 2GB RAM, 4G LTE, Fingerprint , Black",1799,EGP
544,"Viwa F6 Pro - 32 GB, 3 GB Ram, 4G, Gold",1999,EGP
545,Nokia X,105,EGP
546,"Lava Prime Dual SIM, 32MB, Gold",499,EGP
547,"OneClick One Click Tank Dual Sim 2.4 Inch Mobile- 2 Camera, Black",293,EGP
548,Gionee P5 Mini,1299,EGP
549,موبايل 5.5 بوصة - 16 جيجا بايت - أسود بشريحتي اتصال,1616,EGP
550,Nokia Lumia 720,199,EGP
551,"GiraSole A37 Dual Sim, 32MB RAM, 2G, Black Red",260,EGP
552,"Lava Z91 Dual SIM - 32GB, 3GB RAM, 4G LTE, Blue",2350,EGP
553,"OneClick K360 Dual SIM - 32MB, 32MB RAM, 2G, Yellow",222,EGP
554,"iMobily K6 2017 - 1.77"" Dual SIM Mobile Phone - Black",399,EGP
555,Tecno Pouvoir 1 LA6 - 5.5-inch 16GB Mobile Phone - Ice Blue,1399,EGP
556,"G'FEN N2050 Dual SIM Mobile Phone, Green",185,EGP
557,"GiraSole A37 Dual Sim, 32MB RAM, 2G, Black Blue",260,EGP
558,"GiraSole G3 Dual Sim, 32MB RAM, 2G, Red",240,EGP
559,"GiraSole G3 Dual Sim, 32MB RAM, 2G, Black",240,EGP
560,"IKU R105 Dual-SIM , 32MB , 2G , White",198,EGP
561,Huawei P20 Lite Clear View Stand Cover Case - Black,250,EGP
562,"ZTE Blade C342 Dual SIM - 8GB, WiFi, Black",729,EGP
563,OneClick X-music II pro 8GB 3G WIFI Black,999,EGP
564,"Viwa Q1730 Dual SIM - 32MB, 32MB RAM, 2G, Black Blue",199,EGP
565,Huawei Nova 3 Clear View Standing mirror With Out Sensor And Not Smart - Black,175,EGP
566,ZTE Blade L5,949,EGP
567,4G Systems Wiko Harry 3GB Ram 4G - Black,1397,EGP
568,Tecno Camon CX Air,2150,EGP
569,HTC 10 Evo,3355,EGP
570,Samsung A7 - 2018 A750 360 Degree 2 pieces Silicon products front And back - Black,65,EGP
571,Huawei Y9 - 2019 360 Degree 2 pieces Silicon products front And back - Black,65,EGP
572,Mobile Battery For Innjoo i2 and B2 1900mAh,150,EGP
573,Nokia 917,2099,EGP
574,"IKU F4 Dual-SIM , 32MB , 2G , Blue",239,EGP
575,CAT S61,22222,EGP
576,Nokia 500,6900,EGP
577,black OUKITEL K10 6.0 Inch Smartphone 11000mAh Large Battery Flash Charge 6GB 64GB,10000,EGP
578,Samsung Galaxy Star,155,EGP
579,Apple iPhone 8 Plus Leather Case,650,EGP
580,"Darago D5 Dual SIM Mobile Phone - 2G, 1.7 Inch, White and Black",220,EGP
581,"Darago D1 Dual SIM Mobile Phone - 2G, 1.7 Inch, White",220,EGP
582,Lava Iris 51 - Dual Sim - 5.0 inch - 8G - 1G Ram - 3G - Gold,1099,EGP
583,Sico Topaz - Dual Sim - 5.2 inch - 16G - 2G Ram - 4G - Black,1475,EGP
584,Smtel T2 - 1.8 -inch Dual SIM Mobile Phone - Blue,175,EGP
585,Samsung Galaxy Active,850,EGP
586,apple يفون 6 - 32 جيجا بايت - ذهبي,6199,EGP
587,"ILA C1 Dual Sim - 8GB, 1GB RAM, 4G LTE, Blue",1025,EGP
588,"ILA X1 Dual Sim - 32GB, 2GB RAM, 3G LTE, Black",2190,EGP
589,sico mini 3 1.77 lcd dual sim,275,EGP
590,"TECNO F1, 8GB 1GBDaul SIM, Black",1300,EGP
591,Smtel KR8 - 1.8-inch Dual SIM Mobile Phone - Blue,167,EGP
592,Smtel KR12 - 1.8 -inch Dual SIM Mobile Phone - Black,163,EGP
593,IKU C40i 3G - 4'' - 4 GB Rom Dual SIM Mobile Phone,650,EGP
594,"Xtouch K3 - 16GB, 1GB Ram, 3G , Gold",1059,EGP
595,"OneClick ONE CLICK POP II - 5.0"" Dual SIM Mobile Phone - Black",1299,EGP
596,1.5M Micro USB Cable Nylon Woven Charge Cords 4 Colors Microusb For Samsung S3 S4 S5 For HTC For All Android Phones,17,EGP
597,Samsung Micro USB Data Sync Charging Cable for S3 Note 2 S4 - White,50,EGP
598,"Hisense E76 - 32GB, 3GB Ram, 4G , Rose Gold",2755,EGP
599,هاتف أي كيه يو سي 50 أل مزدوج الشريحه شاشه 5أنش الجيل الرابع,1079,EGP
600,Samsung Galaxy Note 5 Stylus S Pen - Gray,165,EGP
601,Wall Ac Charging Adapter And Usb Cable For Samsung Galaxy S3 I9300 Note 2 N7100,31,EGP
602,Infinix X510,80,EGP
603,Samsung Galaxy Core I8260,65,EGP
604,Samsung I9200,110,EGP
605,"Eb425161lu Batter For Samsung Galaxy Siii Mini, Galaxy S Duos Ii, Gt-s7582",110,EGP
606,بطارية قابلة للشحن سامسونج جلاكسى star plas 7262,64,EGP
607,mobile battery 3000Mah BL243 for Lenovo K3 NOTE K50-T5 A7000 A8-7600,95,EGP
608,Samsung Galaxy 551 I5510,75,EGP
609,Rechargeable Battery 1500 Mah For Samsung Star Plus S7262,89,EGP
610,LG D830,110,EGP
611,Lenovo A60,83,EGP
612,Philips S616,2385,EGP
613,Other Cellphone BM50 - 0.66 Mini Mobile Phone With Bluetooth Headphones - Black,549,EGP
614,Nokia 917,2099,EGP
615,"Eb575152lu Samsung Battery For Samsung Galaxy S, Sl, And S Ii Smartphones",110,EGP
616,Glass Screen Protector For Lenovo Vibe P1,50,EGP
617,"IKU-C50L-Dual Sim- 4G, 5 inch Screen",975,EGP
618,"Samsung SONY VAIO VGN VGP PCG 19.5 V, 4.5 A Laptop Charger Adapter",180,EGP
619,Huawei Y210C,85,EGP
620,HTC HD2,124,EGP
621,Nokia 1800,90,EGP
622,Huawei Ascend Y210,80,EGP
623,Xtouch E2,1349,EGP
624,"Sico Mini 2 Dual Sim - 32MB, 1.77 Inch, 2G, Black",219,EGP
625,"Tecno T349 - 1.77"" Dual SIM Mobile Phone",239,EGP
626,"IKU C50L, Dual Sim, 5inch,4G",1001,EGP
627,Infinix Hot Note X572B,3263,EGP
628,"Samsung 10.6W Charger USB Cable Samsung S6, S6 edge, Note5, A7, A5, S6 edge plus - White",90,EGP
629,Samsung 3-pin UK Fast Charger with cable Type-C for Galaxy A3-2017 A5-2017 A7-2017 S8 - White,240,EGP
630,"Wiko Sunny Max Dual Sim - 8 GB, 512 MB RAM, 3G,Gold",845,EGP
631,ZTE a610-Plus Dual Sim - 32GB - 4 GB RAM Grey,3179,EGP
632,"IKU FX Plus Dual SIM - 32MB, 32MB RAM, 2G, Black Blue",195,EGP
633,"IKU FX Plus Dual SIM - 32MB, 32MB RAM, 2G, Black Yellow",195,EGP
634,"iTel S11 Plus Dual SIM- 8GB, 2 GB RAM, 3G, Clax",1123,EGP
635,"iTel S11 Plus Dual SIM- 8GB, 2 GB RAM, 3G, Champagne Gold",1123,EGP
636,"iKU i1-5, Dual Sim 5MP Camera-White",889,EGP
637,"iKU i1-5'', Dual Sim 5MP Camera-Black",889,EGP
638,"IKU K2 Dual SIM - 16GB, 1GB RAM, 4G LTE, Black",1449,EGP
639,"IKU K2 Dual SIM - 16GB, 1GB RAM, 4G LTE, Gold",1405,EGP
640,"IKU K2 Dual SIM - 16GB, 1GB RAM, 4G LTE, Brown",1449,EGP
641,"IKU K2 Dual SIM - 16GB, 1GB RAM, 4G LTE, Grey",1449,EGP
642,"IKU i1 Dual-SIM , 8GB , 1GB RAM , 3G , White",889,EGP
643,"IKU i1 Dual-SIM , 8GB , 1GB RAM , 3G , Black",889,EGP
644,IKU R105 - 1.77'' Dual SIM Mobile Phone-Grey,205,EGP
645,"IKU F2 Dual-SIM , 32MB , 2G , Black",219,EGP
646,Apple Silicone case iPhone 6S Plus 6 plus - Black,45,EGP
647,Nokia XL,171,EGP
648,Xtouch Smartphone G-1 3G Dual Sim Black,645,EGP
649,Samsung Galaxy Note 5 Stylus S Pen - Gold,165,EGP
650,"iTel S11 Plus Dual SIM- 8 GB, 2 GB RAM, 3G, Rose Gold",1123,EGP
651,"Samsung USB Fast Charger Cable For Note 4, Note5, Note7 & S6, S7 & Any Fast Charger Device",75,EGP
652,Yezz Andy 5T Dual Sim,1099,EGP
653,"IKU K1-5 Inch- 4G,Dual Sim,1GB RAM-16GB ROM",1149,EGP
654,"IKU R105 Dual-SIM , 32MB , 2G , Black",225,EGP
655,Nokia 917,2099,EGP
656,"IKU K1-5inch- 4G,Dual Sim,1GB RAM-16GB ROM",1110,EGP
657,"OneClick K350 Dual SIM - 32MB, 32MB RAM, 2G, Dark Blue",195,EGP
658,"iTel P51 Dual SIM Mobile Phone- 16 GB, 1 GB RAM, 3G, Champagne Gold",1399,EGP
659,Xiaomi MI note 5A Screen Protector Satndard Edition,40,EGP
660,"OneClick K350 Dual SIM - 32MB, 32MB RAM, 2G, Yellow",240,EGP
661,"IKU K2 Dual-SIM , 16GB 1GB Ram 4G , Black",1449,EGP
662,"IKU K2 Dual-SIM , 16GB 1GB Ram 4G , Grey",1449,EGP
663,"IKU K2 Dual-SIM , 16GB 1GB Ram 4G , Gold",1449,EGP
664,"IKU K1 Dual-SIM , 16GB 1GB Ram 4G , Gold",1379,EGP
665,"IKU K1 Dual-SIM , 16GB 1GB Ram 4G , White",1379,EGP
666,"iMobily K6 Dual SIM - 1.7 Inch, 2G, Red",179,EGP
667,"iKU-K1,5inch- 4G,Dual Sim,1GB RAM-16GB ROM",1099,EGP
668,Samsung GT 1200,77,EGP
669,Gionee S6s,3329,EGP
670,"iQ&T iFoo U50 Dual SIM - 16GB, 1GB RAM, 3G, Silver",1550,EGP
671,"iQ&T G4 Dual SIM - 16GB, 2GB RAM, 4G LTE, White",1545,EGP
672,"ITel S12 Dual SIM Mobile Phone- 8 GB, 1 GB RAM, 3G, Silver",1239,EGP
673,"IKU R222 - 32MB, Dual SIM Wirless FM Radio - Black",235,EGP
674,"IKU R222 Blue,Dual SIM - Wireless FM Radio - Flash Light",235,EGP
675,"IKU R222 Red,Dual SIM - Wireless FM Radio - Flash Light",235,EGP
676,"iKU Fx-1.8'' Dual Sim,FM Radio-Torch-Black White",175,EGP
677,"IKU F4 Dual-SIM , 32MB 2G-Grey",239,EGP
678,"iMobily i30 Pro Dual SIM - 4GB, 512MB RAM, 3G, Grey White",769,EGP
679,"iMobily i10 Pro Dual SIM - 4GB, 512GB RAM, 3G, Gold",769,EGP
680,"IKU i3-5.5''- Dual Sim,1GB RAM-16GBROM-Black",1445,EGP
681,"iKU-i3-5.5''- Dual Sim,1GB RAM-16GBROM-Gold",1449,EGP
682,"iMobily K8 Dual SIM - 1.7 Inch, 2G, Blue",179,EGP
683,"iMobily K8 Dual SIM - 1.7 Inch, 2G, Black",179,EGP
684,"iMobily K7 Dual SIM - 1.7 Inch, 2G, Blue",179,EGP
685,"iMobily K8 Dual SIM - 1.7 Inch, 2G, White",179,EGP
686,SAMSUNG GALAXY STAR S5282 BATTERY,70,EGP
687,"S2Tel 3330 Dual SIM, White",195,EGP
688,"Hisense-U601s,Dual Sim,1GBRAM-8GBROM,Camera 2MP",599,EGP
689,Mtouch Zero Dual SIM Mobile Phone - Black,225,EGP
690,Lava A1 - 5.0-inch 16GB Dual SIM 4G Mobile Phone - Black,2000,EGP
691,"Lenovo K8 Note case 360 Degree 3 pieces Plastic products front , back And Screen - Black",98,EGP
692,VIWA F1711 red black,240,EGP
693,HTC Battery For HTC Desire 526 Desire 526G+ Dual Sim,120,EGP
694,"iMobily K7 Dual SIM - 1.7 Inch, 2G, White",179,EGP
695,"iMobily K7 Dual SIM - 1.7 Inch, 2G, Black",179,EGP
696,Nokia 917,2099,EGP
697,BATTERY FOR SAMSUNG STAR2 PLUS G350E B150AC,57,EGP
698,"Viwa P1 Mini Dual SIM - 8GB, 512MB RAM ,3G, Wifi, Silver",690,EGP
699,"Viwa Light Plus Dual SIM - 16GB, 1GB RAM, 4G LTE, Gold",1222,EGP
700,"Viwa Light Plus Dual SIM - 16GB, 1GB RAM, 4G LTE, Grey",1222,EGP
701,"iMobily K7 Dual SIM - 1.7 Inch, 2G, Red",179,EGP
702,iBRIT 5.5 inch Dual SIM Mobile Phone - Black,1849,EGP
703,iBRIT 1.8 inch Dual SIM Mobile Phone - Red,199,EGP
704,iBRIT 5 inch Dual SIM Mobile Phone - Black,989,EGP
705,"Huawei Y5 Prime 2018 Dual SIM - 16GB, 2GB RAM ,4G LTE, Black",2150,EGP
706,"Ibrit Bx , Dual Sim , 32Mb , 2G - Black - BX-Blk",345,EGP
707,Oppo F7 case 360 Degree 2 pieces Silicon products front and back - Black,38,EGP
708,Lava A1 - 5.0-inch 16GB Dual SIM 4G Mobile Phone - Gold,2099,EGP
709,"OneClick E7 Dual Sim-4GB -512MB-3G,Red",693,EGP
710,Mtouch U6 Dual SIM Mobile Phone - Gold,370,EGP
711,"OneClick C1 Dual Sim- 4GB, 512MB RAM, 3G, Black",599,EGP
712,Macbook White Slim Wireless Bluetooth Keyboard For Apple Iphone 5 4s Ipad,198,EGP
713,"Tecno Camon X Pro Dual SIM - 64gb, 4GB RAM, 4G LTE, Black",4099,EGP
714,Lava A1 - 3GB RAM - 16 GB - Fingerprint - Gold,2199,EGP
715,C4 4SIM Mobile Phone - Black,340,EGP
716,"iMobily K6 Dual SIM - 1.7 Inch, 2G, Baby Blue",179,EGP
717,"iMobily K6 Dual SIM - 1.7 Inch, 2G, Green",179,EGP
718,"iMobily K6 Dual SIM - 1.7 Inch, 2G, White",179,EGP
719,"iMobily K6 Dual SIM - 1.7 Inch, 2G, Black",179,EGP
720,Huawei Nova 2 plus Full Covering Tempered glass Screen Protector - Black,60,EGP
721,LG T3,199,EGP
722,Samsung B700BC,109,EGP
723,Samsung Watch Phone,315,EGP
724,Samsung Fast Charger 2 Pin For Note8 Note9 S8 S8Plus S9 S9Plus S10 S10Plus - White With cable USB Type-C,175,EGP
725,Samsung Fast Charger 3 Pin For Note4 Note5 S7 S7Edge S6 S6Edge S6EdgePlus - White With cable USB Type-B,150,EGP
726,Samsung Star 3 Duos S5222,85,EGP
727,"S2Tel star 2s Dual SIM, Black",179,EGP
728,Lenovo A680,119,EGP
729,Sony Ba600 Battery St25i Xperia U,105,EGP
730,Lenovo A820,119,EGP
731,Lenovo S890,119,EGP
732,Lenovo S668T,124,EGP
733,Lenovo A789,100,EGP
734,Lenovo S920,150,EGP
735,Samsung Eb484659vu Galaxy W Mobile Phones Battery,100,EGP
736,"Infinix Hot 6 X606 Dual SIM - 16GB, 2GB RAM, 3G, Wifi, Blue",2350,EGP
737,Nokia 917,2099,EGP
738,"Infinix Hot 6 X606B Dual SIM - 16GB, 1GB RAM, 3G, Wifi, Red",2000,EGP
739,"Infinix Hot 6 X606B Dual SIM - 16GB, 1GB RAM, 3G, WIfi, Gold",2099,EGP
740,"Samsung Galaxy Note5 Stylus S Pen, Silver",145,EGP
741,"OneClick OneClick POP II - 5.0"" Dual SIM Mobile Phone - Black",1299,EGP
742,"HTC BOP6B100 Battery for HTC One M8, 2800 mAh",99,EGP
743,"HTC BOPBM100 Battery for HTC Desire 616, 2000 mAh",100,EGP
744,Lenovo A369 Smartphone,500,EGP
745,"HTC BOPA2100 Battery for HTC Desire 310, 2000 mAh",100,EGP
746,"HTC BOP9C100 Battery for HTC Desire 816, 2600 mAh",99,EGP
747,Alcatel One Touch Pop c7,150,EGP
748,"HTC BOPJX100 Battery for HTC Desire 728, 2800 mAh",99,EGP
749,Bl-4d Battery For Nokia Mobile Phone E5 E7 N8 N82 N81 N97mini,40,EGP
750,Samsung Galaxy Grand,8888,EGP
751,"S2Tel G8 Dual SIM, Light Blue",195,EGP
752,S2tel G8 - Dual Sim- Orange,195,EGP
753,Samsung B100AE,100,EGP
754,Nokia N85,85,EGP
755,Battery For Samsung Galaxy S4 Mini I9190,110,EGP
756,Sony Xperia Ray,110,EGP
757,"OneClick POP2 ,3G ,WiFi, 8G White",1299,EGP
758,"IKU C50i Dual-SIM , 8GB 1GB Ram 3G,Matte Black",1055,EGP
759,"VIWA I6 - 4.0"" Dual SIM Mobile Phone - blue",635,EGP
760,"OneClick Q1 3.5"" Dual SIM Mobile Phone Smart Phone - 4 GB - Rose Gold",850,EGP
761,Nokia 5630,40,EGP
762,"OneClick K350 Dual SIM - 32MB, 32MB RAM, 2G, Red",195,EGP
763,"Viwa Light One, Dual sim - 16 GB,1 GB RAM, 3G, Gold",1165,EGP
764,Nokia Lumia 800,199,EGP
765,Innjoo i1,150,EGP
766,Nokia N920,199,EGP
767,"Huawei HB4Q1 Smart Phone Battery for Ascend D Quad XL, Ascend D1",159,EGP
768,HTC Desire,190,EGP
769,HTC One X,199,EGP
770,Samsung 49 Inch Full HD Smart TV N5300 Series 5 with Built-in Receiver,7144,EGP
771,"Xiaomi Redmi Note 5 Pro Case, 360 Degree Rotatable Ring Stand and Ring Holder Kickstand Fit Magnetic Car Mount Slim Soft Protective Case -blu",79,EGP
772,Oppo F7 Youth case 360 Degree 2 pieces Silicon products front And back With Out Screen - Black,40,EGP
773,"Xiaomi Redmi Note 5 Case, 360 Degree Rotatable Ring Stand and Ring Holder Kickstand Fit Magnetic Car Mount Slim Soft Protective Case -black red",99,EGP
774,"OneClick One Click K112 Daul Sim, Black Lime",200,EGP
775,"OneClick One Click K112 Dual sim, 0.3 MP - Red",260,EGP
776,"OneClick K360 Dual SIM - 32MB, 32MB RAM, 2G, Black",345,EGP
777,"iTel A12 Dual SIM Mobile Phone 8GB, 512 MB RAM, 3G, Deep Grey",899,EGP
778,Nokia 917,2099,EGP
779,"i-Life ZedAir 2 Laptop - Intel Celeron Apollo Lake N3350, 14-Inch, 32GB, 3GB, Eng-Arb-KB, Windows 10, Gold",3415,EGP
780,IKU C50L - 5.0'' - 8GB Dual SIM 4G Mobile Phone Grey,1250,EGP
781,"GiraSole G3 Dual Sim, 32MB RAM, 2G, Blue",240,EGP
782,"GiraSole A37 Dual Sim, 32MB RAM, 2G, White Black",260,EGP
783,"G'FEN N2050 Dual SIM Mobile Phone, Red",185,EGP
784,Samsung Galaxy J4 - 5.5-inch Dual SIM 32GB Mobile Phone - Black,3699,EGP
785,"GiraSole G3 Dual Sim, 32MB RAM, 2G, Orange",240,EGP
786,Alcatel A5,1999,EGP
787,Samsung J8-2018 case 360 Degree 2 pieces Silicon products front And back - Black,52,EGP
788,"IKU R105 Dual-SIM , 32MB , 2G , Blue",205,EGP
789,BlackBerry 8520,120,EGP
790,Blackberry 9860,169,EGP
791,Blackberry Curve 8520,135,EGP
792,Samsung Rechargeable Battery For Samsung Galaxy S3,125,EGP
793,ALCATEL One Touch Fierce,150,EGP
794,Smtel KR18 - 1.8-inch Dual SIM Mobile Phone - Black,189,EGP
795,LG L802,110,EGP
796,"Lenovo BL253 Battery For A1000, A2010",199,EGP
797,Samsung Galaxy S3,250,EGP
798,Samsung Z1,119,EGP
799,"OneClick C2 Pro Dual Sim - 8GB , 1GB Ram , 3G , Blue",899,EGP
800,Lava P181 Dual Sim GSM With Powerful Battery For non-Stop Action - Black,320,EGP
801,"OneClick C2 Pro Dual Sim - 8GB , 1GB Ram , 3G , Black",899,EGP
802,iTel it2160 - 1.77-inch Dual SIM Mobile Phone - Dark Blue,200,EGP
803,"Viwa Q1730 Dual SIM - 32MB, 32MB RAM, 2G, Black Red",199,EGP
804,"Viwa Q1730 Dual SIM - 32MB, 32MB RAM, 2G, Black Orange",199,EGP
805,"OneClick One Click K112 Dual sim, 0.3 MP - Black Red",219,EGP
806,Tecno Pouvoir 1 LA6 - 5.5-inch 16GB Mobile Phone - Dark Black,1399,EGP
807,بطارية قابلة للشحن سامسونج جلاكسى win8552,50,EGP
808,"ILA R1 Dual SIM - 16GB, 2GB RAM, 4G LTE, Red",1649,EGP
809,Asus ZenFone 6,370,EGP
810,Huawei Y5 Prime 2018 - 5.45-inch Dual SIM 16GB Mobile Phone - Black,2299,EGP
811,"OPPO F7 Case, Elegant Choisee Hybrid Slim Durable Soft 360 Degree Rotating -red",79,EGP
812,Huawei P20 Lite Clear View Stand Cover Case - Blue,250,EGP
813,Xiaomi 5d screen protect for mi note 6 pro,40,EGP
814,Nokia C3,99,EGP
815,Gionee P8 Max,2199,EGP
816,Battery For Htc Wildfire S G13 A510e Hd7 T9296 Hd7s T9295 Hd3 Bd29100,93,EGP
817,"SMTEL KR18 Dual SIM Mobile Phone- 8 MB, Blue",199,EGP
818,"OneClick C2 Pro Dual Sim - 8GB , 1GB Ram , 3G , Silver",899,EGP
819,Nokia 917,2099,EGP
820,"SMTEL KR8 Dual SIM Mobile Phone- 8 MB, Blue",172,EGP
821,"SMTEL KR8 Dual SIM Mobile Phone- 8 MB, White",172,EGP
822,"SMTEL T1 Dual SIM Mobile Phone- 8 MB, Silver",169,EGP
823,"OneClick K360 Dual SIM - 32MB, 32MB RAM, 2G, White",222,EGP
824,"OneClick C2 Pro Dual Sim - 8GB , 1GB Ram , 3G , Rose Gold",899,EGP
825,Smtel KR18 - 1.8 Inch Dual Camera & SIM Mobile Phone - Yellow,179,EGP
826,Sony Xperia Mini,250,EGP
827,"iBRIT B1 Dual SIM Mobile Phone - 32MB - 1.8 inch, Black",199,EGP
828,"iMobily K2 Dual SIM - 1.7 Inch, 2G, White",240,EGP
829,"iMobily K2 Dual SIM - 1.7 Inch, 2G, Baby Blue",240,EGP
830,ZTE Blade A610 Plus,2299,EGP
831,"Baseus Back Cover for Samsung Galaxy A8 Plus 2018, Red",35,EGP
832,"Gionee P5W Dual SIM - 16 GB, 1 GB RAM, 3G, Black",1333,EGP
833,"Tecno T349 - 4MB, 4MB Ram, 2G, Red",250,EGP
834,Gionee F103 Pro,1611,EGP
835,G-Plus Mini black Wireless Handsfree Bluetooth Phone Headset Music Dialer Keys Caller ID LCD,340,EGP
836,S Color T20,14500,EGP
837,Nokia Lumia 710,150,EGP
838,Huawei Honor 3c,199,EGP
839,LG P930,199,EGP
840,Replacement battery 2000mAh for SAMSUNG GALAXY BEAM and Galaxy win duos i8530,150,EGP
841,Samsung Rechargeable Battery For Samsung Galaxy Win,120,EGP
842,Samsung Galaxy Mega 2,125,EGP
843,Other L8star BM50 Mini Wireless Dialer 2 SIM Card Mini phone -White,399,EGP
844,LG BL44JN,110,EGP
845,"IKU F4 Dual-SIM , 32MB 2G , Black",225,EGP
846,"S2Tel 3330 Dual SIM, Blue",195,EGP
847,Blackview S8,2999,EGP
848,Mini Mobile 0.66inch OLED Cellphone Multi-Languages white,666,EGP
849,Mini Mobile Phone 0.66inch OLED Cellphone Multi-Languages Black,666,EGP
850,Nokia 200,200,EGP
851,Huawei Ascend G615,199,EGP
852,Asus Monitor VS207DF - 5ms,1590,EGP
853,ASUS ROG Swift PG348Q - 5 ms - 2K - 100 HZ - Curved - Gaming Monitor,27500,EGP
854,"Energizer E10 Plus Mobile Phone, 2G, 1.8 Inch, VGA Dual Sim - Black",215,EGP
855,iku c40L Dual Sim - Storage 8G - Ram 1G - 4G - Gold,749,EGP
856,"Iku Zeuz Z55i - 5.5 Inch, 16GB Rose Gold",1650,EGP
857,"Iku Zeuz Z55i - 5.5 Inch, 16GB Gold",1650,EGP
858,"IKU Zeuz Z55i, Screen 5.5"", 16GB ROM",1650,EGP
859,Hisense L676,1625,EGP
860,Nokia 917,2099,EGP
861,"Samsung Clear View Standing Cover for Samsung Galaxy J7 Pro, Gold",150,EGP
862,"Viwa i6-smart Dual Sim, 3G, 4GB, 4 Inch, Grey",625,EGP
863,Celphy BM50 - 0.66 Mini Mobile Phone and Bluetooth Headset - White,350,EGP
864,Sony Xperia S,225,EGP
865,Mtouch C4 Dual SIM Mobile Phone - Black,399,EGP
866,Samsung Galaxy S3 Mini I8190 Battery,199,EGP
867,Hisense F31,1699,EGP
868,Smtel KR19 1.8 Dual SIM Mobile Phone - Black,178,EGP
869,"Tecno Phantom 5 Dual Sim - 32GB, 4G LTE, Grey",2600,EGP
870,OPPO R17 Pro,13999,EGP
871,"iMobily K8 Dual SIM - 1.7 Inch, 2G, Orange",225,EGP
872,"Darago D3 Dual SIM Mobile Phone - 2G, 1.7 Inch, Black",220,EGP
873,Lava Z61 - Dual Sim - 5.7 Inch - 16G - 2G ram - 4G - Gold,1675,EGP
874,Apple iPhone 6 Plus 6s Plus Silicone Case - PRODUCT RED,199,EGP
875,SODA - S1 -32 GIGA ROOM -3 GIGA RAM & FINGERPRINT,2249,EGP
876,Lava Iris 51 - Dual Sim - 5.0 inch - 8G - 1G Ram - 3G - Blue,1099,EGP
877,"Tecno L8 Lite - 16GB, 1GB Ram, 3G, Gold",1699,EGP
878,Rivo Rhythm RX100,21158,EGP
879,Xiaomi Pocophone F1,6675,EGP
880,Hisense U601,625,EGP
881,"OneClick One Click K112 Dual sim, 0.3 MP - Black",199,EGP
882,Lenovo A630T,155,EGP
883,apple يفون X- 64 جيجا - رمادي,19950,EGP
884,Tecno Pouvoir 1 LA6 - موبايل 5.5 بوصة - 16 جيجا بايت - ذهبي,1639,EGP
885,Xiaomi Nano Glass Full Color Screen Protector for REDMI NOTE 4X- White,101,EGP
886,Xiaomi Nano Glass Full Color Screen Protector for REDMI 4X BLACK,25,EGP
887,"ILA X1 Dual Sim - 32GB, 2GB RAM, 3G LTE, Blue",2375,EGP
888,"ILA C1 Dual Sim - 8GB, 1GB RAM, 4G LTE, Gold",949,EGP
889,"Nokia 8 Dual SIM - 64GB, 4GB RAM, 4G LTE, Tempered Blue",5999,EGP
890,"Tecno Camon X Dual SIM - 32GB ,3GB RAM, 4G LTE, Black",3199,EGP
891,"VIWA F2405 Dual SIM - 32MB, 32MB RAM, 2G, Blue Black",199,EGP
892,Hisense U972,999,EGP
893,Gionee A1,2449,EGP
894,"Soda Fire Dual Sim - 8GB, 1GB RAM, 4G LTE, Gold",1310,EGP
895,Gionee X1,2189,EGP
896,Lava Prime X - Dual Sim - 1.8 Inch - With Powerful Battery For non-Stop Action - Silver Blue,365,EGP
897,"IQ&T Ifoo N50 Dual SIM - 16GB, 3G, Black",1444,EGP
898,Alcatel 3,1999,EGP
899,"One Click K112 Dual Sim 0.3 Mega Pixel, Black Green",230,EGP
900,OneClick K112 Dual SIM Budget Phone - 0.3 MP - BlackGreen,199,EGP
901,Nokia 917,2099,EGP
902,"Tecno Camon X Pro Dual SIM - 64gb, 4GB RAM, 4G LTE, Gold",4400,EGP
903,جوال هوب للرحلات بشريحتين وبطارية بقوة 18 ألف أمبير s18mini,1850,EGP
904,"Freetel Ice 3 Dual Sim- 8 GB, 1GB RAM, 4G, White",999,EGP
905,"Freetel Ice 2 Dual Sim- 8 GB, 1GB RAM, 3G, White",999,EGP
906,"Huawei Y6 II Dual Sim , 16GB , 2GB RAM, 4G LTE , Gold",2500,EGP
907,Microsoft Lumia 269,3600,EGP
908,Smtel KR18 - 1.8 -inch Dual Camera & SIM Mobile Phone - Blue,179,EGP
909,Tecno Pop 1 Pro - 5.5-inch 16GB Dual SIM 3G Mobile Phone - Gold,2500,EGP
910,Tecno Spark 2,2400,EGP
911,"iMobily I666 Dual SIM - 2.8 Inch, 2G, White",296,EGP
912,Intex Aqua Pro,645,EGP
913,"iKU K45i - 4 Gb, 512 Mb Ram, 3G , Black",660,EGP
914,"Nokia 106 2017 - 1.8 "" Dual SIM Mobile Phone - Dark Gray",355,EGP
915,"ITEL A32F Dual Sim - 8GB, 1GB RAM, 3G, Rose Gold",1199,EGP
916,"IKU C40i Dual-SIM , 4GB 3G , Gold",650,EGP
917,"Tecno T410 Dual SIM - 4MB, 4MB RAM, 3G, Black",450,EGP
918,"Oneclick Tank Dual SIM ,Black",325,EGP
919,Samsung Galaxy Fold,to,Price
920,Samsung Galaxy A8s,to,Price
921,Huawei P20,to,Price
922,Xiaomi Mi 7,to,Price
923,Huawei Y7 2018,to,Price
924,Oppo RealMe 1,to,Price
925,Xiaomi Mi Max 3,5222,EGP
926,Huawei Honor 8 Lite,to,Price
927,Huawei Nova 3i,5088,EGP
928,Oppo R11,to,Price
929,Huawei Honor View 10,to,Price
930,Google Pixel 3,to,Price
931,Asus ROG Phone,to,Price
932,Samsung Galaxy J7 2017,3475,EGP
933,Samsung Galaxy A7 2018,5875,EGP
934,Samsung Galaxy A5 2017,3004,EGP
935,Nokia 7.1 Plus,to,Price
936,Lenovo Z5,to,Price
937,LG G6,to,Price
938,Razer Phone 2,15499,EGP
939,OnePlus 7,to,Price
940,Nokia 10,to,Price
941,Nokia 8 Sirocco,to,Price
942,Nokia 917,2099,EGP
943,HTC U12 Plus,to,Price
944,Samsung Galaxy A6s,to,Price
945,Lenovo K5 Play,2499,EGP
946,Samsung Galaxy Tab A 10.5,to,Price
947,Apple Power Adapter 61W,1839,EGP
948,Apple C Power Adapter 87W,2189,EGP
949,OnePlus 5,8999,EGP
950,Samsung Galaxy J2 2018,to,Price
951,Huawei Y5 Prime 2018,1899,EGP
952,Samsung Galaxy Mini,249,EGP
953,Oppo R11s,to,Price
954,LG G7 ThinQ,to,Price
955,Oppo R15,to,Price
956,Huawei P10,to,Price
957,Vivo NEX S,to,Price
958,LG V40 ThinQ,to,Price
959,Xiaomi Redmi Note 4,3099,EGP
960,LG V30,to,Price
961,Xiaomi Redmi Note Prime,2499,EGP
962,Sico Nile x Smartphone,2999,EGP
963,Lava Iris 50,1099,EGP
964,SICO Topaz - 5.2inch 16GB Dual SIM 4G Mobile Phone - Black,1475,EGP
965,Samsung Galaxy A8 Duos,8999,EGP
966,Lenovo K6,2299,EGP
967,HP Elite X3,16930,EGP
968,Samsung Galaxy A3 2017,2383,EGP
969,Oppo Find 9,to,Price
970,Motorola Moto G6 Plus,to,Price
971,Motorola Moto G6,to,Price
972,Sony Xperia XA2 Ultra,5999,EGP
973,Oppo A37,2222,EGP
974,"LAVA P100 Dual Sim, 24MB, 2G, Black Red",199,EGP
975,Galaxy J410F J4 CORE Black,2025,EGP
976,Google Pixel 2,to,Price
977,Huawei Honor Note 9,to,Price
978,Lenovo S5 Pro,to,Price
979,Samsung Galaxy A7 2016,4899,EGP
980,Asus Zenfone 5z,to,Price
981,"Samsung Canister Vc20M2530Wr Sg Vacuum Cleaner With Bag, 2000 W, Red",1888,EGP
982,Huawei Honor 7A,2399,EGP
983,Nokia 917,2099,EGP
984,Infinix Hot 5,1599,EGP
985,Huawei Mate 9 Pro,to,Price
986,Samsung Galaxy A5 (2018),to,Price
987,Nokia 5 1,900,EGP
988,Xiaomi Redmi 5 Plus,3099,EGP
989,Samsung Galaxy J1 Mini Prime,1399,EGP
990,Oppo A71,2444,EGP
991,Samsung Galaxy C5 Pro,to,Price
992,Motorola Moto Z3 Play,to,Price
993,LG G Flex 3,to,Price
994,Huawei Honor 8 Pro,to,Price
995,Samsung Galaxy J3 2018,to,Price
996,Huawei Nova 2s,to,Price
997,Huawei Enjoy 8,to,Price
998,HTC U12 Life,to,Price
999,Xiaomi Redmi Pro 2,to,Price
1000,Essential Phone,to,Price
1001,Motorola Moto X4,to,Price
1002,Alcatel A7,to,Price
1003,ZTE Axon M,to,Price
1004,Meizu E3,to,Price
1005,Oppo R15 Pro,to,Price
1006,OnePlus 3T,to,Price
1007,Motorola Moto M,to,Price
1008,Samsung Galaxy C9 Pro,to,Price
1009,lenovo phab2 pro,to,Price
1010,LG Aristo,to,Price
1011,Motorola Moto Z2,to,Price
1012,Samsung Galaxy S8 Active,to,Price
1013,Sony Xperia XZ1 Compact,to,Price
1014,HTC U11 Life,to,Price
1015,Samsung J7 Pro 64GB 3GB -Gold,4777,EGP
1016,Hisense U970,to,Price
1017,Xiaomi Mi Max 2,to,Price
1018,Colombo 500 Phone,690,EGP
1019,Asus Zenfone 5,to,Price
1020,"LAVA Z91 Dual Sim, 32GB, 3GB RAM, 4G LTE, Blue",2599,EGP
1021,Sony Xperia XA3,to,Price
1022,Samsung Galaxy S6 Active,to,Price
1023,Samsung Galaxy C9,to,Price
1024,Nokia 917,2099,EGP
1025,Samsung Galaxy S7 Mini,to,Price
1026,HTC One X10,to,Price
1027,Samsung Z4,to,Price
1028,Sharp Aquos S3,to,Price
1029,Kocom Screen 4 for Video Intercom,1650,EGP
1030,Motorola Wireless Phone,376,EGP
1031,LG V35 ThinQ,to,Price
1032,Xiaomi Redmi Note 4X,2899,EGP
1033,Samsung Marvel,899,EGP
1034,Samsung Galaxy S9 Active,to,Price
1035,Alcatel OneTouch Flash 2,to,Price
1036,Huawei Ascend D8,to,Price
1037,Lenovo Moto M,to,Price
1038,Asus Zenfone 3 Zoom,to,Price
1039,Sony Xperia XZs,to,Price
1040,Coolpad 3632,to,Price
1041,Huawei Honor 6C,to,Price
1042,Xiaomi Mi Note 3,to,Price
1043,Vivo X20,to,Price
1044,Sony The Witcher 3 Game of the Year Edition (PS4),749,EGP
1045,Vivo Xplay 7,to,Price
1046,Alcatel Phone T07,220,EGP
1047,Alcatel Phone T02,150,EGP
1048,Alcatel Tempories Retro Phone,380,EGP
1049,Motorola Moto E5,to,Price
1050,"Nokia 8 Dual SIM, 64GB, 4GB RAM, 4G LTE, Copper",5099,EGP
1051,"LAVA Prime Dual SIM, 32MB, 2G, Black",399,EGP
1052,Samsung Galaxy J2 Pro (2019),to,Price
1053,Huawei Enjoy 6,to,Price
1054,Xiaomi Redmi Note 2,to,Price
1055,Asus Zenfone Max 2016,to,Price
1056,Samsung Galaxy Core Mini 4g,to,Price
1057,Lenovo Vibe X2 Pro,to,Price
1058,Vivo V5,to,Price
1059,Asus Zenfone AR,to,Price
1060,Motorola Moto G5 Plus,to,Price
1061,Samsung Galaxy Xcover 4,to,Price
1062,LG K20 V,to,Price
1063,LG K20 Plus,to,Price
1064,Samsung Galaxy On7 Pro,to,Price
1065,Nokia 917,2099,EGP
1066,Moto Z2 Play,to,Price
1067,Vivo V5 Plus,to,Price
1068,LG Harmony,to,Price
1069,Samsung VCC5450V3R Compact Vaccum Cleaner - 1800 W,1888,EGP
1070,Nokia E1,to,Price
1071,Alcatel Idol 5,to,Price
1072,Huawei G10,to,Price
1073,Sony Battlefield Hardline PS3,1053,EGP
1074,Sony Mafia III (PS4) - Family Kick-Back Bonus,599,EGP
1075,Motorola T312 Cordless Phone with Dual Handset,745,EGP
1076,Kocom Audio Intercom 1 Line 220V,390,EGP
1077,"kocom Video Intercom 7"" 1 Line",3005,EGP
1078,Motorola Moto X5,to,Price
1079,Motorola Moto G6 Play,to,Price
1080,Asus Zenfone 5 Lite,to,Price
1081,ZTE nubia Z18 mini,to,Price
1082,Samsung 55 Inch 4K Ultra HD Smart Curved QLED TV - QA55Q7CAM,39999,EGP
1083,"Infinix Hot 6 Pro X608 Dual SIM, 32GB, 3GB RAM, 4G LTE, Black",2789,EGP
1084,"Samsung Galaxy Note 8 Clear View Standing Cover, Black",899,EGP
1085,"LAVA Z61 Dual SIM, 16GB, 2GB RAM, 4G LTE, Black",1649,EGP
1086,ZTE nubia Z18s,to,Price
1087,Landline Alcatel T28 Phone,210,EGP
1088,Xperia XA2 Ultra Gold,6849,EGP
1089,Samsung Z,to,Price
1090,LG G Vista,to,Price
1091,ZTE Nubia Z9 Max,to,Price
1092,ZTE Nubia Z9 Mini,to,Price
1093,Elephone P7000,to,Price
1094,Meizu M1 Note,to,Price
1095,Alcatel Plus 10,to,Price
1096,HTC Bolt,to,Price
1097,Xiaomi Redmi 3S Plus,to,Price
1098,Motorola Moto X 2014,to,Price
1099,Alcatel Idol 4 Pro,to,Price
1100,Moto G4 Play,to,Price
1101,Sony Xperia X Premium,to,Price
1102,Blackberry DTEK50 Neon,to,Price
1103,Asus Padfone X,to,Price
1104,Samsung Galaxy On5,to,Price
1105,Vivo X9,to,Price
1106,Nokia 917,2099,EGP
1107,Meizu Pro 6 Plus,to,Price
1108,Xiaomi Mi 5c,to,Price
1109,Alcatel A3 XL,to,Price
1110,ZTE Blade V8,to,Price
1111,Xiaomi Mix Evo,to,Price
1112,BlackBerry Mercury,to,Price
1113,test,to,Price
1114,Asus Zenfone Live,to,Price
1115,ZTE Blade V8 Mini,to,Price
1116,ZTE Blade V8 Lite,to,Price
1117,HTC 11,to,Price
1118,LeEco Le 2s,to,Price
1119,Meizu Pro 7,to,Price
1120,Samsung Galaxy J7 V,to,Price
1121,Xiaomi Mi 6 Plus,to,Price
1122,LG G6 Mini,to,Price
1123,LG Stylo 3 Plus,to,Price
1124,Vivo X9s Plus,to,Price
1125,Asus Zenfone 4 Pro,to,Price
1126,Sharp Aquos S2,to,Price
1127,Yota YotaPhone 3,to,Price
1128,Sony Xperia X Ultra,to,Price
1129,ZTE Z986,to,Price
1130,Lenovo K8 Plus,to,Price
1131,Meizu M6,to,Price
1132,Samsung J250G,to,Price
1133,Sony PlayStation Plus Card 3 month - US Store,540,EGP
1134,Sony FIFA 15 -Middle East Edition - Arabic - Playstation 3,1069,EGP
1135,Sony FIFA 16 (PS3) - Arabic,900,EGP
1136,Sony Sniper Elite 3,881,EGP
1137,Sony Ninja Gaiden 3,464,EGP
1138,Sony Thief (PS3),648,EGP
1139,Sony One Piece Pirate Warriors 3 - PS3,896,EGP
1140,Sony One Piece: Unlimited World Red - PlayStation 3,1161,EGP
1141,Sony Disney Sing It: Family Hits - Playstation 3,720,EGP
1142,Sony 2K Essentials Collection - PlayStation 3,900,EGP
1143,Micromax Canvas Infinity Pro,to,Price
1144,MOTOROLA CT1,260,EGP
1145,EAGLE Phone,380,EGP
1146,Outdoor HD camera 1 Megapixel,320,EGP
1147,Nokia 917,2099,EGP
1148,AHD KIT 8CH with four HD outdoor camera 1 Megapixel,2875,EGP
1149,AHD KIT 4CH with two HD outdoor camera 1 Megapixel,1670,EGP
1150,Indoor HD camera 1 Megapixel,460,EGP
1151,Outdoor HD camera 2.8 12mm Manual VF Lens 1 Megapixel,750,EGP
1152,Outdoor HD camera 2 Megapixels,505,EGP
1153,Baby Monitor link 160,965,EGP
1154,Motion Sensor,790,EGP
1155,Touch Key Digital Door lock KDL-T1,1785,EGP
1156,test product,to,Price
1157,Sony Xperia H8541,to,Price
1158,ZTE Blade V9,to,Price
1159,camera module 1 line for video intercom,1029,EGP
1160,kocom video intercom 1 Line,2530,EGP
1161,Kocom Screen 7 for Video Intercom,2019,EGP
1162,Motorola Phone,295,EGP
1163,ZTE Axon 9,to,Price
1164,Nokia 2018,to,Price
1165,Infinix Hot Note X5010,1555,EGP
1166,Samsung Galaxy A8 2018,8999,EGP
1167,"Lava A1 Dual Sim, 16 GB, 4G, LTE - Black",2199,EGP
1168,"Lava A1 Dual Sim, 16 GB, 3GB RAM, 4G LTE - Gold",2199,EGP
1169,Huawei P10 Blue,11095,EGP
1170,"Samsung Galaxy J7 2016 Battery, 3300mAh - EB-BJ710CBE",450,EGP
1171,Samsung Galaxy Tab Advanced2,to,Price
1172,Samsung Battery For Samsung Galaxy Note 3,499,EGP
1173,"Samsung S4 Mini Battery, 1900mAh",250,EGP
1174,"Samsung Protective Standing Cover For Samsung Galaxy Note 9, Brown",1299,EGP
1175,"Samsung Flip Cover For Samsung Galaxy Note 9, Brown EF-WN960LAEGWW",1299,EGP
1176,"Samsung Flip Cover For Samsung Galaxy Note 9, Black - EF-WN960LBEGWW",1299,EGP
1177,"Lava Z61 Black, Full View Display, 1GB+16GB",1649,EGP
1178,LAVA Z61 Gold,1649,EGP
1179,SAMSUNGJ415FGALAXYJ4+ 32GB-BLACK,2499,EGP
1180,Innjoo Max,3800,EGP
1181,POWER BANK 10000 M AMP. CAPACITY WELL DESIGNED CAN CHARGE TOW MOBILES AT ONE TIME,220,EGP
1182,Innjoo T2 4G tablet,1300,EGP
1183,Innjoo 4,2999,EGP
1184,Lenovo PHAB2,2999,EGP
1185,Alcatel T56 Home Phone,330,EGP
1186,Kocom 2 internal communication headset with battery,352,EGP
1187,Baby link 510,2300,EGP
1188,Nokia 917,2099,EGP
1189,Xperia XA1 Plus G3412 Gold,3777,EGP
1190,Microsoft Lumia 2018,899,EGP
1191,"IKU F5 FEATURE PHONE 2.8 inch 32MB 1150MAH DS, BLACK",425,EGP
1192,"IKU F5 FEATURE PHONE 2.8 inch 32MB 1150MAH DS, GOLD",425,EGP
1193,IKU FX Feature Phone 1.77 inch 32MB 600MAH DS B+Red,190,EGP
1194,IKU FX Feature Phone 1.77 inch 32MB 600MAH DS B+White,190,EGP
1195,"IKU F5 FEATURE PHONE 2.8 inch 32MB 1150MAH DS, GRAY",425,EGP
1196,IKU FX Feature Phone 1.77 inch 32MB 600MAH DS B+Blue,190,EGP
1197,IKU FX Feature Phone 1.77 inch 32MB 600MAH DS B+Grey,190,EGP
1198,"IKU F5 FEATURE PHONE 2.8 inch 32MB 1150MAH DS, MOCHA BROWN",425,EGP
1199,IKU FX Feature Phone 1.77 inch 32MB 600MAH DS B+Yellow,190,EGP
1200,Wiko View,4199,EGP
1201,Nokia 130 DS,449,EGP
1202,"IKU F2 Feature Phone 1.77 inch 32MB 800MAH DS, White",222,EGP
1203,"IKU F2 Feature Phone 1.77 inch 32MB 800MAH DS, Blue",222,EGP
1204,Huawei Mate 30000,to,Price
1205,Huawei Mate 300050,to,Price
1206,Huawei Honor Play,5444,EGP
1207,"Infinix S3 X573B Dual SIM, 64GB, 4GB RAM, 4G LTE - Red",2799,EGP
1208,"Sico Nile X Dual SIM - 64GB, 4GB RAM, 4G LTE - Blue",2099,EGP
1209,Huawei Nova 3,7999,EGP
1210,Sony DualShock 3 Wireless Controller,225,EGP
1211,Lenovo A7000,500,EGP
1212,Sony Bravia LED TV with Android 65 Inch 4K Ultra HD with 3 USB & 4 HDMI 65X7500D,32619,EGP
1213,Samsung Galaxy Ace,200,EGP
1214,Samsung موبايل جالاكسى جراند برايم بلس - 5.0 بوصة - يدعم 4G - فضى,1450,EGP
1215,Huawei Mate 9,5999,EGP
1216,Oppo F1s,3999,EGP
1217,Sony Xperia X Compact,2750,EGP
1218,Lenovo Vibe K4 Note,2699,EGP
1219,Samsung J7 Pro 64GB 3GB -Silver,3777,EGP
1220,Sony Xperia M4 Aqua,1799,EGP
1221,Xiaomi Redmi 4A,1899,EGP
1222,Honor 8X,4888,EGP
1223,Lenovo Golden Warrior A8,85,EGP
1224,HTC Hima One M9,5799,EGP
1225,Huawei Y7,1524,EGP
1226,"Energizer E10 Plus Dual SIM, 32MB, 2G, Black",249,EGP
1227,"LAVA Z61 Dual SIM, 16GB, 2GB RAM, 4G LTE, Gold",1649,EGP
1228,"Energizer E11 Dual SIM, 32MB, 2G, Black",289,EGP
1229,Nokia 917,2099,EGP
1230,Sony Xperia C4 Dual Sim,1799,EGP
1231,"Samsung protective Standing Cover For Samsung Galaxy Note 9, Silver",999,EGP
1232,Samsung J7 Pro 64GB 3GB -Black,4777,EGP
1233,"LAVA Prime Dual SIM, 32MB, 2G, Gold",399,EGP
1234,Xiaomi Redmi Note 3,2777,EGP
1235,"Huawei Y6 II Dual SIM, 16GB , 2GB RAM, 4G LTE, Gold",1899,EGP
1236,Samsung Galaxy J,900,EGP
1237,Sony Little Big Planet 3 - Playstation 4,1085,EGP
1238,"Infinix Hot 6 Pro X608 Dual SIM, 32GB, 3GB RAM, 4G LTE, Gold",2789,EGP
1239,Samsung S Wireless Charger Pad - White,200,EGP
1240,"Huawei Y6 II Dual SIM, 16GB , 2GB RAM, 4G LTE, Black",2599,EGP
1241,"Huawei Y5 II Dual Sim, 8 GB, 1GB RAM, 3G - Gold",2039,EGP
1242,"Huawei Y6 Mobile , WHITE",2285,EGP
1243,Sony Plants Vs Zombies Garden Warfare (PS3),1080,EGP
1244,Sony The LEGO Movie: Videogame (PS3),936,EGP
1245,Sony Dynasty Warriors Gundam Reborn (PS3),1152,EGP
1246,Sony Warriors Orochi 3,972,EGP
1247,Sony Warriors: Legends of Troy - Playstation 3,653,EGP
1248,Sony WWE All Stars - R 3,985,EGP
1249,Sony Naruto Shippuden Ultimate Ninja Storm 3,1114,EGP
1250,Sony Naruto Shippuden: Ultimate Ninja Storm Revolution - Samnurai Edition - Playstation 3,2695,EGP
1251,Sony Naruto Shippuden: Ultimate Ninja Storm Revolution - Standard Edition - Playstation 3,1080,EGP
1252,Sony Naruto Shippuden: Ultimate Storm 3 Full Burst - Playstation 3 - Region 2,900,EGP
1253,Sony Dragonball XenoVerse - Playstation 3,900,EGP
1254,Sony Mass Effect 3,1011,EGP
1255,Sony Castlevania: Lords of Shadow Collection (PS3),900,EGP
1256,Sony Max Payne 3,486,EGP
1257,Sony Ninja Gaiden 3: Razors Edge,972,EGP
1258,Sony Drakengard 3 - PlayStation 3,1080,EGP
1259,Sony Tales of Symphonia Chronicles - Playstation 3,1080,EGP
1260,Sony The Witch and the Hundred Knight (PS3),990,EGP
1261,Sony UFC: Undisputed 3,790,EGP
1262,Sony Ultimate Marvel vs Capcom 3,726,EGP
1263,Sony The Saboteur - Playstation 3,1080,EGP
1264,Sony WWE 2K15 - Playstation 3,810,EGP
1265,Sony WWE 2K16 (PS3),810,EGP
1266,Sony Resistance 3 and Battle Los Angeles Bluray movie Great Value,1088,EGP
1267,Sony Assassin's Creed 3,509,EGP
1268,Sony PlayStation All-Stars Battle Royale - Cross Buy version ( PS3 & PS Vita ),1024,EGP
1269,Sony The Borderlands 2 & Dishonored Bundle - PlayStation 3,990,EGP
1270,Nokia 917,2099,EGP
1271,Sony Diablo III: Reaper of Souls - Ultimate Evil Edition,599,EGP
1272,Sony Uncharted 3: Drake's Deception,1296,EGP
1273,Sony Uncharted 3: Drake's Deception - Game Of The Year Edition,1296,EGP
1274,Sony God of War III,648,EGP
1275,Sony Yakuza 3,972,EGP
1276,Sony 2K Power Pack Collection - ( The Darkness II - Bioshock 2 - Mafia II ) PlayStation 3,900,EGP
1277,Sony Dead Space 3,458,EGP
1278,Sony Marvel vs Capcom 3,648,EGP
1279,Sony Lost Planet 3,463,EGP
1280,Sony Killzone 3,466,EGP
1281,Sony Mafia III Deluxe Edition - PlayStation 4,720,EGP
1282,Sony Sniper: Ghost Warrior 3 Season Pass Edition (PS4),999,EGP
1283,Sony WARRIORS OROCHI 3 Ultimate - PlayStation 4,1080,EGP
1284,Sony Witcher 3: Wild Hunt Complete Edition - PlayStation 4 Complete Edition,720,EGP
1285,Sony Pro Evolution Soccer 2016 Day 1 Edition (PS3),720,EGP
1286,Sony UFC 3 (PS4),1080,EGP
1287,"LAVA P100 Dual Sim, 24MB, 2G, White Grey",199,EGP
1288,Samsung Battery For Samsung Galaxy J7,399,EGP
1289,Infinix Note 4 Pro,1999,EGP
1290,Samsung S9 plus 64 GB G965F-Gray,13899,EGP
1291,"Freetel Mobile ICE 3, 8 GB, 1GB Ram. 4G LTE, White",799,EGP
1292,Freetel Mobile ICE 3 Black,799,EGP
1293,FreeTel Mobile Priori 4 Black,999,EGP
1294,"Samsung S9 plus Dual Sim, 64 GB, 6GB RAM, 4G LTE, Purple",13899,EGP
1295,"LAVA P181 Dual SIM, 24MB, 2G, Black Red",249,EGP
1296,"LAVA P181 Dual SIM, 24MB, 2G, White Grey",249,EGP
1297,Huawei Honor 7A Pro,2599,EGP
1298,"LAVA P240 Dual SIM, 32MB, 2G, Champagne Gold",299,EGP
1299,"Samsung Stylus Pen for Samsung Galaxy Note 5, Gold",499,EGP
1300,Samsung Battery For Samsung Galaxy Note 4,550,EGP
1301,Lava P280 - 2.8-inch Dual SIM Mobile Phone - Brown,449,EGP
1302,"Samsung Sony External Hard Disk Drive, 500GB, USB 3.0, Black - HD-EG5 BO2",495,EGP
1303,Infinix Note 4,1999,EGP
1304,"IKU F2 Feature Phone 1.77 inch 32MB 800MAH DS, Black",222,EGP
1305,HTC Desire 10,2749,EGP
1306,Motorola Moto G5s Plus,4349,EGP
1307,"WIKO HARRY 4G SMARTPHONE, ANTHRACITE",1999,EGP
1308,"Wiko UPULSE Smartphone DS 32GB, Black",2399,EGP
1309,"Tecno Camon C9 Smartphone, Elegant Blue",2899,EGP
1310,HTC 8X,3914,EGP
1311,Nokia 917,2099,EGP
1312,HTC One M9 Plus,7212,EGP
1313,HTC DESIRE 626G plus,2269,EGP
1314,HTC Desire 820,3026,EGP
1315,"HTC 99HAHP021-00 X9 Dual SIM smartphone , Carbon Grey",4999,EGP
1316,"HTC 99HAHP022-00 DualSIM smartphone , opal silver",4999,EGP
1317,HTC One,4999,EGP
1318,HTC DESIRE 310 DUAL SIM - BLUE,828,EGP
1319,HTC DESIRE 310 DUAL SIM -WHITE,828,EGP
1320,HTC Desire 516,1968,EGP
1321,HTC Desire 616,1657,EGP
1322,HTC Desire 620G,2219,EGP
1323,HTC Desire 816,2089,EGP
1324,HTC Desire 820 Dual Sim,3227,EGP
1325,HTC Desire Eye,15000,EGP
1326,HTC One E8,1917,EGP
1327,HTC One M7,3108,EGP
1328,HTC One M8,4300,EGP
1329,Huawei Ascend G630,777,EGP
1330,Huawei Ascend G7,2694,EGP
1331,Huawei Ascend Y330,621,EGP
1332,Huawei Ascend Y520,828,EGP
1333,Huawei Honor 4c,1657,EGP
1334,Huawei Ascend G6,1761,EGP
1335,Huawei Ascend G610,1346,EGP
1336,Huawei Ascend G730,1450,EGP
1337,Huawei Ascend Mate 7,4144,EGP
1338,Huawei Ascend P6,2797,EGP
1339,Huawei Ascend P7,3420,EGP
1340,Huawei Ascend Y221,517,EGP
1341,Huawei Ascend Y320,724,EGP
1342,Huawei Ascend Y600 Dual sim,932,EGP
1343,Huawei Honor 3C lite Dual SIM,1346,EGP
1344,Huawei Honor 6,3419,EGP
1345,Huawei P9 Lite,3850,EGP
1346,HUAWEI MOBILE Y3C II GOLD,1515,EGP
1347,HUAWEI MOBILE Y6 II GOLD,3059,EGP
1348,Huawei Mate 8,10390,EGP
1349,"Huawei P10 VTR-L29 Android Smartphone Dual SIM, 4G, Dazzling Blue, EMUI 5.1",11095,EGP
1350,"Huawei P10 VTR-L29 Android Smartphone Dual SIM, 4G, Graphite Black, EMUI 5.1",11095,EGP
1351,"Huawei P10 VTR-L29 Android Smartphone Dual SIM, 4G, Prestige Gold, EMUI 5.1",11095,EGP
1352,Nokia 917,2099,EGP
1353,Huawei P8 Lite,1968,EGP
1354,HUAWEI Y3 II MOBILE 4G GOLD,1775,EGP
1355,HUAWEI Y3 II MOBILE 4G WHITE,1775,EGP
1356,HUAWEI Y5 II MOBILE 4G BLACK,2039,EGP
1357,HUAWEI Y5 II MOBILE 4G GOLD,2039,EGP
1358,HUAWEI Y5 II SMART PHONE DUAL SIM GOLD 3G,1879,EGP
1359,HUAWEI Y6 II MOBILE BLACK,3059,EGP
1360,"Huawei Y6 Mobile , Black",2285,EGP
1361,Huawei Y6 pro,2940,EGP
1362,Huawei Y7 Prime 2017,3199,EGP
1363,Nokia 917,2099,EGP
